draw_date,draw_time,actual_pick3,actual_fireball,regime,struct_weight,top4,hits_in_top4,any_hit,hit_2plus
2010-04-14,EVENING,870,,0,0.02,0123,1,1,0
2010-04-15,MIDDAY,008,5,0,0.02,0178,2,1,1
2010-04-15,EVENING,265,8,2,0.09,0578,2,1,1
2010-04-16,MIDDAY,016,0,2,0.09,0258,1,1,0
2010-04-16,EVENING,221,2,1,0.05,0568,0,0,0
2010-04-17,MIDDAY,454,0,1,0.05,0568,2,1,1
2010-04-17,EVENING,519,2,0,0.02,0158,2,1,1
2010-04-18,MIDDAY,150,4,1,0.05,0125,3,1,1
2010-04-18,EVENING,978,5,2,0.09,0125,1,1,0
2010-04-19,MIDDAY,809,1,1,0.05,0158,3,1,1
2010-04-19,EVENING,191,9,2,0.09,0158,1,1,0
2010-04-20,MIDDAY,643,8,2,0.09,0158,1,1,0
2010-04-20,EVENING,467,1,0,0.02,0158,1,1,0
2010-04-21,MIDDAY,948,6,2,0.09,0158,1,1,0
2010-04-21,EVENING,535,4,2,0.09,0158,1,1,0
2010-04-22,MIDDAY,398,9,1,0.05,1458,1,1,0
2010-04-22,EVENING,529,5,1,0.05,1589,2,1,1
2010-04-23,MIDDAY,880,3,1,0.05,1589,1,1,0
2010-04-23,EVENING,087,5,0,0.02,1589,2,1,1
2010-04-24,MIDDAY,569,8,2,0.09,0589,3,1,1
2010-04-24,EVENING,561,0,2,0.09,0589,2,1,1
2010-04-25,MIDDAY,348,5,2,0.09,0589,2,1,1
2010-04-25,EVENING,679,5,1,0.05,0589,2,1,1
2010-04-26,MIDDAY,226,3,1,0.05,0589,0,0,0
2010-04-26,EVENING,372,6,1,0.05,5689,1,1,0
2010-04-27,MIDDAY,471,2,3,0.04,0568,0,0,0
2010-04-27,EVENING,072,3,2,0.09,5689,0,0,0
2010-04-28,MIDDAY,474,4,2,0.09,0568,0,0,0
2010-04-28,EVENING,241,0,1,0.05,4568,1,1,0
2010-04-29,MIDDAY,735,4,1,0.05,1458,2,1,1
2010-04-29,EVENING,936,2,1,0.05,4578,0,0,0
2010-04-30,MIDDAY,029,7,1,0.05,3456,0,0,0
2010-04-30,EVENING,744,9,2,0.09,4579,3,1,1
2010-05-01,MIDDAY,022,0,2,0.09,4579,0,0,0
2010-05-01,EVENING,058,7,0,0.02,2479,1,1,0
2010-05-02,MIDDAY,868,0,1,0.05,2457,0,0,0
2010-05-02,EVENING,041,0,2,0.09,0457,2,1,1
2010-05-03,MIDDAY,862,8,1,0.05,0457,0,0,0
2010-05-03,EVENING,119,0,0,0.02,0278,1,1,0
2010-05-04,MIDDAY,578,8,0,0.02,0257,2,1,1
2010-05-04,EVENING,912,1,0,0.02,0278,1,1,0
2010-05-05,MIDDAY,394,5,0,0.02,0257,1,1,0
2010-05-05,EVENING,004,9,1,0.05,0257,1,1,0
2010-05-06,MIDDAY,054,3,2,0.09,0579,2,1,1
2010-05-06,EVENING,581,0,2,0.09,0459,2,1,1
2010-05-07,MIDDAY,352,0,2,0.09,0245,3,1,1
2010-05-07,EVENING,834,5,2,0.09,0245,2,1,1
2010-05-08,MIDDAY,458,3,2,0.09,0245,2,1,1
2010-05-08,EVENING,733,8,4,0.08,0124,0,0,0
2010-05-09,MIDDAY,985,4,2,0.09,0345,2,1,1
2010-05-09,EVENING,037,7,1,0.05,0458,1,1,0
2010-05-10,MIDDAY,399,9,0,0.02,0345,1,1,0
2010-05-10,EVENING,833,0,1,0.05,0345,2,1,1
2010-05-11,MIDDAY,391,3,1,0.05,0358,1,1,0
2010-05-11,EVENING,646,8,1,0.05,0358,1,1,0
2010-05-12,MIDDAY,122,3,0,0.02,0358,1,1,0
2010-05-12,EVENING,346,6,0,0.02,0348,2,1,1
2010-05-13,MIDDAY,766,1,1,0.05,0348,0,0,0
2010-05-13,EVENING,626,3,1,0.05,0348,1,1,0
2010-05-14,MIDDAY,740,7,1,0.05,0348,2,1,1
2010-05-14,EVENING,501,6,0,0.02,0348,1,1,0
2010-05-15,MIDDAY,959,7,1,0.05,0348,0,0,0
2010-05-15,EVENING,312,5,1,0.05,0345,2,1,1
2010-05-16,MIDDAY,055,9,1,0.05,0345,2,1,1
2010-05-16,EVENING,463,3,1,0.05,0345,2,1,1
2010-05-17,MIDDAY,531,0,0,0.02,0345,3,1,1
2010-05-17,EVENING,840,4,1,0.05,0345,2,1,1
2010-05-18,MIDDAY,671,5,1,0.05,0345,1,1,0
2010-05-18,EVENING,884,8,0,0.02,0345,1,1,0
2010-05-19,MIDDAY,627,6,0,0.02,0345,0,0,0
2010-05-19,EVENING,481,8,0,0.02,0345,1,1,0
2010-05-20,MIDDAY,373,6,0,0.02,0345,1,1,0
2010-05-20,EVENING,651,4,0,0.02,3456,3,1,1
2010-05-21,MIDDAY,791,3,1,0.05,1346,2,1,1
2010-05-21,EVENING,168,6,1,0.05,1346,2,1,1
2010-05-22,MIDDAY,153,7,1,0.05,1346,2,1,1
2010-05-22,EVENING,097,1,1,0.05,1346,1,1,0
2010-05-23,MIDDAY,201,1,2,0.09,1367,1,1,0
2010-05-23,EVENING,857,0,2,0.09,1367,1,1,0
2010-05-24,MIDDAY,693,2,1,0.05,1357,1,1,0
2010-05-24,EVENING,576,8,0,0.02,1367,2,1,1
2010-05-25,MIDDAY,936,6,1,0.05,1567,1,1,0
2010-05-25,EVENING,812,5,1,0.05,1367,1,1,0
2010-05-26,MIDDAY,713,9,0,0.02,1356,2,1,1
2010-05-26,EVENING,427,8,1,0.05,1357,1,1,0
2010-05-27,MIDDAY,940,7,1,0.05,1357,1,1,0
2010-05-27,EVENING,644,4,2,0.09,1357,0,0,0
2010-05-28,MIDDAY,511,9,1,0.05,1367,1,1,0
2010-05-28,EVENING,440,6,0,0.02,1567,1,1,0
2010-05-29,MIDDAY,467,5,0,0.02,1467,3,1,1
2010-05-29,EVENING,528,4,2,0.09,1467,1,1,0
2010-05-30,MIDDAY,193,4,2,0.09,4567,1,1,0
2010-05-30,EVENING,552,5,1,0.05,1467,0,0,0
2010-05-31,MIDDAY,755,1,0,0.02,1457,3,1,1
2010-05-31,EVENING,334,5,1,0.05,1457,2,1,1
2010-06-01,MIDDAY,441,7,1,0.05,1457,3,1,1
2010-06-01,EVENING,357,3,1,0.05,1457,2,1,1
2010-06-02,MIDDAY,290,4,1,0.05,1457,1,1,0
2010-06-02,EVENING,327,3,0,0.02,1457,1,1,0
2010-06-03,MIDDAY,632,2,1,0.05,1457,0,0,0
2010-06-03,EVENING,777,3,2,0.09,3457,2,1,1
2010-06-04,MIDDAY,425,6,1,0.05,3457,2,1,1
2010-06-04,EVENING,570,7,0,0.02,3457,2,1,1
2010-06-05,MIDDAY,512,4,1,0.05,3457,2,1,1
2010-06-05,EVENING,998,5,1,0.05,3457,1,1,0
2010-06-06,MIDDAY,618,5,1,0.05,2457,1,1,0
2010-06-06,EVENING,873,9,2,0.09,2457,1,1,0
2010-06-07,MIDDAY,256,6,1,0.05,2457,2,1,1
2010-06-07,EVENING,310,8,0,0.02,2457,0,0,0
2010-06-08,MIDDAY,471,2,0,0.02,3457,2,1,1
2010-06-08,EVENING,812,3,1,0.05,1457,1,1,0
2010-06-09,MIDDAY,235,4,2,0.09,1245,3,1,1
2010-06-09,EVENING,150,8,2,0.09,1245,2,1,1
2010-06-10,MIDDAY,097,2,1,0.05,1245,1,1,0
2010-06-10,EVENING,017,1,1,0.05,1257,2,1,1
2010-06-11,MIDDAY,161,0,2,0.09,1257,1,1,0
2010-06-11,EVENING,761,0,2,0.09,1257,2,1,1
2010-06-12,MIDDAY,263,1,3,0.04,1257,2,1,1
2010-06-12,EVENING,253,7,2,0.09,1257,3,1,1
2010-06-13,MIDDAY,790,2,2,0.09,1257,2,1,1
2010-06-13,EVENING,777,2,2,0.09,1257,2,1,1
2010-06-14,MIDDAY,619,7,2,0.09,1257,2,1,1
2010-06-14,EVENING,921,7,1,0.05,1257,3,1,1
2010-06-15,MIDDAY,463,6,3,0.04,0127,0,0,0
2010-06-15,EVENING,885,9,0,0.02,1267,0,0,0
2010-06-16,MIDDAY,091,4,0,0.02,1257,1,1,0
2010-06-16,EVENING,419,8,1,0.05,1257,1,1,0
2010-06-17,MIDDAY,791,0,3,0.04,1257,2,1,1
2010-06-17,EVENING,022,4,2,0.09,1279,1,1,0
2010-06-18,MIDDAY,071,7,1,0.05,1279,2,1,1
2010-06-18,EVENING,249,0,1,0.05,0127,2,1,1
2010-06-19,MIDDAY,319,0,1,0.05,0127,2,1,1
2010-06-19,EVENING,655,2,2,0.09,0127,1,1,0
2010-06-20,MIDDAY,192,3,0,0.02,0127,2,1,1
2010-06-20,EVENING,660,6,1,0.05,0129,1,1,0
2010-06-21,MIDDAY,285,1,0,0.02,0129,2,1,1
2010-06-21,EVENING,709,6,0,0.02,0129,2,1,1
2010-06-22,MIDDAY,645,2,0,0.02,0129,1,1,0
2010-06-22,EVENING,121,7,1,0.05,0129,2,1,1
2010-06-23,MIDDAY,668,6,1,0.05,0127,0,0,0
2010-06-23,EVENING,412,1,0,0.02,0129,2,1,1
2010-06-24,MIDDAY,790,6,0,0.02,1279,2,1,1
2010-06-24,EVENING,428,4,0,0.02,1279,1,1,0
2010-06-25,MIDDAY,210,7,0,0.02,1279,3,1,1
2010-06-25,EVENING,561,4,1,0.05,0127,1,1,0
2010-06-26,MIDDAY,318,2,1,0.05,0127,2,1,1
2010-06-26,EVENING,257,5,1,0.05,0126,1,1,0
2010-06-27,MIDDAY,246,3,1,0.05,0127,1,1,0
2010-06-27,EVENING,790,2,1,0.05,0126,2,1,1
2010-06-28,MIDDAY,702,2,1,0.05,0127,3,1,1
2010-06-28,EVENING,946,7,3,0.04,0124,1,1,0
2010-06-29,MIDDAY,701,7,1,0.05,0127,3,1,1
2010-06-29,EVENING,055,9,1,0.05,0127,1,1,0
2010-06-30,MIDDAY,595,7,1,0.05,0127,1,1,0
2010-06-30,EVENING,250,0,2,0.09,0127,2,1,1
2010-07-01,MIDDAY,982,5,1,0.05,0127,1,1,0
2010-07-01,EVENING,492,2,2,0.09,0279,2,1,1
2010-07-02,MIDDAY,228,9,2,0.09,0279,2,1,1
2010-07-02,EVENING,690,4,2,0.09,0279,2,1,1
2010-07-03,MIDDAY,312,2,1,0.05,0279,1,1,0
2010-07-03,EVENING,661,6,0,0.02,0279,0,0,0
2010-07-04,MIDDAY,997,3,1,0.05,0279,2,1,1
2010-07-04,EVENING,343,6,0,0.02,0279,0,0,0
2010-07-05,MIDDAY,620,9,1,0.05,1279,2,1,1
2010-07-05,EVENING,721,3,1,0.05,0269,1,1,0
2010-07-06,MIDDAY,224,6,1,0.05,0279,1,1,0
2010-07-06,EVENING,887,7,1,0.05,2679,1,1,0
2010-07-07,MIDDAY,531,2,0,0.02,2679,1,1,0
2010-07-07,EVENING,288,8,0,0.02,1279,1,1,0
2010-07-08,MIDDAY,310,5,1,0.05,1279,1,1,0
2010-07-08,EVENING,193,2,0,0.02,1279,3,1,1
2010-07-09,MIDDAY,540,3,2,0.09,1279,0,0,0
2010-07-09,EVENING,408,1,1,0.05,0239,1,1,0
2010-07-10,MIDDAY,339,5,2,0.09,0129,1,1,0
2010-07-10,EVENING,541,4,0,0.02,0129,1,1,0
2010-07-11,MIDDAY,129,3,1,0.05,1259,3,1,1
2010-07-11,EVENING,831,5,1,0.05,1239,2,1,1
2010-07-12,MIDDAY,867,1,2,0.09,1239,1,1,0
2010-07-12,EVENING,808,8,2,0.09,1239,0,0,0
2010-07-13,MIDDAY,202,8,1,0.05,1239,1,1,0
2010-07-13,EVENING,049,8,2,0.09,1239,1,1,0
2010-07-14,MIDDAY,556,2,2,0.09,0123,1,1,0
2010-07-14,EVENING,495,0,0,0.02,1238,0,0,0
2010-07-15,MIDDAY,566,5,1,0.05,0123,0,0,0
2010-07-15,EVENING,009,4,1,0.05,0125,1,1,0
2010-07-16,MIDDAY,073,5,0,0.02,0125,2,1,1
2010-07-16,EVENING,941,0,1,0.05,0235,1,1,0
2010-07-17,MIDDAY,217,0,1,0.05,0125,3,1,1
2010-07-17,EVENING,591,9,2,0.09,0125,2,1,1
2010-07-18,MIDDAY,165,2,1,0.05,0125,3,1,1
2010-07-18,EVENING,782,5,2,0.09,0125,2,1,1
2010-07-19,MIDDAY,621,1,2,0.09,0125,2,1,1
2010-07-19,EVENING,494,7,1,0.05,0125,0,0,0
2010-07-20,MIDDAY,066,6,0,0.02,0125,1,1,0
2010-07-20,EVENING,018,4,0,0.02,0125,2,1,1
2010-07-21,MIDDAY,193,0,1,0.05,0125,2,1,1
2010-07-21,EVENING,395,0,2,0.09,0159,3,1,1
2010-07-22,MIDDAY,705,1,3,0.04,0159,3,1,1
2010-07-22,EVENING,800,3,2,0.09,0159,1,1,0
2010-07-23,MIDDAY,113,7,1,0.05,0159,1,1,0
2010-07-23,EVENING,662,8,1,0.05,0159,0,0,0
2010-07-24,MIDDAY,976,1,0,0.02,0159,2,1,1
2010-07-24,EVENING,759,6,1,0.05,0159,2,1,1
2010-07-25,MIDDAY,523,9,3,0.04,0159,2,1,1
2010-07-25,EVENING,158,7,2,0.09,0159,2,1,1
2010-07-26,MIDDAY,634,5,1,0.05,0159,1,1,0
2010-07-26,EVENING,236,1,1,0.05,0159,1,1,0
2010-07-27,MIDDAY,967,6,2,0.09,0159,1,1,0
2010-07-27,EVENING,850,2,1,0.05,1569,1,1,0
2010-07-28,MIDDAY,307,9,0,0.02,0159,2,1,1
2010-07-28,EVENING,828,8,1,0.05,0159,0,0,0
2010-07-29,MIDDAY,608,3,0,0.02,0159,1,1,0
2010-07-29,EVENING,416,8,1,0.05,0135,1,1,0
2010-07-30,MIDDAY,398,6,2,0.09,1356,2,1,1
2010-07-30,EVENING,605,4,2,0.09,1368,1,1,0
2010-07-31,MIDDAY,014,3,1,0.05,0368,2,1,1
2010-07-31,EVENING,146,6,2,0.09,0136,2,1,1
2010-08-01,MIDDAY,599,0,2,0.09,0136,1,1,0
2010-08-01,EVENING,776,1,0,0.02,0136,2,1,1
2010-08-02,MIDDAY,336,5,0,0.02,0136,2,1,1
2010-08-02,EVENING,391,7,1,0.05,0136,2,1,1
2010-08-03,MIDDAY,940,3,1,0.05,1356,1,1,0
2010-08-03,EVENING,218,3,2,0.09,0136,2,1,1
2010-08-04,MIDDAY,509,9,1,0.05,1369,1,1,0
2010-08-04,EVENING,981,2,0,0.02,1369,2,1,1
2010-08-05,MIDDAY,347,5,1,0.05,1369,1,1,0
2010-08-05,EVENING,068,9,0,0.02,1369,2,1,1
2010-08-06,MIDDAY,044,3,0,0.02,0369,2,1,1
2010-08-06,EVENING,316,0,1,0.05,0369,3,1,1
2010-08-07,MIDDAY,681,0,2,0.09,0136,3,1,1
2010-08-07,EVENING,278,3,3,0.04,0136,1,1,0
2010-08-08,MIDDAY,048,6,1,0.05,0136,2,1,1
2010-08-08,EVENING,487,2,1,0.05,0368,1,1,0
2010-08-09,MIDDAY,566,0,2,0.09,0368,2,1,1
2010-08-09,EVENING,548,4,0,0.02,0368,1,1,0
2010-08-10,MIDDAY,531,5,1,0.05,0368,1,1,0
2010-08-10,EVENING,284,5,1,0.05,0368,1,1,0
2010-08-11,MIDDAY,075,5,1,0.05,0368,1,1,0
2010-08-11,EVENING,144,2,1,0.05,0358,0,0,0
2010-08-12,MIDDAY,394,0,0,0.02,0158,1,1,0
2010-08-12,EVENING,570,1,1,0.05,0348,1,1,0
2010-08-13,MIDDAY,347,3,1,0.05,0135,1,1,0
2010-08-13,EVENING,689,5,1,0.05,0345,1,1,0
2010-08-14,MIDDAY,628,3,0,0.02,0358,2,1,1
2010-08-14,EVENING,980,6,2,0.09,0358,2,1,1
2010-08-15,MIDDAY,311,6,2,0.09,0358,1,1,0
2010-08-15,EVENING,292,9,1,0.05,0368,0,0,0
2010-08-16,MIDDAY,093,3,0,0.02,0368,2,1,1
2010-08-16,EVENING,799,2,1,0.05,0368,0,0,0
2010-08-17,MIDDAY,931,0,1,0.05,0368,2,1,1
2010-08-17,EVENING,890,7,1,0.05,0368,2,1,1
2010-08-18,MIDDAY,459,9,2,0.09,0389,1,1,0
2010-08-18,EVENING,975,8,1,0.05,0389,2,1,1
2010-08-19,MIDDAY,492,4,2,0.09,0389,1,1,0
2010-08-19,EVENING,145,9,1,0.05,0389,1,1,0
2010-08-20,MIDDAY,351,4,2,0.09,0489,1,1,0
2010-08-20,EVENING,200,1,3,0.04,0459,1,1,0
2010-08-21,MIDDAY,769,3,1,0.05,0459,1,1,0
2010-08-21,EVENING,562,2,0,0.02,0359,1,1,0
2010-08-22,MIDDAY,941,7,1,0.05,3459,2,1,1
2010-08-22,EVENING,253,5,0,0.02,3459,2,1,1
2010-08-23,MIDDAY,060,9,0,0.02,3459,1,1,0
2010-08-23,EVENING,897,2,0,0.02,0359,1,1,0
2010-08-24,MIDDAY,832,0,1,0.05,3459,1,1,0
2010-08-24,EVENING,660,8,2,0.09,0239,1,1,0
2010-08-25,MIDDAY,739,8,2,0.09,0239,2,1,1
2010-08-25,EVENING,079,6,1,0.05,0389,2,1,1
2010-08-26,MIDDAY,982,7,2,0.09,0389,2,1,1
2010-08-26,EVENING,183,0,2,0.09,0389,3,1,1
2010-08-27,MIDDAY,367,9,1,0.05,0389,2,1,1
2010-08-27,EVENING,567,1,1,0.05,0389,0,0,0
2010-08-28,MIDDAY,275,3,2,0.09,0789,1,1,0
2010-08-28,EVENING,972,5,2,0.09,3789,2,1,1
2010-08-29,MIDDAY,503,2,3,0.04,2379,2,1,1
2010-08-29,EVENING,247,9,2,0.09,0379,2,1,1
2010-08-30,MIDDAY,580,5,1,0.05,2379,0,0,0
2010-08-30,EVENING,583,2,0,0.02,2579,2,1,1
2010-08-31,MIDDAY,566,5,2,0.09,2579,1,1,0
2010-08-31,EVENING,534,5,1,0.05,2579,1,1,0
2010-09-01,MIDDAY,049,5,1,0.05,2359,2,1,1
2010-09-01,EVENING,290,5,2,0.09,2359,3,1,1
2010-09-02,MIDDAY,996,0,3,0.04,0259,2,1,1
2010-09-02,EVENING,562,2,2,0.09,0259,2,1,1
2010-09-03,MIDDAY,902,9,1,0.05,0259,3,1,1
2010-09-03,EVENING,324,5,1,0.05,0259,2,1,1
2010-09-04,MIDDAY,085,9,1,0.05,0259,3,1,1
2010-09-04,EVENING,004,3,1,0.05,0259,1,1,0
2010-09-05,MIDDAY,195,0,1,0.05,0259,3,1,1
2010-09-05,EVENING,486,0,1,0.05,0259,1,1,0
2010-09-06,MIDDAY,003,1,1,0.05,0259,1,1,0
2010-09-06,EVENING,094,4,1,0.05,0259,2,1,1
2010-09-07,MIDDAY,513,0,1,0.05,0259,2,1,1
2010-09-07,EVENING,178,0,1,0.05,0359,1,1,0
2010-09-08,MIDDAY,598,5,2,0.09,0359,2,1,1
2010-09-08,EVENING,095,1,1,0.05,0359,3,1,1
2010-09-09,MIDDAY,199,5,2,0.09,0359,2,1,1
2010-09-09,EVENING,206,0,3,0.04,0159,1,1,0
2010-09-10,MIDDAY,937,1,0,0.02,0259,1,1,0
2010-09-10,EVENING,482,2,0,0.02,0159,0,0,0
2010-09-11,MIDDAY,722,9,0,0.02,0159,1,1,0
2010-09-11,EVENING,881,4,1,0.05,0259,0,0,0
2010-09-12,MIDDAY,235,7,0,0.02,0159,1,1,0
2010-09-12,EVENING,171,8,0,0.02,0259,0,0,0
2010-09-13,MIDDAY,837,2,1,0.05,0259,1,1,0
2010-09-13,EVENING,812,1,2,0.09,0259,1,1,0
2010-09-14,MIDDAY,865,8,2,0.09,0259,1,1,0
2010-09-14,EVENING,569,8,1,0.05,0258,2,1,1
2010-09-15,MIDDAY,588,8,3,0.04,2589,2,1,1
2010-09-15,EVENING,014,5,2,0.09,0589,2,1,1
2010-09-16,MIDDAY,662,5,1,0.05,0158,1,1,0
2010-09-16,EVENING,488,0,1,0.05,0158,2,1,1
2010-09-17,MIDDAY,667,6,0,0.02,0158,0,0,0
2010-09-17,EVENING,794,4,0,0.02,0158,0,0,0
2010-09-18,MIDDAY,896,6,1,0.05,0589,2,1,1
2010-09-18,EVENING,353,7,1,0.05,0589,1,1,0
2010-09-19,MIDDAY,272,8,0,0.02,5789,2,1,1
2010-09-19,EVENING,807,3,1,0.05,5789,2,1,1
2010-09-20,MIDDAY,217,2,2,0.09,5789,1,1,0
2010-09-20,EVENING,630,8,1,0.05,2578,1,1,0
2010-09-21,MIDDAY,733,2,0,0.02,2578,2,1,1
2010-09-21,EVENING,635,6,1,0.05,2578,1,1,0
2010-09-22,MIDDAY,429,7,1,0.05,2578,2,1,1
2010-09-22,EVENING,821,6,0,0.02,2578,2,1,1
2010-09-23,MIDDAY,407,4,1,0.05,2578,1,1,0
2010-09-23,EVENING,296,8,0,0.02,2578,2,1,1
2010-09-24,MIDDAY,159,4,0,0.02,2578,1,1,0
2010-09-24,EVENING,820,2,1,0.05,2578,2,1,1
2010-09-25,MIDDAY,739,1,0,0.02,2578,1,1,0
2010-09-25,EVENING,848,8,0,0.02,2789,1,1,0
2010-09-26,MIDDAY,230,7,0,0.02,2789,2,1,1
2010-09-26,EVENING,443,8,0,0.02,2789,1,1,0
2010-09-27,MIDDAY,078,2,1,0.05,0278,4,1,1
2010-09-27,EVENING,379,4,1,0.05,0278,1,1,0
2010-09-28,MIDDAY,262,0,1,0.05,0278,2,1,1
2010-09-28,EVENING,851,3,0,0.02,0278,1,1,0
2010-09-29,MIDDAY,518,2,0,0.02,2378,2,1,1
2010-09-29,EVENING,392,8,3,0.04,0278,2,1,1
2010-09-30,MIDDAY,517,5,2,0.09,2378,1,1,0
2010-09-30,EVENING,482,3,0,0.02,2378,3,1,1
2010-10-01,MIDDAY,703,5,0,0.02,2378,2,1,1
2010-10-01,EVENING,851,4,1,0.05,2378,1,1,0
2010-10-02,MIDDAY,137,7,1,0.05,2378,2,1,1
2010-10-02,EVENING,307,8,1,0.05,2378,3,1,1
2010-10-03,MIDDAY,031,1,2,0.09,2378,1,1,0
2010-10-03,EVENING,214,3,2,0.09,2378,2,1,1
2010-10-04,MIDDAY,957,0,2,0.09,2378,1,1,0
2010-10-04,EVENING,513,2,0,0.02,2378,2,1,1
2010-10-05,MIDDAY,925,9,1,0.05,1378,0,0,0
2010-10-05,EVENING,052,5,2,0.09,2378,1,1,0
2010-10-06,MIDDAY,080,9,2,0.09,2358,1,1,0
2010-10-06,EVENING,082,0,1,0.05,2358,2,1,1
2010-10-07,MIDDAY,677,0,2,0.09,0238,1,1,0
2010-10-07,EVENING,561,0,1,0.05,0238,1,1,0
2010-10-08,MIDDAY,646,6,2,0.09,0238,0,0,0
2010-10-08,EVENING,664,5,1,0.05,0258,1,1,0
2010-10-09,MIDDAY,557,6,2,0.09,0258,1,1,0
2010-10-09,EVENING,124,6,2,0.09,0258,1,1,0
2010-10-10,MIDDAY,422,5,1,0.05,0235,2,1,1
2010-10-10,EVENING,097,1,2,0.09,0125,2,1,1
2010-10-11,MIDDAY,197,4,0,0.02,0257,1,1,0
2010-10-11,EVENING,764,0,3,0.04,1257,1,1,0
2010-10-12,MIDDAY,630,1,2,0.09,0157,2,1,1
2010-10-12,EVENING,190,7,2,0.09,0157,3,1,1
2010-10-13,MIDDAY,595,6,2,0.09,0157,1,1,0
2010-10-13,EVENING,885,1,1,0.05,0157,2,1,1
2010-10-14,MIDDAY,437,5,1,0.05,0157,2,1,1
2010-10-14,EVENING,554,8,1,0.05,0157,1,1,0
2010-10-15,MIDDAY,661,4,2,0.09,0157,1,1,0
2010-10-15,EVENING,550,5,1,0.05,0145,2,1,1
2010-10-16,MIDDAY,838,6,0,0.02,0145,0,0,0
2010-10-16,EVENING,817,5,0,0.02,0156,2,1,1
2010-10-17,MIDDAY,245,8,1,0.05,0145,2,1,1
2010-10-17,EVENING,299,8,2,0.09,0145,0,0,0
2010-10-18,MIDDAY,778,2,2,0.09,1458,1,1,0
2010-10-18,EVENING,060,2,2,0.09,1458,0,0,0
2010-10-19,MIDDAY,293,7,1,0.05,4578,1,1,0
2010-10-19,EVENING,769,0,1,0.05,5678,2,1,1
2010-10-20,MIDDAY,884,2,2,0.09,0567,0,0,0
2010-10-20,EVENING,898,7,0,0.02,2578,2,1,1
2010-10-21,MIDDAY,164,8,1,0.05,2578,1,1,0
2010-10-21,EVENING,011,8,1,0.05,4578,1,1,0
2010-10-22,MIDDAY,963,1,2,0.09,1478,1,1,0
2010-10-22,EVENING,307,0,1,0.05,1678,1,1,0
2010-10-23,MIDDAY,004,9,1,0.05,0178,1,1,0
2010-10-23,EVENING,663,3,1,0.05,0178,0,0,0
2010-10-24,MIDDAY,065,0,0,0.02,0678,2,1,1
2010-10-24,EVENING,212,6,1,0.05,0168,2,1,1
2010-10-25,MIDDAY,476,0,1,0.05,0168,2,1,1
2010-10-25,EVENING,065,2,1,0.05,0678,2,1,1
2010-10-26,MIDDAY,405,4,2,0.09,0568,2,1,1
2010-10-26,EVENING,006,0,2,0.09,0456,2,1,1
2010-10-27,MIDDAY,673,4,1,0.05,0468,2,1,1
2010-10-27,EVENING,802,0,1,0.05,0467,1,1,0
2010-10-28,MIDDAY,992,6,0,0.02,0268,2,1,1
2010-10-28,EVENING,304,8,1,0.05,0268,2,1,1
2010-10-29,MIDDAY,971,9,0,0.02,0268,0,0,0
2010-10-29,EVENING,669,3,0,0.02,0246,1,1,0
2010-10-30,MIDDAY,122,9,1,0.05,0269,2,1,1
2010-10-30,EVENING,967,6,1,0.05,0269,2,1,1
2010-10-31,MIDDAY,518,1,1,0.05,0679,0,0,0
2010-10-31,EVENING,987,9,0,0.02,0679,2,1,1
2010-11-01,MIDDAY,320,5,1,0.05,0679,1,1,0
2010-11-01,EVENING,071,9,0,0.02,0689,2,1,1
2010-11-02,MIDDAY,714,3,1,0.05,0679,1,1,0
2010-11-02,EVENING,053,0,2,0.09,0679,1,1,0
2010-11-03,MIDDAY,729,7,1,0.05,0679,2,1,1
2010-11-03,EVENING,425,0,0,0.02,0679,1,1,0
2010-11-04,MIDDAY,031,7,1,0.05,0679,2,1,1
2010-11-04,EVENING,165,4,1,0.05,0679,1,1,0
2010-11-05,MIDDAY,881,0,1,0.05,0167,2,1,1
2010-11-05,EVENING,438,1,1,0.05,0167,1,1,0
2010-11-06,MIDDAY,539,8,2,0.09,0167,0,0,0
2010-11-06,EVENING,333,4,2,0.09,0179,0,0,0
2010-11-07,MIDDAY,169,5,1,0.05,0139,2,1,1
2010-11-07,EVENING,702,3,0,0.02,0139,2,1,1
2010-11-08,MIDDAY,130,1,0,0.02,0139,3,1,1
2010-11-08,EVENING,807,7,2,0.09,0139,1,1,0
2010-11-09,MIDDAY,886,1,1,0.05,0137,1,1,0
2010-11-09,EVENING,751,8,1,0.05,0138,2,1,1
2010-11-10,MIDDAY,954,8,2,0.09,0138,1,1,0
2010-11-10,EVENING,060,7,2,0.09,0178,2,1,1
2010-11-11,MIDDAY,230,9,0,0.02,0178,1,1,0
2010-11-11,EVENING,608,0,1,0.05,0137,1,1,0
2010-11-12,MIDDAY,580,2,1,0.05,0178,2,1,1
2010-11-12,EVENING,135,6,2,0.09,0138,2,1,1
2010-11-13,MIDDAY,421,5,1,0.05,0138,1,1,0
2010-11-13,EVENING,513,1,2,0.09,0158,2,1,1
2010-11-14,MIDDAY,352,4,2,0.09,0135,2,1,1
2010-11-14,EVENING,408,5,2,0.09,0135,2,1,1
2010-11-15,MIDDAY,455,3,2,0.09,0135,2,1,1
2010-11-15,EVENING,019,4,2,0.09,0135,2,1,1
2010-11-16,MIDDAY,390,4,1,0.05,0135,2,1,1
2010-11-16,EVENING,484,0,3,0.04,0135,1,1,0
2010-11-17,MIDDAY,079,3,2,0.09,0345,2,1,1
2010-11-17,EVENING,028,4,1,0.05,0345,2,1,1
2010-11-18,MIDDAY,261,0,1,0.05,0345,1,1,0
2010-11-18,EVENING,741,0,2,0.09,0345,2,1,1
2010-11-19,MIDDAY,236,2,2,0.09,0134,1,1,0
2010-11-19,EVENING,306,7,0,0.02,0134,2,1,1
2010-11-20,MIDDAY,911,2,2,0.09,0134,1,1,0
2010-11-20,EVENING,905,3,0,0.02,0134,2,1,1
2010-11-21,MIDDAY,202,9,1,0.05,0134,1,1,0
2010-11-21,EVENING,113,9,2,0.09,0123,2,1,1
2010-11-22,MIDDAY,732,2,1,0.05,0139,1,1,0
2010-11-22,EVENING,751,1,1,0.05,0123,1,1,0
2010-11-23,MIDDAY,239,7,1,0.05,0123,2,1,1
2010-11-23,EVENING,780,7,1,0.05,0123,1,1,0
2010-11-24,MIDDAY,552,2,1,0.05,0123,1,1,0
2010-11-24,EVENING,774,7,0,0.02,0235,0,0,0
2010-11-25,MIDDAY,704,5,0,0.02,0123,1,1,0
2010-11-25,EVENING,317,7,2,0.09,0357,2,1,1
2010-11-26,MIDDAY,413,7,1,0.05,0347,3,1,1
2010-11-26,EVENING,569,3,3,0.04,0347,1,1,0
2010-11-27,MIDDAY,343,4,1,0.05,0347,2,1,1
2010-11-27,EVENING,122,5,1,0.05,0347,0,0,0
2010-11-28,MIDDAY,236,3,0,0.02,0137,1,1,0
2010-11-28,EVENING,393,1,1,0.05,0237,1,1,0
2010-11-29,MIDDAY,145,2,1,0.05,0137,1,1,0
2010-11-29,EVENING,164,3,1,0.05,1237,2,1,1
2010-11-30,MIDDAY,160,1,2,0.09,1234,1,1,0
2010-11-30,EVENING,258,1,2,0.09,0123,2,1,1
2010-12-01,MIDDAY,660,1,1,0.05,1235,1,1,0
2010-12-01,EVENING,292,2,1,0.05,1235,1,1,0
2010-12-02,MIDDAY,886,6,0,0.02,0123,0,0,0
2010-12-02,EVENING,345,2,0,0.02,1235,3,1,1
2010-12-03,MIDDAY,076,8,0,0.02,1235,0,0,0
2010-12-03,EVENING,188,3,0,0.02,1235,2,1,1
2010-12-04,MIDDAY,376,0,1,0.05,1235,1,1,0
2010-12-04,EVENING,986,1,1,0.05,1236,2,1,1
2010-12-05,MIDDAY,524,3,1,0.05,1236,2,1,1
2010-12-05,EVENING,255,9,0,0.02,1236,1,1,0
2010-12-06,MIDDAY,809,5,2,0.09,1236,0,0,0
2010-12-06,EVENING,372,2,2,0.09,1235,2,1,1
2010-12-07,MIDDAY,193,8,0,0.02,1235,2,1,1
2010-12-07,EVENING,716,3,1,0.05,1235,2,1,1
2010-12-08,MIDDAY,021,1,2,0.09,1236,2,1,1
2010-12-08,EVENING,759,7,1,0.05,1236,0,0,0
2010-12-09,MIDDAY,529,0,0,0.02,1235,2,1,1
2010-12-09,EVENING,057,7,2,0.09,1239,0,0,0
2010-12-10,MIDDAY,043,5,2,0.09,1235,2,1,1
2010-12-10,EVENING,073,0,2,0.09,0123,2,1,1
2010-12-11,MIDDAY,878,0,2,0.09,0135,1,1,0
2010-12-11,EVENING,984,0,2,0.09,0135,1,1,0
2010-12-12,MIDDAY,052,8,2,0.09,0137,1,1,0
2010-12-12,EVENING,215,9,2,0.09,0235,2,1,1
2010-12-13,MIDDAY,601,0,2,0.09,0235,1,1,0
2010-12-13,EVENING,314,2,1,0.05,0235,2,1,1
2010-12-14,MIDDAY,635,6,1,0.05,0235,2,1,1
2010-12-14,EVENING,121,3,1,0.05,0235,2,1,1
2010-12-15,MIDDAY,937,6,1,0.05,0235,1,1,0
2010-12-15,EVENING,782,1,1,0.05,0135,1,1,0
2010-12-16,MIDDAY,007,9,1,0.05,0123,1,1,0
2010-12-16,EVENING,385,7,1,0.05,0123,1,1,0
2010-12-17,MIDDAY,457,0,1,0.05,2357,2,1,1
2010-12-17,EVENING,743,3,2,0.09,0357,2,1,1
2010-12-18,MIDDAY,116,4,2,0.09,0357,0,0,0
2010-12-18,EVENING,443,7,1,0.05,0137,2,1,1
2010-12-19,MIDDAY,609,1,1,0.05,0137,2,1,1
2010-12-19,EVENING,713,4,0,0.02,0137,3,1,1
2010-12-20,MIDDAY,676,6,1,0.05,0137,1,1,0
2010-12-20,EVENING,849,7,1,0.05,0137,1,1,0
2010-12-21,MIDDAY,335,6,1,0.05,0137,1,1,0
2010-12-21,EVENING,664,8,0,0.02,0357,0,0,0
2010-12-22,MIDDAY,872,3,1,0.05,1347,2,1,1
2010-12-22,EVENING,414,6,1,0.05,1347,2,1,1
2010-12-23,MIDDAY,163,8,0,0.02,1367,3,1,1
2010-12-23,EVENING,614,4,2,0.09,1367,2,1,1
2010-12-24,MIDDAY,791,1,2,0.09,1367,2,1,1
2010-12-24,EVENING,166,6,1,0.05,1367,2,1,1
2010-12-25,MIDDAY,715,7,1,0.05,1367,2,1,1
2010-12-25,EVENING,609,1,1,0.05,1367,2,1,1
2010-12-26,MIDDAY,372,7,1,0.05,1367,2,1,1
2010-12-26,EVENING,279,6,0,0.02,1367,2,1,1
2010-12-27,MIDDAY,801,3,2,0.09,1367,2,1,1
2010-12-27,EVENING,878,2,0,0.02,1367,1,1,0
2010-12-28,MIDDAY,582,8,1,0.05,1367,0,0,0
2010-12-28,EVENING,838,8,2,0.09,1367,1,1,0
2010-12-29,MIDDAY,505,5,1,0.05,1367,0,0,0
2010-12-29,EVENING,310,8,0,0.02,1367,2,1,1
2010-12-30,MIDDAY,371,5,1,0.05,1378,3,1,1
2010-12-30,EVENING,031,3,2,0.09,1378,2,1,1
2010-12-31,MIDDAY,424,3,2,0.09,1378,1,1,0
2010-12-31,EVENING,191,0,1,0.05,1378,1,1,0
2011-01-01,MIDDAY,513,,0,0.02,1378,2,1,1
2011-01-01,EVENING,930,,1,0.05,1378,1,1,0
2011-01-02,MIDDAY,492,5,1,0.05,0137,0,0,0
2011-01-02,EVENING,910,9,1,0.05,0137,2,1,1
2011-01-03,MIDDAY,764,4,1,0.05,0137,1,1,0
2011-01-03,EVENING,269,9,0,0.02,0137,0,0,0
2011-01-04,MIDDAY,176,7,1,0.05,0139,1,1,0
2011-01-04,EVENING,969,2,1,0.05,0137,0,0,0
2011-01-05,MIDDAY,095,1,1,0.05,1369,2,1,1
2011-01-05,EVENING,141,9,1,0.05,0139,2,1,1
2011-01-06,MIDDAY,476,0,2,0.09,1369,1,1,0
2011-01-06,EVENING,446,1,1,0.05,0139,1,1,0
2011-01-07,MIDDAY,837,4,2,0.09,0169,0,0,0
2011-01-07,EVENING,019,4,1,0.05,1379,2,1,1
2011-01-08,MIDDAY,282,8,1,0.05,0139,0,0,0
2011-01-08,EVENING,580,0,0,0.02,0149,1,1,0
2011-01-09,MIDDAY,750,2,1,0.05,0149,1,1,0
2011-01-09,EVENING,541,5,2,0.09,0149,2,1,1
2011-01-10,MIDDAY,347,7,1,0.05,0149,1,1,0
2011-01-10,EVENING,099,5,1,0.05,0147,1,1,0
2011-01-11,MIDDAY,336,3,0,0.02,0147,0,0,0
2011-01-11,EVENING,857,0,0,0.02,0134,1,1,0
2011-01-12,MIDDAY,792,3,0,0.02,0149,1,1,0
2011-01-12,EVENING,078,8,1,0.05,0149,1,1,0
2011-01-13,MIDDAY,276,7,1,0.05,0179,1,1,0
2011-01-13,EVENING,236,0,1,0.05,0179,1,1,0
2011-01-14,MIDDAY,619,2,2,0.09,0679,2,1,1
2011-01-14,EVENING,254,2,2,0.09,0679,0,0,0
2011-01-15,MIDDAY,606,6,1,0.05,0267,2,1,1
2011-01-15,EVENING,888,2,0,0.02,0267,1,1,0
2011-01-16,MIDDAY,624,6,0,0.02,0267,2,1,1
2011-01-16,EVENING,597,8,1,0.05,0267,1,1,0
2011-01-17,MIDDAY,692,6,0,0.02,0267,2,1,1
2011-01-17,EVENING,240,5,1,0.05,0267,2,1,1
2011-01-18,MIDDAY,390,6,1,0.05,0267,2,1,1
2011-01-18,EVENING,286,2,1,0.05,0267,2,1,1
2011-01-19,MIDDAY,076,3,1,0.05,0269,2,1,1
2011-01-19,EVENING,640,2,1,0.05,0267,3,1,1
2011-01-20,MIDDAY,341,0,2,0.09,0267,1,1,0
2011-01-20,EVENING,923,6,2,0.09,0236,3,1,1
2011-01-21,MIDDAY,474,3,1,0.05,0236,1,1,0
2011-01-21,EVENING,608,9,1,0.05,0236,2,1,1
2011-01-22,MIDDAY,257,4,0,0.02,0236,1,1,0
2011-01-22,EVENING,690,6,0,0.02,0236,2,1,1
2011-01-23,MIDDAY,535,2,0,0.02,0269,1,1,0
2011-01-23,EVENING,260,6,0,0.02,0236,3,1,1
2011-01-24,MIDDAY,325,5,1,0.05,0236,2,1,1
2011-01-24,EVENING,835,2,1,0.05,0236,2,1,1
2011-01-25,MIDDAY,752,3,3,0.04,0236,2,1,1
2011-01-25,EVENING,226,8,3,0.04,0236,2,1,1
2011-01-26,MIDDAY,589,7,1,0.05,0236,0,0,0
2011-01-26,EVENING,010,2,1,0.05,0256,2,1,1
2011-01-27,MIDDAY,041,5,0,0.02,0256,2,1,1
2011-01-27,EVENING,669,0,2,0.09,0256,2,1,1
2011-01-28,MIDDAY,592,0,1,0.05,0256,3,1,1
2011-01-28,EVENING,634,6,2,0.09,0256,1,1,0
2011-01-29,MIDDAY,525,5,0,0.02,0256,2,1,1
2011-01-29,EVENING,459,6,0,0.02,0256,2,1,1
2011-01-30,MIDDAY,299,5,1,0.05,0256,2,1,1
2011-01-30,EVENING,205,4,2,0.09,0256,3,1,1
2011-01-31,MIDDAY,946,2,2,0.09,0256,2,1,1
2011-01-31,EVENING,172,2,2,0.09,0256,1,1,0
2011-02-01,MIDDAY,927,9,1,0.05,0256,1,1,0
2011-02-01,EVENING,240,1,2,0.09,2569,1,1,0
2011-02-02,MIDDAY,924,9,1,0.05,0259,2,1,1
2011-02-02,EVENING,349,2,2,0.09,2459,3,1,1
2011-02-03,MIDDAY,057,9,3,0.04,0259,3,1,1
2011-02-03,EVENING,456,3,1,0.05,2459,2,1,1
2011-02-04,MIDDAY,330,0,1,0.05,2459,0,0,0
2011-02-04,EVENING,520,4,1,0.05,0259,3,1,1
2011-02-05,MIDDAY,107,3,1,0.05,0245,1,1,0
2011-02-05,EVENING,342,5,1,0.05,0245,3,1,1
2011-02-06,MIDDAY,837,1,1,0.05,0245,0,0,0
2011-02-06,EVENING,790,3,1,0.05,0245,1,1,0
2011-02-07,MIDDAY,910,8,2,0.09,0245,1,1,0
2011-02-07,EVENING,507,7,2,0.09,0259,2,1,1
2011-02-08,MIDDAY,097,9,1,0.05,0259,2,1,1
2011-02-08,EVENING,429,5,2,0.09,0259,3,1,1
2011-02-09,MIDDAY,022,0,1,0.05,0259,2,1,1
2011-02-09,EVENING,567,4,1,0.05,0259,1,1,0
2011-02-10,MIDDAY,978,0,0,0.02,0259,2,1,1
2011-02-10,EVENING,067,5,1,0.05,0259,2,1,1
2011-02-11,MIDDAY,286,9,2,0.09,0279,2,1,1
2011-02-11,EVENING,554,0,1,0.05,0279,1,1,0
2011-02-12,MIDDAY,946,2,0,0.02,0259,2,1,1
2011-02-12,EVENING,627,5,1,0.05,0249,1,1,0
2011-02-13,MIDDAY,628,9,2,0.09,0279,2,1,1
2011-02-13,EVENING,662,6,2,0.09,0259,1,1,0
2011-02-14,MIDDAY,153,6,2,0.09,0259,1,1,0
2011-02-14,EVENING,893,6,1,0.05,0259,1,1,0
2011-02-15,MIDDAY,960,1,2,0.09,0259,2,1,1
2011-02-15,EVENING,027,8,2,0.09,0569,1,1,0
2011-02-16,MIDDAY,123,9,1,0.05,0269,2,1,1
2011-02-16,EVENING,613,0,1,0.05,0269,2,1,1
2011-02-17,MIDDAY,379,1,2,0.09,0269,1,1,0
2011-02-17,EVENING,473,6,2,0.09,0269,1,1,0
2011-02-18,MIDDAY,952,3,2,0.09,0269,2,1,1
2011-02-18,EVENING,681,4,1,0.05,0269,1,1,0
2011-02-19,MIDDAY,803,9,0,0.02,0269,2,1,1
2011-02-19,EVENING,571,6,1,0.05,0269,1,1,0
2011-02-20,MIDDAY,222,8,0,0.02,0269,1,1,0
2011-02-20,EVENING,485,5,0,0.02,0269,0,0,0
2011-02-21,MIDDAY,113,2,1,0.05,2569,1,1,0
2011-02-21,EVENING,303,4,0,0.02,2369,1,1,0
2011-02-22,MIDDAY,255,1,1,0.05,2369,1,1,0
2011-02-22,EVENING,876,3,0,0.02,2369,2,1,1
2011-02-23,MIDDAY,366,2,0,0.02,2369,3,1,1
2011-02-23,EVENING,515,8,2,0.09,2369,0,0,0
2011-02-24,MIDDAY,299,3,0,0.02,1236,2,1,1
2011-02-24,EVENING,127,5,0,0.02,1236,2,1,1
2011-02-25,MIDDAY,867,2,1,0.05,1236,2,1,1
2011-02-25,EVENING,930,1,2,0.09,1236,2,1,1
2011-02-26,MIDDAY,476,8,0,0.02,1236,1,1,0
2011-02-26,EVENING,740,9,0,0.02,1236,0,0,0
2011-02-27,MIDDAY,137,4,2,0.09,2367,2,1,1
2011-02-27,EVENING,568,7,2,0.09,1237,1,1,0
2011-02-28,MIDDAY,622,1,1,0.05,2367,2,1,1
2011-02-28,EVENING,408,5,1,0.05,1367,0,0,0
2011-03-01,MIDDAY,113,6,0,0.02,1367,3,1,1
2011-03-01,EVENING,946,4,0,0.02,1367,1,1,0
2011-03-02,MIDDAY,073,1,1,0.05,1367,3,1,1
2011-03-02,EVENING,191,9,0,0.02,1367,1,1,0
2011-03-03,MIDDAY,053,0,1,0.05,1367,1,1,0
2011-03-03,EVENING,587,1,0,0.02,1367,2,1,1
2011-03-04,MIDDAY,820,0,1,0.05,1367,0,0,0
2011-03-04,EVENING,980,5,1,0.05,1368,1,1,0
2011-03-05,MIDDAY,437,8,2,0.09,1368,2,1,1
2011-03-05,EVENING,602,9,1,0.05,1378,0,0,0
2011-03-06,MIDDAY,464,4,0,0.02,1368,1,1,0
2011-03-06,EVENING,398,6,1,0.05,1678,2,1,1
2011-03-07,MIDDAY,908,4,1,0.05,3678,1,1,0
2011-03-07,EVENING,000,3,2,0.09,3689,1,1,0
2011-03-08,MIDDAY,016,9,1,0.05,0368,2,1,1
2011-03-08,EVENING,887,0,1,0.05,0689,2,1,1
2011-03-09,MIDDAY,840,0,1,0.05,0689,2,1,1
2011-03-09,EVENING,804,8,2,0.09,0368,2,1,1
2011-03-10,MIDDAY,889,8,3,0.04,0368,1,1,0
2011-03-10,EVENING,289,8,1,0.05,0689,2,1,1
2011-03-11,MIDDAY,696,8,2,0.09,0689,3,1,1
2011-03-11,EVENING,655,2,2,0.09,0689,1,1,0
2011-03-12,MIDDAY,454,6,1,0.05,0689,1,1,0
2011-03-12,EVENING,413,6,2,0.09,0689,1,1,0
2011-03-13,MIDDAY,119,4,2,0.09,0689,1,1,0
2011-03-13,EVENING,406,4,2,0.09,0689,2,1,1
2011-03-14,MIDDAY,537,1,1,0.05,0468,0,0,0
2011-03-14,EVENING,732,4,0,0.02,0468,1,1,0
2011-03-15,MIDDAY,464,5,2,0.09,4689,2,1,1
2011-03-15,EVENING,129,7,1,0.05,0468,0,0,0
2011-03-16,MIDDAY,624,4,0,0.02,4689,2,1,1
2011-03-16,EVENING,141,1,1,0.05,0468,1,1,0
2011-03-17,MIDDAY,845,6,1,0.05,4689,3,1,1
2011-03-17,EVENING,623,1,1,0.05,1468,2,1,1
2011-03-18,MIDDAY,009,8,1,0.05,1468,1,1,0
2011-03-18,EVENING,948,6,0,0.02,1468,3,1,1
2011-03-19,MIDDAY,031,0,2,0.09,4689,0,0,0
2011-03-19,EVENING,628,9,0,0.02,4689,3,1,1
2011-03-20,MIDDAY,439,0,0,0.02,4689,2,1,1
2011-03-20,EVENING,061,6,1,0.05,4689,1,1,0
2011-03-21,MIDDAY,107,4,1,0.05,4689,1,1,0
2011-03-21,EVENING,964,0,2,0.09,1468,2,1,1
2011-03-22,MIDDAY,596,1,2,0.09,0469,2,1,1
2011-03-22,EVENING,060,9,2,0.09,1469,2,1,1
2011-03-23,MIDDAY,894,5,2,0.09,0469,2,1,1
2011-03-23,EVENING,370,0,1,0.05,0469,1,1,0
2011-03-24,MIDDAY,879,8,0,0.02,0469,1,1,0
2011-03-24,EVENING,879,3,1,0.05,0469,1,1,0
2011-03-25,MIDDAY,423,8,3,0.04,0469,1,1,0
2011-03-25,EVENING,017,8,2,0.09,0469,1,1,0
2011-03-26,MIDDAY,407,4,1,0.05,0469,2,1,1
2011-03-26,EVENING,996,0,2,0.09,0489,2,1,1
2011-03-27,MIDDAY,673,4,1,0.05,0469,2,1,1
2011-03-27,EVENING,037,9,1,0.05,0469,2,1,1
2011-03-28,MIDDAY,528,6,2,0.09,0469,1,1,0
2011-03-28,EVENING,061,0,0,0.02,0689,2,1,1
2011-03-29,MIDDAY,804,5,1,0.05,0689,2,1,1
2011-03-29,EVENING,167,0,1,0.05,0689,2,1,1
2011-03-30,MIDDAY,818,8,1,0.05,0469,0,0,0
2011-03-30,EVENING,771,1,1,0.05,0689,0,0,0
2011-03-31,MIDDAY,567,8,1,0.05,0689,2,1,1
2011-03-31,EVENING,305,7,1,0.05,0678,2,1,1
2011-04-01,MIDDAY,129,5,2,0.09,0678,0,0,0
2011-04-01,EVENING,608,3,1,0.05,0678,3,1,1
2011-04-02,MIDDAY,632,1,0,0.02,0678,1,1,0
2011-04-02,EVENING,768,6,2,0.09,0678,3,1,1
2011-04-03,MIDDAY,466,6,1,0.05,0678,1,1,0
2011-04-03,EVENING,861,7,1,0.05,0678,3,1,1
2011-04-04,MIDDAY,063,4,1,0.05,0678,2,1,1
2011-04-04,EVENING,576,8,1,0.05,0678,3,1,1
2011-04-05,MIDDAY,310,0,1,0.05,0678,1,1,0
2011-04-05,EVENING,127,5,0,0.02,0678,1,1,0
2011-04-06,MIDDAY,889,3,1,0.05,0167,0,0,0
2011-04-06,EVENING,422,1,0,0.02,0678,0,0,0
2011-04-07,MIDDAY,118,8,0,0.02,0167,1,1,0
2011-04-07,EVENING,582,4,1,0.05,1678,1,1,0
2011-04-08,MIDDAY,407,1,1,0.05,1678,2,1,1
2011-04-08,EVENING,225,5,1,0.05,1678,0,0,0
2011-04-09,MIDDAY,176,4,0,0.02,1678,3,1,1
2011-04-09,EVENING,924,2,0,0.02,1678,0,0,0
2011-04-10,MIDDAY,214,1,1,0.05,1678,1,1,0
2011-04-10,EVENING,451,9,2,0.09,1468,2,1,1
2011-04-11,MIDDAY,584,2,2,0.09,1468,2,1,1
2011-04-11,EVENING,200,4,2,0.09,1468,1,1,0
2011-04-12,MIDDAY,208,5,2,0.09,1468,1,1,0
2011-04-12,EVENING,630,2,2,0.09,1248,1,1,0
2011-04-13,MIDDAY,010,2,2,0.09,0124,3,1,1
2011-04-13,EVENING,995,6,2,0.09,0124,0,0,0
2011-04-14,MIDDAY,036,0,0,0.02,1246,1,1,0
2011-04-14,EVENING,700,9,1,0.05,1246,0,0,0
2011-04-15,MIDDAY,711,0,1,0.05,0124,2,1,1
2011-04-15,EVENING,456,7,2,0.09,0124,1,1,0
2011-04-16,MIDDAY,809,7,1,0.05,0124,1,1,0
2011-04-16,EVENING,597,4,1,0.05,0247,2,1,1
2011-04-17,MIDDAY,612,8,2,0.09,0457,0,0,0
2011-04-17,EVENING,389,5,0,0.02,0127,0,0,0
2011-04-18,MIDDAY,625,6,1,0.05,0127,1,1,0
2011-04-19,MIDDAY,513,6,1,0.05,0245,1,1,0
2011-04-19,EVENING,258,3,2,0.09,1256,2,1,1
2011-04-20,MIDDAY,113,5,2,0.09,1256,2,1,1
2011-04-20,EVENING,702,2,2,0.09,1256,1,1,0
2011-04-21,MIDDAY,070,1,0,0.02,0125,2,1,1
2011-04-21,EVENING,893,7,2,0.09,0125,0,0,0
2011-04-22,MIDDAY,694,0,1,0.05,0125,1,1,0
2011-04-22,EVENING,198,8,1,0.05,0125,1,1,0
2011-04-23,MIDDAY,854,6,1,0.05,0125,1,1,0
2011-04-23,EVENING,193,1,1,0.05,0568,0,0,0
2011-04-24,MIDDAY,241,8,0,0.02,0158,2,1,1
2011-04-24,EVENING,001,1,1,0.05,0158,2,1,1
2011-04-25,MIDDAY,395,2,1,0.05,0158,1,1,0
2011-04-25,EVENING,804,0,0,0.02,0159,1,1,0
2011-04-26,MIDDAY,012,3,0,0.02,0158,2,1,1
2011-04-26,EVENING,281,8,1,0.05,0158,2,1,1
2011-04-27,MIDDAY,030,0,2,0.09,0128,1,1,0
2011-04-27,EVENING,010,2,0,0.02,0128,3,1,1
2011-04-28,MIDDAY,219,0,1,0.05,0128,3,1,1
2011-04-28,EVENING,931,0,3,0.04,0128,2,1,1
2011-04-29,MIDDAY,975,2,3,0.04,0128,1,1,0
2011-04-29,EVENING,829,9,1,0.05,0129,2,1,1
2011-04-30,MIDDAY,433,9,2,0.09,0129,1,1,0
2011-04-30,EVENING,257,8,1,0.05,0129,1,1,0
2011-05-01,MIDDAY,425,4,0,0.02,0129,1,1,0
2011-05-01,EVENING,643,2,2,0.09,0129,1,1,0
2011-05-02,MIDDAY,538,4,2,0.09,0129,0,0,0
2011-05-02,EVENING,485,6,2,0.09,0129,0,0,0
2011-05-03,MIDDAY,141,5,3,0.04,2489,1,1,0
2011-05-03,EVENING,046,4,2,0.09,1245,1,1,0
2011-05-04,MIDDAY,830,1,1,0.05,2458,1,1,0
2011-05-04,EVENING,150,0,1,0.05,1248,1,1,0
2011-05-05,MIDDAY,627,8,2,0.09,1245,1,1,0
2011-05-05,EVENING,177,1,0,0.02,0125,1,1,0
2011-05-06,MIDDAY,130,6,1,0.05,0125,2,1,1
2011-05-06,EVENING,733,1,1,0.05,0128,1,1,0
2011-05-07,MIDDAY,461,1,2,0.09,0123,1,1,0
2011-05-07,EVENING,859,7,1,0.05,0123,0,0,0
2011-05-08,MIDDAY,750,4,0,0.02,0123,1,1,0
2011-05-08,EVENING,344,8,2,0.09,0125,0,0,0
2011-05-09,MIDDAY,380,7,1,0.05,0135,2,1,1
2011-05-09,EVENING,884,3,2,0.09,0138,2,1,1
2011-05-10,MIDDAY,619,3,2,0.09,1348,2,1,1
2011-05-10,EVENING,011,8,1,0.05,1348,2,1,1
2011-05-11,MIDDAY,453,6,1,0.05,1348,2,1,1
2011-05-11,EVENING,195,0,0,0.02,1348,1,1,0
2011-05-12,MIDDAY,498,4,1,0.05,1348,2,1,1
2011-05-12,EVENING,299,1,1,0.05,1348,1,1,0
2011-05-13,MIDDAY,959,4,1,0.05,1348,1,1,0
2011-05-13,EVENING,811,2,1,0.05,1348,2,1,1
2011-05-14,MIDDAY,233,9,0,0.02,1348,1,1,0
2011-05-14,EVENING,929,8,1,0.05,1348,1,1,0
2011-05-15,MIDDAY,968,2,2,0.09,1489,2,1,1
2011-05-15,EVENING,108,9,3,0.04,1489,3,1,1
2011-05-16,MIDDAY,473,9,2,0.09,0189,1,1,0
2011-05-16,EVENING,396,1,1,0.05,1389,3,1,1
2011-05-17,MIDDAY,527,4,2,0.09,1389,0,0,0
2011-05-17,EVENING,715,3,0,0.02,1389,2,1,1
2011-05-18,MIDDAY,863,5,2,0.09,1389,2,1,1
2011-05-18,EVENING,687,7,2,0.09,1389,1,1,0
2011-05-19,MIDDAY,702,8,2,0.09,1389,1,1,0
2011-05-19,EVENING,736,6,2,0.09,1389,1,1,0
2011-05-20,MIDDAY,323,7,1,0.05,1389,1,1,0
2011-05-20,EVENING,169,7,2,0.09,3789,2,1,1
2011-05-21,MIDDAY,464,3,1,0.05,1389,1,1,0
2011-05-21,EVENING,009,1,1,0.05,1389,2,1,1
2011-05-22,MIDDAY,413,4,0,0.02,1389,2,1,1
2011-05-22,EVENING,365,0,1,0.05,1389,1,1,0
2011-05-23,MIDDAY,136,4,1,0.05,1389,2,1,1
2011-05-23,EVENING,784,3,2,0.09,1369,1,1,0
2011-05-24,MIDDAY,318,1,2,0.09,1379,2,1,1
2011-05-24,EVENING,871,7,2,0.09,1389,2,1,1
2011-05-25,MIDDAY,434,3,2,0.09,1378,1,1,0
2011-05-25,EVENING,476,8,0,0.02,1348,2,1,1
2011-05-26,MIDDAY,902,4,1,0.05,1348,1,1,0
2011-05-26,EVENING,214,4,1,0.05,1348,2,1,1
2011-05-27,MIDDAY,722,9,2,0.09,1348,0,0,0
2011-05-27,EVENING,336,2,1,0.05,1347,1,1,0
2011-05-28,MIDDAY,629,7,1,0.05,1347,1,1,0
2011-05-28,EVENING,192,3,2,0.09,3467,1,1,0
2011-05-29,MIDDAY,585,6,2,0.09,1367,1,1,0
2011-05-29,EVENING,355,1,0,0.02,1367,2,1,1
2011-05-30,MIDDAY,202,5,1,0.05,1367,0,0,0
2011-05-30,EVENING,068,3,1,0.05,1236,2,1,1
2011-05-31,MIDDAY,160,2,1,0.05,1236,3,1,1
2011-05-31,EVENING,488,0,2,0.09,1236,0,0,0
2011-06-01,MIDDAY,285,1,1,0.05,1236,2,1,1
2011-06-01,EVENING,627,4,1,0.05,1236,2,1,1
2011-06-02,MIDDAY,903,2,1,0.05,1236,2,1,1
2011-06-02,EVENING,723,6,1,0.05,1236,3,1,1
2011-06-03,MIDDAY,017,9,2,0.09,1236,1,1,0
2011-06-03,EVENING,620,7,1,0.05,1236,2,1,1
2011-06-04,MIDDAY,425,0,2,0.09,1236,1,1,0
2011-06-04,EVENING,794,6,2,0.09,1236,1,1,0
2011-06-05,MIDDAY,104,4,1,0.05,2367,0,0,0
2011-06-05,EVENING,865,7,1,0.05,0267,2,1,1
2011-06-06,MIDDAY,638,1,0,0.02,0267,1,1,0
2011-06-06,EVENING,299,8,2,0.09,0267,1,1,0
2011-06-07,MIDDAY,441,6,1,0.05,0267,1,1,0
2011-06-07,EVENING,795,2,0,0.02,1267,2,1,1
2011-06-08,MIDDAY,864,4,0,0.02,1267,1,1,0
2011-06-08,EVENING,859,7,0,0.02,2678,2,1,1
2011-06-09,MIDDAY,655,8,1,0.05,2678,2,1,1
2011-06-09,EVENING,988,8,2,0.09,2678,1,1,0
2011-06-10,MIDDAY,314,6,1,0.05,2678,1,1,0
2011-06-10,EVENING,905,9,0,0.02,2678,0,0,0
2011-06-11,MIDDAY,494,3,0,0.02,2678,0,0,0
2011-06-11,EVENING,155,9,1,0.05,2689,1,1,0
2011-06-12,MIDDAY,521,4,1,0.05,4689,1,1,0
2011-06-12,EVENING,457,1,2,0.09,2469,1,1,0
2011-06-13,MIDDAY,383,5,3,0.04,1469,0,0,0
2011-06-13,EVENING,002,4,1,0.05,1456,1,1,0
2011-06-14,MIDDAY,050,3,0,0.02,4569,1,1,0
2011-06-14,EVENING,124,0,1,0.05,4569,1,1,0
2011-06-15,MIDDAY,347,0,1,0.05,1456,1,1,0
2011-06-15,EVENING,706,1,2,0.09,0145,2,1,1
2011-06-16,MIDDAY,451,3,2,0.09,0145,3,1,1
2011-06-16,EVENING,808,7,1,0.05,0145,1,1,0
2011-06-17,MIDDAY,388,4,0,0.02,0145,1,1,0
2011-06-17,EVENING,256,8,1,0.05,1458,2,1,1
2011-06-18,MIDDAY,593,3,1,0.05,1458,1,1,0
2011-06-18,EVENING,415,2,1,0.05,3458,2,1,1
2011-06-19,MIDDAY,969,5,1,0.05,1245,1,1,0
2011-06-19,EVENING,050,4,1,0.05,1245,2,1,1
2011-06-20,MIDDAY,733,9,1,0.05,0145,0,0,0
2011-06-20,EVENING,542,0,0,0.02,0345,3,1,1
2011-06-21,MIDDAY,996,7,0,0.02,0345,0,0,0
2011-06-21,EVENING,715,5,0,0.02,0345,1,1,0
2011-06-22,MIDDAY,802,9,1,0.05,0145,1,1,0
2011-06-22,EVENING,245,7,0,0.02,0459,2,1,1
2011-06-23,MIDDAY,780,8,1,0.05,0245,1,1,0
2011-06-23,EVENING,733,2,1,0.05,0457,1,1,0
2011-06-24,MIDDAY,966,7,1,0.05,0457,1,1,0
2011-06-24,EVENING,796,7,1,0.05,0457,1,1,0
2011-06-25,MIDDAY,285,9,3,0.04,0457,1,1,0
2011-06-25,EVENING,625,7,1,0.05,2457,3,1,1
2011-06-26,MIDDAY,149,2,2,0.09,2579,2,1,1
2011-06-26,EVENING,381,6,1,0.05,2579,0,0,0
2011-06-27,MIDDAY,679,1,1,0.05,2579,2,1,1
2011-06-27,EVENING,031,3,2,0.09,5679,0,0,0
2011-06-28,MIDDAY,975,6,1,0.05,5679,4,1,1
2011-06-28,EVENING,849,0,0,0.02,5679,1,1,0
2011-06-29,MIDDAY,784,9,1,0.05,5679,2,1,1
2011-06-29,EVENING,126,8,3,0.04,4579,0,0,0
2011-06-30,MIDDAY,629,7,1,0.05,5679,3,1,1
2011-06-30,EVENING,726,1,2,0.09,5679,2,1,1
2011-07-01,MIDDAY,283,6,3,0.04,2679,2,1,1
2011-07-01,EVENING,248,7,2,0.09,2679,2,1,1
2011-07-02,MIDDAY,015,2,2,0.09,2679,1,1,0
2011-07-02,EVENING,462,2,1,0.05,2679,2,1,1
2011-07-03,MIDDAY,235,0,1,0.05,2679,1,1,0
2011-07-03,EVENING,645,4,1,0.05,2679,1,1,0
2011-07-04,MIDDAY,973,2,1,0.05,2567,2,1,1
2011-07-04,EVENING,716,6,0,0.02,2679,2,1,1
2011-07-05,MIDDAY,398,9,1,0.05,2679,1,1,0
2011-07-05,EVENING,870,7,0,0.02,2679,1,1,0
2011-07-06,MIDDAY,498,3,1,0.05,2679,1,1,0
2011-07-06,EVENING,615,8,1,0.05,2679,1,1,0
2011-07-07,MIDDAY,586,4,1,0.05,2678,2,1,1
2011-07-07,EVENING,252,6,3,0.04,2678,2,1,1
2011-07-08,MIDDAY,373,5,2,0.09,2678,1,1,0
2011-07-08,EVENING,132,2,1,0.05,2678,1,1,0
2011-07-09,MIDDAY,911,3,1,0.05,2678,0,0,0
2011-07-09,EVENING,434,1,2,0.09,2678,0,0,0
2011-07-10,MIDDAY,205,9,2,0.09,2368,1,1,0
2011-07-10,EVENING,849,4,0,0.02,2568,1,1,0
2011-07-11,MIDDAY,399,2,1,0.05,2689,2,1,1
2011-07-11,EVENING,893,8,1,0.05,2369,2,1,1
2011-07-12,MIDDAY,399,3,2,0.09,2389,2,1,1
2011-07-12,EVENING,729,8,2,0.09,2369,2,1,1
2011-07-13,MIDDAY,093,3,1,0.05,2389,2,1,1
2011-07-13,EVENING,539,7,1,0.05,2389,2,1,1
2011-07-14,MIDDAY,846,0,2,0.09,2389,1,1,0
2011-07-14,EVENING,244,5,0,0.02,2389,1,1,0
2011-07-15,MIDDAY,331,8,1,0.05,2389,2,1,1
2011-07-15,EVENING,136,2,0,0.02,2389,2,1,1
2011-07-16,MIDDAY,499,3,2,0.09,2389,2,1,1
2011-07-16,EVENING,153,1,1,0.05,2389,1,1,0
2011-07-17,MIDDAY,879,4,1,0.05,2389,2,1,1
2011-07-17,EVENING,173,1,0,0.02,2389,1,1,0
2011-07-18,MIDDAY,568,8,1,0.05,1389,1,1,0
2011-07-18,EVENING,800,1,0,0.02,3589,1,1,0
2011-07-19,MIDDAY,081,5,1,0.05,1389,2,1,1
2011-07-19,EVENING,556,8,3,0.04,1389,1,1,0
2011-07-20,MIDDAY,783,0,2,0.09,1389,2,1,1
2011-07-20,EVENING,495,5,1,0.05,1389,1,1,0
2011-07-21,MIDDAY,957,7,0,0.02,1389,1,1,0
2011-07-21,EVENING,482,4,2,0.09,3589,1,1,0
2011-07-22,MIDDAY,303,9,0,0.02,3589,2,1,1
2011-07-22,EVENING,064,4,0,0.02,3589,0,0,0
2011-07-23,MIDDAY,473,3,1,0.05,3589,1,1,0
2011-07-23,EVENING,711,0,1,0.05,3489,0,0,0
2011-07-24,MIDDAY,178,4,1,0.05,3489,2,1,1
2011-07-24,EVENING,539,7,2,0.09,3478,2,1,1
2011-07-25,MIDDAY,251,1,1,0.05,3789,0,0,0
2011-07-25,EVENING,193,5,1,0.05,3458,2,1,1
2011-07-26,MIDDAY,742,2,2,0.09,1358,0,0,0
2011-07-26,EVENING,587,1,0,0.02,1345,2,1,1
2011-07-27,MIDDAY,707,7,1,0.05,1357,1,1,0
2011-07-27,EVENING,435,5,1,0.05,1357,2,1,1
2011-07-28,MIDDAY,077,7,0,0.02,1357,1,1,0
2011-07-28,EVENING,329,4,0,0.02,1357,1,1,0
2011-07-29,MIDDAY,489,0,0,0.02,3457,1,1,0
2011-07-29,EVENING,085,3,2,0.09,3457,2,1,1
2011-07-30,MIDDAY,643,4,2,0.09,3578,1,1,0
2011-07-30,EVENING,234,0,1,0.05,3458,2,1,1
2011-07-31,MIDDAY,888,6,2,0.09,0345,0,0,0
2011-07-31,EVENING,758,2,0,0.02,3458,2,1,1
2011-08-01,MIDDAY,514,8,1,0.05,3457,2,1,1
2011-08-01,EVENING,714,7,2,0.09,3458,1,1,0
2011-08-02,MIDDAY,168,5,2,0.09,3457,1,1,0
2011-08-02,EVENING,720,7,1,0.05,3458,0,0,0
2011-08-03,MIDDAY,882,1,0,0.02,3478,1,1,0
2011-08-03,EVENING,959,7,1,0.05,3478,1,1,0
2011-08-04,MIDDAY,667,8,0,0.02,4578,2,1,1
2011-08-04,EVENING,909,9,1,0.05,4578,0,0,0
2011-08-05,MIDDAY,484,6,0,0.02,1578,1,1,0
2011-08-05,EVENING,519,9,0,0.02,4578,1,1,0
2011-08-06,MIDDAY,350,4,0,0.02,4578,2,1,1
2011-08-06,EVENING,899,5,1,0.05,4578,2,1,1
2011-08-07,MIDDAY,768,3,1,0.05,4578,2,1,1
2011-08-07,EVENING,769,8,1,0.05,4578,2,1,1
2011-08-08,MIDDAY,332,7,3,0.04,4578,1,1,0
2011-08-08,EVENING,868,7,1,0.05,4578,2,1,1
2011-08-09,MIDDAY,082,3,1,0.05,4578,1,1,0
2011-08-09,EVENING,182,8,1,0.05,3578,1,1,0
2011-08-10,MIDDAY,958,0,2,0.09,3578,2,1,1
2011-08-10,EVENING,215,1,1,0.05,0578,1,1,0
2011-08-11,MIDDAY,751,9,1,0.05,3578,2,1,1
2011-08-11,EVENING,438,2,2,0.09,1578,1,1,0
2011-08-12,MIDDAY,074,7,0,0.02,2578,1,1,0
2011-08-14,EVENING,728,4,1,0.05,2578,3,1,1
2011-08-15,MIDDAY,501,0,2,0.09,2578,1,1,0
2011-08-15,EVENING,056,7,0,0.02,1578,2,1,1
2011-08-16,MIDDAY,337,5,2,0.09,0578,2,1,1
2011-08-16,EVENING,795,0,2,0.09,0578,3,1,1
2011-08-17,MIDDAY,082,3,2,0.09,0578,2,1,1
2011-08-17,EVENING,591,7,1,0.05,0578,2,1,1
2011-08-18,MIDDAY,771,0,0,0.02,0578,2,1,1
2011-08-18,EVENING,895,5,2,0.09,0578,2,1,1
2011-08-19,MIDDAY,560,7,0,0.02,0578,3,1,1
2011-08-19,EVENING,100,8,1,0.05,0578,2,1,1
2011-08-20,MIDDAY,104,5,1,0.05,0578,2,1,1
2011-08-20,EVENING,961,1,2,0.09,0578,0,0,0
2011-08-21,MIDDAY,757,1,1,0.05,0578,2,1,1
2011-08-21,EVENING,471,9,1,0.05,0578,1,1,0
2011-08-22,MIDDAY,101,7,2,0.09,0157,3,1,1
2011-08-22,EVENING,684,4,2,0.09,0157,0,0,0
2011-08-23,MIDDAY,149,1,0,0.02,0157,1,1,0
2011-08-23,EVENING,973,6,1,0.05,0157,1,1,0
2011-08-24,MIDDAY,881,1,1,0.05,0157,1,1,0
2011-08-24,EVENING,379,9,0,0.02,0157,1,1,0
2011-08-25,MIDDAY,422,8,0,0.02,1579,0,0,0
2011-08-25,EVENING,516,3,0,0.02,1578,2,1,1
2011-08-26,EVENING,138,5,0,0.02,1578,3,1,1
2011-08-27,MIDDAY,276,4,3,0.04,1578,1,1,0
2011-08-28,MIDDAY,557,2,0,0.02,1578,2,1,1
2011-08-28,EVENING,383,1,2,0.09,1578,2,1,1
2011-08-29,MIDDAY,576,5,0,0.02,1578,2,1,1
2011-08-29,EVENING,405,3,0,0.02,1578,1,1,0
2011-08-30,MIDDAY,832,5,1,0.05,1578,2,1,1
2011-08-30,EVENING,537,4,2,0.09,1578,2,1,1
2011-08-31,MIDDAY,935,8,2,0.09,1578,2,1,1
2011-08-31,EVENING,093,5,2,0.09,1578,1,1,0
2011-09-01,MIDDAY,401,9,3,0.04,3578,0,0,0
2011-09-01,EVENING,197,0,2,0.09,1357,2,1,1
2011-09-02,MIDDAY,195,4,3,0.04,1357,2,1,1
2011-09-02,EVENING,291,1,2,0.09,1579,2,1,1
2011-09-03,MIDDAY,451,1,2,0.09,1579,2,1,1
2011-09-03,EVENING,514,2,1,0.05,1579,2,1,1
2011-09-04,MIDDAY,149,4,3,0.04,1459,3,1,1
2011-09-04,EVENING,248,5,2,0.09,1459,2,1,1
2011-09-05,MIDDAY,297,1,1,0.05,1459,2,1,1
2011-09-05,EVENING,215,2,1,0.05,1459,2,1,1
2011-09-06,MIDDAY,978,2,2,0.09,1459,1,1,0
2011-09-06,EVENING,243,2,1,0.05,1459,1,1,0
2011-09-07,MIDDAY,052,9,1,0.05,1245,2,1,1
2011-09-07,EVENING,981,2,1,0.05,1245,2,1,1
2011-09-08,MIDDAY,713,0,2,0.09,1259,1,1,0
2011-09-08,EVENING,806,9,1,0.05,1259,1,1,0
2011-09-09,MIDDAY,261,7,1,0.05,1259,2,1,1
2011-09-09,EVENING,592,8,1,0.05,1259,3,1,1
2011-09-10,MIDDAY,937,2,1,0.05,1259,2,1,1
2011-09-10,EVENING,018,5,2,0.09,1259,2,1,1
2011-09-11,MIDDAY,069,9,0,0.02,1259,1,1,0
2011-09-11,EVENING,364,0,1,0.05,1259,0,0,0
2011-09-12,MIDDAY,671,0,2,0.09,1259,1,1,0
2011-09-12,EVENING,031,3,2,0.09,0129,2,1,1
2011-09-13,MIDDAY,025,6,2,0.09,0129,2,1,1
2011-09-13,EVENING,423,0,1,0.05,0129,2,1,1
2011-09-14,MIDDAY,277,0,2,0.09,0129,2,1,1
2011-09-14,EVENING,798,4,2,0.09,0129,1,1,0
2011-09-15,MIDDAY,995,2,1,0.05,0129,2,1,1
2011-09-15,EVENING,442,7,1,0.05,0129,1,1,0
2011-09-16,MIDDAY,573,9,1,0.05,0129,1,1,0
2011-09-16,EVENING,605,4,1,0.05,0279,1,1,0
2011-09-17,MIDDAY,033,5,1,0.05,0279,1,1,0
2011-09-17,EVENING,391,6,2,0.09,0259,1,1,0
2011-09-18,MIDDAY,268,0,1,0.05,0259,2,1,1
2011-09-18,EVENING,353,3,1,0.05,0259,1,1,0
2011-09-19,MIDDAY,516,2,0,0.02,0259,2,1,1
2011-09-19,EVENING,373,3,1,0.05,0259,0,0,0
2011-09-20,MIDDAY,572,5,0,0.02,0235,2,1,1
2011-09-20,EVENING,861,3,1,0.05,0235,1,1,0
2011-09-21,MIDDAY,421,5,0,0.02,0235,2,1,1
2011-09-21,EVENING,275,8,1,0.05,0235,2,1,1
2011-09-22,MIDDAY,744,4,2,0.09,0235,0,0,0
2011-09-22,EVENING,631,2,1,0.05,2357,2,1,1
2011-09-23,MIDDAY,917,7,0,0.02,0235,0,0,0
2011-09-23,EVENING,400,6,1,0.05,2357,0,0,0
2011-09-24,MIDDAY,713,9,0,0.02,1257,2,1,1
2011-09-24,EVENING,151,4,0,0.02,1257,2,1,1
2011-09-25,MIDDAY,013,7,1,0.05,1257,2,1,1
2011-09-25,EVENING,187,1,1,0.05,1257,2,1,1
2011-09-26,MIDDAY,795,0,2,0.09,1257,2,1,1
2011-09-26,EVENING,200,1,1,0.05,1257,2,1,1
2011-09-27,MIDDAY,079,7,1,0.05,1257,1,1,0
2011-09-27,EVENING,209,2,1,0.05,1257,1,1,0
2011-09-28,MIDDAY,399,0,2,0.09,0127,1,1,0
2011-09-28,EVENING,546,2,2,0.09,0127,1,1,0
2011-09-29,MIDDAY,114,3,0,0.02,0127,1,1,0
2011-09-29,EVENING,290,5,1,0.05,0127,2,1,1
2011-09-30,MIDDAY,989,1,0,0.02,0127,1,1,0
2011-09-30,EVENING,663,2,1,0.05,0127,1,1,0
2011-10-01,MIDDAY,580,9,0,0.02,0129,2,1,1
2011-10-01,EVENING,248,6,0,0.02,0129,1,1,0
2011-10-02,MIDDAY,538,5,1,0.05,0129,0,0,0
2011-10-02,EVENING,599,2,1,0.05,0129,2,1,1
2011-10-03,MIDDAY,947,5,1,0.05,0129,1,1,0
2011-10-03,EVENING,289,5,2,0.09,0259,3,1,1
2011-10-04,MIDDAY,694,9,2,0.09,0259,1,1,0
2011-10-04,EVENING,827,2,1,0.05,0259,1,1,0
2011-10-05,MIDDAY,275,6,0,0.02,0259,2,1,1
2011-10-05,EVENING,187,8,2,0.09,2579,1,1,0
2011-10-06,MIDDAY,940,2,1,0.05,2579,2,1,1
2011-10-06,EVENING,526,1,0,0.02,2579,2,1,1
2011-10-07,MIDDAY,345,9,1,0.05,2579,2,1,1
2011-10-07,EVENING,487,5,1,0.05,2579,2,1,1
2011-10-08,MIDDAY,207,3,2,0.09,2579,2,1,1
2011-10-08,EVENING,934,4,1,0.05,2579,1,1,0
2011-10-09,MIDDAY,576,2,1,0.05,2579,3,1,1
2011-10-09,EVENING,996,9,0,0.02,2579,1,1,0
2011-10-10,MIDDAY,022,5,1,0.05,2579,2,1,1
2011-10-10,EVENING,843,9,0,0.02,2579,1,1,0
2011-10-11,MIDDAY,164,0,0,0.02,2459,1,1,0
2011-10-11,EVENING,150,8,1,0.05,2459,1,1,0
2011-10-12,MIDDAY,538,1,2,0.09,2459,1,1,0
2011-10-12,EVENING,316,1,3,0.04,2589,0,0,0
2011-10-13,MIDDAY,485,5,2,0.09,2359,1,1,0
2011-10-13,EVENING,948,3,0,0.02,2589,2,1,1
2011-10-14,MIDDAY,059,4,2,0.09,4589,3,1,1
2011-10-14,EVENING,297,9,2,0.09,4589,1,1,0
2011-10-16,MIDDAY,591,0,1,0.05,2459,2,1,1
2011-10-16,EVENING,050,2,1,0.05,4589,1,1,0
2011-10-17,MIDDAY,960,5,2,0.09,2459,2,1,1
2011-10-17,EVENING,831,0,2,0.09,0459,1,1,0
2011-10-18,MIDDAY,983,9,1,0.05,0259,1,1,0
2011-10-18,EVENING,329,8,2,0.09,0359,2,1,1
2011-10-19,MIDDAY,398,9,3,0.04,0589,2,1,1
2011-10-19,EVENING,948,3,3,0.04,0359,2,1,1
2011-10-20,MIDDAY,475,3,3,0.04,3589,2,1,1
2011-10-20,EVENING,910,9,2,0.09,3589,1,1,0
2011-10-21,MIDDAY,138,4,0,0.02,3589,2,1,1
2011-10-21,EVENING,657,9,1,0.05,3589,2,1,1
2011-10-22,MIDDAY,737,1,0,0.02,3589,1,1,0
2011-10-22,EVENING,913,6,1,0.05,3589,2,1,1
2011-10-23,MIDDAY,053,7,2,0.09,3589,2,1,1
2011-10-23,EVENING,406,9,1,0.05,3589,1,1,0
2011-10-24,MIDDAY,459,0,1,0.05,3589,2,1,1
2011-10-24,EVENING,895,4,3,0.04,3459,3,1,1
2011-10-25,MIDDAY,675,4,3,0.04,3589,1,1,0
2011-10-25,EVENING,192,8,2,0.09,3459,1,1,0
2011-10-26,MIDDAY,573,6,0,0.02,3459,2,1,1
2011-10-26,EVENING,397,1,0,0.02,3459,2,1,1
2011-10-27,MIDDAY,385,5,2,0.09,3459,2,1,1
2011-10-27,EVENING,468,3,1,0.05,3589,2,1,1
2011-10-28,MIDDAY,222,3,2,0.09,3589,1,1,0
2011-10-28,EVENING,614,4,1,0.05,3589,0,0,0
2011-10-29,MIDDAY,866,2,0,0.02,3459,0,0,0
2011-10-29,EVENING,279,6,1,0.05,3589,1,1,0
2011-10-30,MIDDAY,865,8,2,0.09,3689,2,1,1
2011-10-30,EVENING,716,2,1,0.05,3689,1,1,0
2011-10-31,MIDDAY,746,8,1,0.05,3689,2,1,1
2011-10-31,EVENING,862,7,2,0.09,3689,2,1,1
2011-11-01,MIDDAY,863,7,3,0.04,3689,3,1,1
2011-11-01,EVENING,611,8,3,0.04,3678,2,1,1
2011-11-02,MIDDAY,080,8,2,0.09,3678,1,1,0
2011-11-02,EVENING,307,6,1,0.05,3678,3,1,1
2011-11-03,MIDDAY,399,0,1,0.05,3678,1,1,0
2011-11-03,EVENING,314,3,2,0.09,3678,1,1,0
2011-11-04,MIDDAY,859,3,1,0.05,3678,2,1,1
2011-11-04,EVENING,143,3,1,0.05,3678,1,1,0
2011-11-05,MIDDAY,531,8,1,0.05,3689,2,1,1
2011-11-05,EVENING,391,1,2,0.09,1368,2,1,1
2011-11-06,MIDDAY,573,5,2,0.09,1368,1,1,0
2011-11-06,EVENING,386,3,1,0.05,1368,3,1,1
2011-11-07,MIDDAY,391,5,1,0.05,1368,2,1,1
2011-11-07,EVENING,591,3,1,0.05,1368,2,1,1
2011-11-08,MIDDAY,681,3,4,0.08,0123,2,1,1
2011-11-08,EVENING,620,5,2,0.09,1368,1,1,0
2011-11-09,MIDDAY,615,6,1,0.05,1368,2,1,1
2011-11-09,EVENING,076,6,2,0.09,1368,1,1,0
2011-11-10,MIDDAY,006,6,1,0.05,1368,1,1,0
2011-11-10,EVENING,237,0,2,0.09,1368,1,1,0
2011-11-11,MIDDAY,270,0,1,0.05,1368,0,0,0
2011-11-11,EVENING,962,2,3,0.04,1368,1,1,0
2011-11-12,MIDDAY,022,2,1,0.05,1367,0,0,0
2011-11-12,EVENING,676,9,1,0.05,0136,1,1,0
2011-11-13,MIDDAY,381,0,0,0.02,0367,2,1,1
2011-11-13,EVENING,850,6,0,0.02,0136,2,1,1
2011-11-14,MIDDAY,524,3,2,0.09,0136,1,1,0
2011-11-14,EVENING,056,8,1,0.05,0356,3,1,1
2011-11-15,MIDDAY,063,5,1,0.05,0356,4,1,1
2011-11-15,EVENING,635,0,3,0.04,0356,4,1,1
2011-11-16,MIDDAY,623,0,4,0.08,0135,2,1,1
2011-11-16,EVENING,711,6,3,0.04,0356,1,1,0
2011-11-17,MIDDAY,592,6,1,0.05,0356,2,1,1
2011-11-17,EVENING,746,7,1,0.05,0356,1,1,0
2011-11-18,MIDDAY,764,5,1,0.05,0356,2,1,1
2011-11-18,EVENING,700,7,3,0.04,0356,1,1,0
2011-11-19,MIDDAY,068,7,1,0.05,0356,2,1,1
2011-11-19,EVENING,654,7,2,0.09,0356,2,1,1
2011-11-20,MIDDAY,559,0,2,0.09,0567,2,1,1
2011-11-20,EVENING,669,6,1,0.05,0567,1,1,0
2011-11-21,MIDDAY,228,5,1,0.05,0567,1,1,0
2011-11-21,EVENING,309,6,0,0.02,0567,2,1,1
2011-11-22,MIDDAY,157,2,0,0.02,0567,2,1,1
2011-11-22,EVENING,149,3,0,0.02,0567,0,0,0
2011-11-23,MIDDAY,293,1,1,0.05,0567,0,0,0
2011-11-23,EVENING,523,1,3,0.04,0567,1,1,0
2011-11-24,MIDDAY,987,2,3,0.04,0356,0,0,0
2011-11-24,EVENING,331,5,1,0.05,0356,2,1,1
2011-11-25,MIDDAY,578,9,0,0.02,0356,1,1,0
2011-11-25,EVENING,500,3,1,0.05,0356,3,1,1
2011-11-26,MIDDAY,437,5,1,0.05,0356,2,1,1
2011-11-26,EVENING,213,5,2,0.09,3567,2,1,1
2011-11-27,MIDDAY,276,4,2,0.09,3567,2,1,1
2011-11-27,EVENING,388,2,1,0.05,3567,1,1,0
2011-11-28,MIDDAY,113,2,1,0.05,3567,1,1,0
2011-11-28,EVENING,743,3,2,0.09,2357,2,1,1
2011-11-29,MIDDAY,835,1,1,0.05,2357,2,1,1
2011-11-29,EVENING,320,7,1,0.05,2357,3,1,1
2011-11-30,MIDDAY,557,8,1,0.05,2357,2,1,1
2011-11-30,EVENING,943,3,1,0.05,2357,1,1,0
2011-12-01,MIDDAY,483,5,0,0.02,2357,2,1,1
2011-12-01,EVENING,374,9,2,0.09,2357,2,1,1
2011-12-02,MIDDAY,254,4,2,0.09,2357,2,1,1
2011-12-02,EVENING,657,3,1,0.05,2357,3,1,1
2011-12-03,MIDDAY,513,2,1,0.05,2357,3,1,1
2011-12-03,EVENING,662,6,2,0.09,2357,1,1,0
2011-12-04,MIDDAY,760,5,1,0.05,2357,2,1,1
2011-12-04,EVENING,673,6,1,0.05,2357,2,1,1
2011-12-05,MIDDAY,944,7,2,0.09,2357,1,1,0
2011-12-05,EVENING,781,6,1,0.05,2357,1,1,0
2011-12-06,MIDDAY,800,9,1,0.05,2357,0,0,0
2011-12-06,EVENING,959,7,1,0.05,3567,2,1,1
2011-12-07,MIDDAY,842,8,1,0.05,3567,0,0,0
2011-12-07,EVENING,533,9,0,0.02,3567,2,1,1
2011-12-08,MIDDAY,245,8,0,0.02,2357,2,1,1
2011-12-08,EVENING,706,5,1,0.05,2357,2,1,1
2011-12-09,MIDDAY,425,2,1,0.05,2357,2,1,1
2011-12-09,EVENING,588,7,1,0.05,2357,2,1,1
2011-12-10,MIDDAY,306,4,1,0.05,2357,1,1,0
2011-12-10,EVENING,623,5,0,0.02,3457,2,1,1
2011-12-11,MIDDAY,682,3,2,0.09,3457,1,1,0
2011-12-11,EVENING,958,6,3,0.04,2357,1,1,0
2011-12-12,MIDDAY,491,6,2,0.09,3567,1,1,0
2011-12-12,EVENING,169,9,2,0.09,3567,1,1,0
2011-12-13,MIDDAY,859,4,3,0.04,3456,2,1,1
2011-12-13,EVENING,141,1,1,0.05,3456,1,1,0
2011-12-14,MIDDAY,871,8,1,0.05,3456,0,0,0
2011-12-14,EVENING,746,1,1,0.05,4568,2,1,1
2011-12-15,MIDDAY,909,8,2,0.09,4567,0,0,0
2011-12-15,EVENING,058,7,0,0.02,5689,2,1,1
2011-12-16,MIDDAY,503,9,2,0.09,5678,1,1,0
2011-12-16,EVENING,522,0,2,0.09,5789,1,1,0
2011-12-17,MIDDAY,614,5,2,0.09,5789,1,1,0
2011-12-17,EVENING,850,5,1,0.05,4589,2,1,1
2011-12-18,MIDDAY,228,6,1,0.05,4568,2,1,1
2011-12-18,EVENING,064,8,1,0.05,4568,3,1,1
2011-12-19,MIDDAY,736,2,2,0.09,4568,1,1,0
2011-12-19,EVENING,009,0,1,0.05,4568,0,0,0
2011-12-20,MIDDAY,805,7,0,0.02,0568,3,1,1
2011-12-20,EVENING,043,0,1,0.05,0568,1,1,0
2011-12-21,MIDDAY,806,8,1,0.05,0568,3,1,1
2011-12-21,EVENING,474,0,1,0.05,0568,1,1,0
2011-12-22,MIDDAY,778,8,1,0.05,0568,1,1,0
2011-12-22,EVENING,913,4,1,0.05,0568,0,0,0
2011-12-23,MIDDAY,895,7,0,0.02,0468,1,1,0
2011-12-23,EVENING,537,9,1,0.05,0578,2,1,1
2011-12-24,MIDDAY,200,8,3,0.04,0578,2,1,1
2011-12-24,EVENING,292,5,0,0.02,0578,1,1,0
2011-12-25,MIDDAY,178,2,1,0.05,0578,2,1,1
2011-12-25,EVENING,516,2,1,0.05,0578,1,1,0
2011-12-26,MIDDAY,581,1,2,0.09,0578,2,1,1
2011-12-26,EVENING,726,5,2,0.09,0578,2,1,1
2011-12-27,MIDDAY,377,5,1,0.05,0578,2,1,1
2011-12-27,EVENING,594,7,2,0.09,0578,2,1,1
2011-12-28,MIDDAY,016,3,2,0.09,0578,1,1,0
2011-12-28,EVENING,799,5,0,0.02,0578,2,1,1
2011-12-29,MIDDAY,821,0,0,0.02,0578,2,1,1
2011-12-29,EVENING,307,7,0,0.02,0578,2,1,1
2011-12-30,MIDDAY,606,8,1,0.05,0578,2,1,1
2011-12-30,EVENING,476,3,1,0.05,0578,1,1,0
2011-12-31,MIDDAY,178,6,1,0.05,0578,2,1,1
2011-12-31,EVENING,448,4,2,0.09,0578,1,1,0
2012-01-01,MIDDAY,569,,1,0.05,0578,1,1,0
2012-01-01,EVENING,800,,0,0.02,5678,1,1,0
2012-01-02,MIDDAY,322,5,0,0.02,0578,1,1,0
2012-01-02,EVENING,755,8,0,0.02,5678,3,1,1
2012-01-03,MIDDAY,285,3,1,0.05,5678,2,1,1
2012-01-03,EVENING,877,7,2,0.09,5678,2,1,1
2012-01-04,MIDDAY,780,2,1,0.05,5678,2,1,1
2012-01-04,EVENING,797,8,2,0.09,2578,2,1,1
2012-01-05,MIDDAY,560,7,2,0.09,2578,2,1,1
2012-01-05,EVENING,604,7,1,0.05,0578,2,1,1
2012-01-06,MIDDAY,944,5,3,0.04,0578,1,1,0
2012-01-06,EVENING,303,6,1,0.05,0578,1,1,0
2012-01-07,MIDDAY,197,9,0,0.02,0578,1,1,0
2012-01-07,EVENING,461,3,0,0.02,0578,0,0,0
2012-01-08,MIDDAY,799,1,1,0.05,0578,1,1,0
2012-01-08,EVENING,336,4,1,0.05,0578,0,0,0
2012-01-09,MIDDAY,852,7,0,0.02,0678,2,1,1
2012-01-09,EVENING,062,3,0,0.02,0678,2,1,1
2012-01-10,MIDDAY,019,8,1,0.05,0678,2,1,1
2012-01-10,EVENING,778,0,1,0.05,0678,3,1,1
2012-01-11,MIDDAY,803,0,2,0.09,0678,2,1,1
2012-01-11,EVENING,446,7,2,0.09,0678,2,1,1
2012-01-12,MIDDAY,396,8,0,0.02,0678,2,1,1
2012-01-12,EVENING,125,4,1,0.05,0678,0,0,0
2012-01-13,MIDDAY,562,3,0,0.02,0678,1,1,0
2012-01-13,EVENING,620,1,2,0.09,0678,2,1,1
2012-01-14,MIDDAY,038,5,2,0.09,0678,2,1,1
2012-01-14,EVENING,629,6,1,0.05,0678,1,1,0
2012-01-15,MIDDAY,793,0,0,0.02,0678,2,1,1
2012-01-15,EVENING,073,6,1,0.05,0678,3,1,1
2012-01-16,MIDDAY,966,7,3,0.04,0367,2,1,1
2012-01-16,EVENING,688,0,2,0.09,0367,2,1,1
2012-01-17,MIDDAY,671,9,1,0.05,0367,2,1,1
2012-01-17,EVENING,000,6,1,0.05,0367,2,1,1
2012-01-18,MIDDAY,638,6,1,0.05,0367,2,1,1
2012-01-18,EVENING,019,0,1,0.05,0367,1,1,0
2012-01-19,MIDDAY,577,6,0,0.02,0367,2,1,1
2012-01-19,EVENING,432,0,0,0.02,0367,2,1,1
2012-01-20,MIDDAY,516,5,0,0.02,0367,1,1,0
2012-01-20,EVENING,667,4,0,0.02,0367,2,1,1
2012-01-21,MIDDAY,968,5,1,0.05,0367,1,1,0
2012-01-21,EVENING,733,6,1,0.05,0678,2,1,1
2012-01-22,MIDDAY,098,9,1,0.05,0367,1,1,0
2012-01-22,EVENING,906,7,0,0.02,0678,3,1,1
2012-01-23,MIDDAY,709,0,2,0.09,0678,2,1,1
2012-01-23,EVENING,443,9,3,0.04,0367,1,1,0
2012-01-24,MIDDAY,866,7,1,0.05,0679,2,1,1
2012-01-24,EVENING,599,4,0,0.02,0679,1,1,0
2012-01-25,MIDDAY,032,8,0,0.02,0679,1,1,0
2012-01-25,EVENING,626,5,0,0.02,0679,1,1,0
2012-01-26,MIDDAY,313,0,1,0.05,0679,1,1,0
2012-01-26,EVENING,235,6,0,0.02,0679,1,1,0
2012-01-27,MIDDAY,324,3,1,0.05,0679,0,0,0
2012-01-27,EVENING,491,2,2,0.09,0367,0,0,0
2012-01-28,MIDDAY,322,3,2,0.09,0369,1,1,0
2012-01-28,EVENING,122,4,1,0.05,0369,0,0,0
2012-01-29,MIDDAY,900,3,1,0.05,0236,2,1,1
2012-01-29,EVENING,902,1,0,0.02,0369,2,1,1
2012-01-30,MIDDAY,596,9,2,0.09,0369,2,1,1
2012-01-30,EVENING,869,9,1,0.05,0369,2,1,1
2012-01-31,MIDDAY,659,5,2,0.09,0369,2,1,1
2012-01-31,EVENING,855,8,2,0.09,2369,0,0,0
2012-02-01,MIDDAY,491,6,1,0.05,2369,2,1,1
2012-02-01,EVENING,703,8,0,0.02,2369,1,1,0
2012-02-02,MIDDAY,158,4,0,0.02,0369,0,0,0
2012-02-02,EVENING,839,7,1,0.05,0369,2,1,1
2012-02-03,MIDDAY,058,1,1,0.05,3689,1,1,0
2012-02-03,EVENING,035,8,1,0.05,0689,2,1,1
2012-02-04,MIDDAY,253,0,3,0.04,3689,1,1,0
2012-02-04,EVENING,635,0,3,0.04,3589,2,1,1
2012-02-05,MIDDAY,133,2,3,0.04,0359,1,1,0
2012-02-05,EVENING,580,6,1,0.05,0356,3,1,1
2012-02-06,MIDDAY,681,1,0,0.02,0356,1,1,0
2012-02-06,EVENING,981,5,2,0.09,0356,1,1,0
2012-02-07,MIDDAY,800,6,2,0.09,3568,2,1,1
2012-02-07,EVENING,708,9,1,0.05,0368,2,1,1
2012-02-08,MIDDAY,482,8,2,0.09,0568,1,1,0
2012-02-08,EVENING,664,7,1,0.05,0689,1,1,0
2012-02-09,MIDDAY,768,4,1,0.05,0689,2,1,1
2012-02-09,EVENING,223,6,3,0.04,0568,1,1,0
2012-02-10,MIDDAY,721,7,1,0.05,0689,0,0,0
2012-02-10,EVENING,153,2,1,0.05,0568,1,1,0
2012-02-11,MIDDAY,130,7,2,0.09,1568,1,1,0
2012-02-11,EVENING,963,1,2,0.09,0368,2,1,1
2012-02-12,MIDDAY,269,1,2,0.09,1368,2,1,1
2012-02-12,EVENING,748,9,3,0.04,1368,1,1,0
2012-02-13,MIDDAY,636,2,1,0.05,1368,2,1,1
2012-02-13,EVENING,455,7,0,0.02,1368,0,0,0
2012-02-14,MIDDAY,994,6,0,0.02,1368,1,1,0
2012-02-14,EVENING,150,4,1,0.05,1368,1,1,0
2012-02-15,MIDDAY,534,9,1,0.05,1368,1,1,0
2012-02-15,EVENING,187,1,2,0.09,1356,1,1,0
2012-02-16,MIDDAY,858,5,0,0.02,1368,1,1,0
2012-02-16,EVENING,353,1,1,0.05,1368,2,1,1
2012-02-17,MIDDAY,976,8,1,0.05,1568,2,1,1
2012-02-17,EVENING,620,3,0,0.02,1568,1,1,0
2012-02-18,MIDDAY,733,9,1,0.05,1568,0,0,0
2012-02-18,EVENING,343,6,1,0.05,1368,2,1,1
2012-02-19,MIDDAY,173,7,1,0.05,3689,1,1,0
2012-02-19,EVENING,019,3,1,0.05,1367,2,1,1
2012-02-20,MIDDAY,504,1,2,0.09,1369,1,1,0
2012-02-20,EVENING,843,0,2,0.09,1369,1,1,0
2012-02-21,MIDDAY,112,5,2,0.09,1346,1,1,0
2012-02-21,EVENING,513,8,0,0.02,1356,3,1,1
2012-02-22,MIDDAY,911,1,2,0.09,1356,1,1,0
2012-02-22,EVENING,900,5,1,0.05,1359,2,1,1
2012-02-23,MIDDAY,479,9,1,0.05,1359,1,1,0
2012-02-23,EVENING,128,9,1,0.05,1359,2,1,1
2012-02-24,MIDDAY,175,4,1,0.05,1359,2,1,1
2012-02-24,EVENING,654,1,1,0.05,1359,2,1,1
2012-02-25,MIDDAY,042,1,3,0.04,1345,2,1,1
2012-02-25,EVENING,556,6,2,0.09,1345,1,1,0
2012-02-26,MIDDAY,429,0,0,0.02,1345,1,1,0
2012-02-26,EVENING,971,5,0,0.02,1459,3,1,1
2012-02-27,MIDDAY,809,4,1,0.05,1459,2,1,1
2012-02-27,EVENING,275,9,1,0.05,1459,2,1,1
2012-02-28,MIDDAY,627,8,1,0.05,1459,0,0,0
2012-02-28,EVENING,919,2,2,0.09,1459,2,1,1
2012-02-29,MIDDAY,954,6,1,0.05,1459,3,1,1
2012-02-29,EVENING,725,9,1,0.05,1459,2,1,1
2012-03-01,MIDDAY,574,9,2,0.09,1459,3,1,1
2012-03-01,EVENING,407,7,3,0.04,1459,1,1,0
2012-03-02,MIDDAY,040,5,2,0.09,1459,2,1,1
2012-03-02,EVENING,761,4,2,0.09,1459,2,1,1
2012-03-03,MIDDAY,673,0,1,0.05,1459,0,0,0
2012-03-03,EVENING,631,7,2,0.09,4579,1,1,0
2012-03-04,MIDDAY,465,6,3,0.04,4579,2,1,1
2012-03-04,EVENING,578,6,1,0.05,4579,2,1,1
2012-03-05,MIDDAY,151,4,2,0.09,4579,2,1,1
2012-03-05,EVENING,779,5,1,0.05,1457,2,1,1
2012-03-06,MIDDAY,615,1,1,0.05,4579,1,1,0
2012-03-06,EVENING,539,7,1,0.05,1457,2,1,1
2012-03-07,MIDDAY,113,6,1,0.05,1457,1,1,0
2012-03-07,EVENING,223,5,1,0.05,4567,1,1,0
2012-03-08,MIDDAY,795,1,1,0.05,4567,2,1,1
2012-03-08,EVENING,722,2,1,0.05,1579,1,1,0
2012-03-09,MIDDAY,771,7,1,0.05,1579,2,1,1
2012-03-09,EVENING,965,7,1,0.05,1579,3,1,1
2012-03-10,MIDDAY,541,7,1,0.05,1579,3,1,1
2012-03-10,EVENING,887,9,2,0.09,1579,2,1,1
2012-03-11,MIDDAY,928,5,1,0.05,1579,2,1,1
2012-03-11,EVENING,917,8,2,0.09,1579,3,1,1
2012-03-12,MIDDAY,083,9,2,0.09,1579,1,1,0
2012-03-12,EVENING,935,9,2,0.09,1579,2,1,1
2012-03-13,MIDDAY,255,0,2,0.09,1579,1,1,0
2012-03-13,EVENING,603,9,1,0.05,1579,1,1,0
2012-03-14,MIDDAY,911,2,1,0.05,1579,2,1,1
2012-03-14,EVENING,984,6,1,0.05,1579,1,1,0
2012-03-15,MIDDAY,616,9,1,0.05,1579,2,1,1
2012-03-15,EVENING,679,9,2,0.09,1579,2,1,1
2012-03-16,MIDDAY,157,6,2,0.09,1579,3,1,1
2012-03-16,EVENING,714,6,2,0.09,1579,2,1,1
2012-03-17,MIDDAY,956,1,3,0.04,1579,3,1,1
2012-03-17,EVENING,085,7,2,0.09,1579,2,1,1
2012-03-18,MIDDAY,949,9,1,0.05,1579,1,1,0
2012-03-18,EVENING,290,0,0,0.02,1579,1,1,0
2012-03-19,MIDDAY,213,9,1,0.05,1579,2,1,1
2012-03-19,EVENING,583,2,2,0.09,1579,1,1,0
2012-03-20,MIDDAY,437,2,2,0.09,1579,1,1,0
2012-03-20,EVENING,866,5,2,0.09,1579,1,1,0
2012-03-21,MIDDAY,768,4,0,0.02,5679,2,1,1
2012-03-21,EVENING,174,8,2,0.09,5679,1,1,0
2012-03-22,MIDDAY,200,7,3,0.04,5789,1,1,0
2012-03-22,EVENING,715,1,1,0.05,5789,2,1,1
2012-03-23,MIDDAY,462,2,1,0.05,5789,0,0,0
2012-03-23,EVENING,528,7,0,0.02,5679,2,1,1
2012-03-24,MIDDAY,064,4,1,0.05,5679,1,1,0
2012-03-24,EVENING,064,5,0,0.02,5679,2,1,1
2012-03-25,MIDDAY,486,0,3,0.04,4567,2,1,1
2012-03-25,EVENING,057,0,3,0.04,4567,2,1,1
2012-03-26,MIDDAY,298,4,1,0.05,4567,1,1,0
2012-03-26,EVENING,317,0,0,0.02,4567,1,1,0
2012-03-27,MIDDAY,951,2,0,0.02,4567,1,1,0
2012-03-27,EVENING,194,3,1,0.05,4567,1,1,0
2012-03-28,MIDDAY,305,9,2,0.09,4567,1,1,0
2012-03-28,EVENING,133,1,2,0.09,4579,0,0,0
2012-03-29,MIDDAY,073,3,1,0.05,1457,1,1,0
2012-03-29,EVENING,202,1,1,0.05,0457,1,1,0
2012-03-30,MIDDAY,849,0,1,0.05,0157,1,1,0
2012-03-30,EVENING,252,2,1,0.05,0479,0,0,0
2012-03-31,MIDDAY,553,8,0,0.02,0257,1,1,0
2012-03-31,EVENING,496,2,1,0.05,0257,1,1,0
2012-04-01,EVENING,876,4,0,0.02,0245,1,1,0
2012-04-02,MIDDAY,255,5,2,0.09,0457,1,1,0
2012-04-02,EVENING,456,8,0,0.02,0245,2,1,1
2012-04-03,MIDDAY,033,2,1,0.05,2458,1,1,0
2012-04-03,EVENING,087,4,0,0.02,0245,2,1,1
2012-04-04,MIDDAY,087,0,1,0.05,0245,1,1,0
2012-04-04,EVENING,918,0,3,0.04,0458,2,1,1
2012-04-05,MIDDAY,106,0,2,0.09,0458,1,1,0
2012-04-05,EVENING,295,9,2,0.09,0458,1,1,0
2012-04-06,MIDDAY,105,1,0,0.02,0489,1,1,0
2012-04-06,EVENING,496,2,1,0.05,0458,1,1,0
2012-04-07,MIDDAY,679,1,0,0.02,0259,1,1,0
2012-04-07,EVENING,434,4,2,0.09,0129,0,0,0
2012-04-08,MIDDAY,071,6,0,0.02,0149,2,1,1
2012-04-08,EVENING,757,4,0,0.02,0149,1,1,0
2012-04-09,MIDDAY,005,0,1,0.05,0145,2,1,1
2012-04-09,EVENING,892,7,1,0.05,0145,0,0,0
2012-04-10,MIDDAY,236,0,0,0.02,0457,1,1,0
2012-04-10,EVENING,541,8,1,0.05,0257,1,1,0
2012-04-11,MIDDAY,395,2,0,0.02,0245,2,1,1
2012-04-11,EVENING,013,5,1,0.05,0245,2,1,1
2012-04-12,MIDDAY,822,3,2,0.09,0245,1,1,0
2012-04-12,EVENING,910,0,1,0.05,0258,1,1,0
2012-04-13,MIDDAY,459,8,0,0.02,0258,2,1,1
2012-04-13,EVENING,137,9,1,0.05,0258,0,0,0
2012-04-14,MIDDAY,784,4,1,0.05,0158,1,1,0
2012-04-14,EVENING,035,1,1,0.05,0589,2,1,1
2012-04-15,MIDDAY,456,7,0,0.02,0158,1,1,0
2012-04-15,EVENING,016,0,1,0.05,0145,2,1,1
2012-04-16,MIDDAY,698,4,1,0.05,0157,0,0,0
2012-04-16,EVENING,570,0,1,0.05,0159,2,1,1
2012-04-17,MIDDAY,229,6,0,0.02,0159,1,1,0
2012-04-17,EVENING,059,5,0,0.02,0159,3,1,1
2012-04-18,MIDDAY,351,2,1,0.05,0459,1,1,0
2012-04-18,EVENING,038,0,1,0.05,0159,1,1,0
2012-04-19,MIDDAY,093,3,1,0.05,0159,2,1,1
2012-04-19,EVENING,220,0,2,0.09,0359,1,1,0
2012-04-20,MIDDAY,013,0,1,0.05,0359,2,1,1
2012-04-20,EVENING,219,2,1,0.05,0359,1,1,0
2012-04-21,MIDDAY,677,0,1,0.05,0359,1,1,0
2012-04-21,EVENING,599,2,0,0.02,0359,2,1,1
2012-04-22,MIDDAY,569,6,0,0.02,0359,2,1,1
2012-04-22,EVENING,113,5,2,0.09,0359,2,1,1
2012-04-23,MIDDAY,081,5,1,0.05,0359,2,1,1
2012-04-23,EVENING,589,1,2,0.09,0159,3,1,1
2012-04-24,MIDDAY,812,0,3,0.04,0159,2,1,1
2012-04-24,EVENING,065,5,2,0.09,0159,2,1,1
2012-04-25,MIDDAY,772,8,1,0.05,0159,0,0,0
2012-04-25,EVENING,568,0,0,0.02,0159,2,1,1
2012-04-26,MIDDAY,569,7,1,0.05,0159,2,1,1
2012-04-26,EVENING,006,5,2,0.09,0159,2,1,1
2012-04-27,MIDDAY,657,5,2,0.09,0156,2,1,1
2012-04-27,EVENING,109,0,2,0.09,0569,2,1,1
2012-04-28,MIDDAY,471,6,0,0.02,0569,1,1,0
2012-04-28,EVENING,641,1,1,0.05,0156,2,1,1
2012-04-29,MIDDAY,820,4,3,0.04,0156,1,1,0
2012-04-29,EVENING,537,6,1,0.05,0156,2,1,1
2012-04-30,MIDDAY,115,8,0,0.02,0156,2,1,1
2012-04-30,EVENING,221,5,1,0.05,0156,2,1,1
2012-05-01,MIDDAY,574,1,2,0.09,0156,2,1,1
2012-05-01,EVENING,765,2,2,0.09,0156,2,1,1
2012-05-02,MIDDAY,549,5,2,0.09,0156,1,1,0
2012-05-02,EVENING,606,7,1,0.05,0156,2,1,1
2012-05-03,MIDDAY,451,5,0,0.02,0156,2,1,1
2012-05-03,EVENING,976,6,0,0.02,0156,1,1,0
2012-05-04,MIDDAY,741,4,0,0.02,1567,2,1,1
2012-05-04,EVENING,813,9,1,0.05,1567,1,1,0
2012-05-05,MIDDAY,866,7,1,0.05,1567,2,1,1
2012-05-05,EVENING,746,8,1,0.05,1567,2,1,1
2012-05-06,MIDDAY,103,8,3,0.04,1567,1,1,0
2012-05-06,EVENING,470,7,1,0.05,1567,1,1,0
2012-05-07,MIDDAY,750,1,1,0.05,1567,3,1,1
2012-05-07,EVENING,961,4,2,0.09,1567,2,1,1
2012-05-08,MIDDAY,250,7,1,0.05,1567,2,1,1
2012-05-08,EVENING,553,9,0,0.02,1567,1,1,0
2012-05-09,MIDDAY,047,2,1,0.05,1567,1,1,0
2012-05-09,EVENING,913,5,0,0.02,0157,2,1,1
2012-05-10,MIDDAY,746,0,0,0.02,0157,2,1,1
2012-05-10,EVENING,134,9,0,0.02,0157,1,1,0
2012-05-11,MIDDAY,049,7,1,0.05,1457,2,1,1
2012-05-11,EVENING,353,1,2,0.09,0157,2,1,1
2012-05-14,MIDDAY,187,0,0,0.02,0157,3,1,1
2012-05-14,EVENING,529,3,1,0.05,0157,1,1,0
2012-05-15,MIDDAY,804,1,0,0.02,0157,2,1,1
2012-05-15,EVENING,642,5,0,0.02,0157,1,1,0
2012-05-16,MIDDAY,839,8,1,0.05,1457,0,0,0
2012-05-16,EVENING,618,6,0,0.02,1457,1,1,0
2012-05-17,MIDDAY,005,8,1,0.05,0147,1,1,0
2012-05-17,EVENING,866,6,1,0.05,0145,0,0,0
2012-05-18,MIDDAY,284,0,1,0.05,0178,2,1,1
2012-05-18,EVENING,583,8,1,0.05,0148,1,1,0
2012-05-19,MIDDAY,480,2,1,0.05,0158,2,1,1
2012-05-19,EVENING,390,5,1,0.05,0458,2,1,1
2012-05-20,MIDDAY,957,4,1,0.05,0458,2,1,1
2012-05-20,EVENING,305,3,2,0.09,0458,2,1,1
2012-05-21,MIDDAY,236,9,1,0.05,0458,0,0,0
2012-05-21,EVENING,841,3,1,0.05,0458,2,1,1
2012-05-22,MIDDAY,357,2,1,0.05,0458,1,1,0
2012-05-22,EVENING,257,8,1,0.05,0345,1,1,0
2012-05-23,MIDDAY,817,3,3,0.04,3458,2,1,1
2012-05-23,EVENING,091,2,2,0.09,3458,0,0,0
2012-05-24,MIDDAY,703,8,1,0.05,0358,3,1,1
2012-05-24,EVENING,013,0,1,0.05,0358,2,1,1
2012-05-25,MIDDAY,977,7,2,0.09,0358,0,0,0
2012-05-25,EVENING,115,0,0,0.02,0358,2,1,1
2012-05-26,MIDDAY,152,9,0,0.02,0358,1,1,0
2012-05-26,EVENING,481,1,2,0.09,0158,2,1,1
2012-05-27,MIDDAY,544,1,1,0.05,0158,2,1,1
2012-05-27,EVENING,025,4,2,0.09,0158,2,1,1
2012-05-28,MIDDAY,642,5,2,0.09,0158,1,1,0
2012-05-28,EVENING,718,0,3,0.04,0158,3,1,1
2012-05-29,MIDDAY,673,6,0,0.02,0158,0,0,0
2012-05-29,EVENING,757,7,1,0.05,0158,1,1,0
2012-05-30,MIDDAY,489,6,1,0.05,0157,0,0,0
2012-05-30,EVENING,902,7,0,0.02,0158,1,1,0
2012-05-31,MIDDAY,687,4,1,0.05,0157,1,1,0
2012-05-31,EVENING,425,9,1,0.05,0457,2,1,1
2012-06-01,MIDDAY,011,6,1,0.05,0457,1,1,0
2012-06-01,EVENING,119,4,0,0.02,0457,1,1,0
2012-06-02,MIDDAY,330,0,1,0.05,1457,0,0,0
2012-06-02,EVENING,139,1,0,0.02,0147,1,1,0
2012-06-03,EVENING,297,1,1,0.05,0147,2,1,1
2012-06-04,MIDDAY,091,3,2,0.09,0179,3,1,1
2012-06-04,EVENING,443,2,2,0.09,0179,0,0,0
2012-06-05,MIDDAY,180,0,1,0.05,0149,2,1,1
2012-06-05,EVENING,362,4,0,0.02,0149,1,1,0
2012-06-06,MIDDAY,355,1,0,0.02,0149,1,1,0
2012-06-06,EVENING,322,3,1,0.05,0134,1,1,0
2012-06-07,MIDDAY,693,3,1,0.05,1234,1,1,0
2012-06-07,EVENING,108,3,1,0.05,1234,2,1,1
2012-06-08,MIDDAY,208,6,1,0.05,1234,1,1,0
2012-06-08,EVENING,893,1,2,0.09,0123,2,1,1
2012-06-09,MIDDAY,328,2,1,0.05,0123,2,1,1
2012-06-09,EVENING,017,8,2,0.09,1238,2,1,1
2012-06-10,MIDDAY,579,3,1,0.05,0138,1,1,0
2012-06-10,EVENING,515,0,1,0.05,1389,1,1,0
2012-06-11,MIDDAY,735,5,1,0.05,0138,1,1,0
2012-06-11,EVENING,897,5,1,0.05,0138,1,1,0
2012-06-12,MIDDAY,714,7,2,0.09,1389,1,1,0
2012-06-12,EVENING,303,8,1,0.05,0138,3,1,1
2012-06-13,MIDDAY,775,7,0,0.02,0138,0,0,0
2012-06-13,EVENING,266,3,0,0.02,0137,1,1,0
2012-06-14,MIDDAY,068,7,0,0.02,0137,2,1,1
2012-06-14,EVENING,482,2,1,0.05,0137,0,0,0
2012-06-15,MIDDAY,131,0,1,0.05,1378,2,1,1
2012-06-15,EVENING,494,4,0,0.02,0138,0,0,0
2012-06-16,MIDDAY,896,1,0,0.02,1378,2,1,1
2012-06-16,EVENING,273,4,1,0.05,0138,1,1,0
2012-06-17,MIDDAY,069,8,0,0.02,1378,1,1,0
2012-06-17,EVENING,712,2,0,0.02,0138,1,1,0
2012-06-18,MIDDAY,949,0,0,0.02,1378,0,0,0
2012-06-18,EVENING,369,7,0,0.02,0138,1,1,0
2012-06-19,MIDDAY,867,9,1,0.05,3789,3,1,1
2012-06-19,EVENING,100,3,3,0.04,3789,1,1,0
2012-06-20,MIDDAY,285,8,0,0.02,1378,1,1,0
2012-06-20,EVENING,190,1,0,0.02,3789,1,1,0
2012-06-21,MIDDAY,546,2,0,0.02,3789,0,0,0
2012-06-21,EVENING,534,1,0,0.02,0379,1,1,0
2012-06-22,MIDDAY,059,5,2,0.09,1379,1,1,0
2012-06-22,EVENING,470,5,1,0.05,0379,2,1,1
2012-06-23,MIDDAY,048,0,2,0.09,0379,1,1,0
2012-06-23,EVENING,535,4,2,0.09,0379,1,1,0
2012-06-24,MIDDAY,291,0,1,0.05,0349,2,1,1
2012-06-24,EVENING,931,5,0,0.02,0349,2,1,1
2012-06-25,MIDDAY,730,2,2,0.09,0139,2,1,1
2012-06-25,EVENING,437,9,1,0.05,0349,3,1,1
2012-06-26,MIDDAY,107,7,2,0.09,0349,1,1,0
2012-06-26,EVENING,173,4,1,0.05,0139,2,1,1
2012-06-27,MIDDAY,105,1,2,0.09,0139,2,1,1
2012-06-27,EVENING,034,1,1,0.05,0139,3,1,1
2012-06-28,MIDDAY,786,1,2,0.09,0139,1,1,0
2012-06-28,EVENING,863,0,1,0.05,0137,2,1,1
2012-06-29,MIDDAY,431,7,2,0.09,0137,3,1,1
2012-06-29,EVENING,074,8,1,0.05,0137,2,1,1
2012-06-30,MIDDAY,515,4,2,0.09,0137,1,1,0
2012-07-01,MIDDAY,088,5,1,0.05,0134,1,1,0
2012-07-01,EVENING,021,0,1,0.05,0137,2,1,1
2012-07-02,MIDDAY,822,0,1,0.05,0134,1,1,0
2012-07-02,EVENING,272,0,2,0.09,0134,1,1,0
2012-07-03,MIDDAY,366,8,2,0.09,0147,0,0,0
2012-07-03,EVENING,871,2,0,0.02,0137,2,1,1
2012-07-04,MIDDAY,468,3,1,0.05,0137,1,1,0
2012-07-04,EVENING,785,8,1,0.05,0137,1,1,0
2012-07-05,MIDDAY,705,4,1,0.05,0178,2,1,1
2012-07-05,EVENING,460,7,2,0.09,0178,2,1,1
2012-07-06,MIDDAY,072,7,3,0.04,0478,2,1,1
2012-07-06,EVENING,531,4,2,0.09,0147,2,1,1
2012-07-07,MIDDAY,531,0,0,0.02,0147,2,1,1
2012-07-07,EVENING,832,5,3,0.04,0137,1,1,0
2012-07-08,MIDDAY,505,5,2,0.09,0378,1,1,0
2012-07-08,EVENING,534,8,1,0.05,0137,1,1,0
2012-07-09,MIDDAY,038,5,1,0.05,0345,3,1,1
2012-07-09,EVENING,057,5,3,0.04,0358,2,1,1
2012-07-10,MIDDAY,793,0,2,0.09,0358,2,1,1
2012-07-10,EVENING,494,0,2,0.09,0357,1,1,0
2012-07-11,MIDDAY,107,7,2,0.09,0357,2,1,1
2012-07-11,EVENING,487,4,1,0.05,0357,1,1,0
2012-07-12,MIDDAY,819,1,1,0.05,0578,1,1,0
2012-07-12,EVENING,388,4,1,0.05,0578,1,1,0
2012-07-13,MIDDAY,908,8,1,0.05,0578,2,1,1
2012-07-13,EVENING,931,3,1,0.05,0378,1,1,0
2012-07-14,MIDDAY,033,9,1,0.05,0378,2,1,1
2012-07-14,EVENING,140,9,2,0.09,0378,1,1,0
2012-07-15,MIDDAY,021,0,2,0.09,0348,1,1,0
2012-07-15,EVENING,630,1,2,0.09,0348,2,1,1
2012-07-16,MIDDAY,451,0,2,0.09,0138,2,1,1
2012-07-16,EVENING,591,6,2,0.09,0134,1,1,0
2012-07-17,MIDDAY,771,4,2,0.09,0135,1,1,0
2012-07-17,EVENING,583,5,1,0.05,0134,1,1,0
2012-07-18,MIDDAY,393,7,0,0.02,0135,1,1,0
2012-07-18,EVENING,780,5,1,0.05,0135,2,1,1
2012-07-19,MIDDAY,522,3,1,0.05,0135,2,1,1
2012-07-19,EVENING,385,7,1,0.05,0135,2,1,1
2012-07-20,MIDDAY,316,5,2,0.09,0135,3,1,1
2012-07-20,EVENING,279,3,2,0.09,0135,1,1,0
2012-07-21,MIDDAY,487,3,1,0.05,0135,1,1,0
2012-07-21,EVENING,544,2,2,0.09,0357,1,1,0
2012-07-22,MIDDAY,200,4,1,0.05,0357,1,1,0
2012-07-22,EVENING,603,5,2,0.09,0357,3,1,1
2012-07-23,MIDDAY,688,2,1,0.05,0357,0,0,0
2012-07-23,EVENING,690,6,1,0.05,0358,1,1,0
2012-07-24,MIDDAY,697,6,1,0.05,0358,0,0,0
2012-07-24,EVENING,290,6,2,0.09,0359,2,1,1
2012-07-25,MIDDAY,914,6,2,0.09,0359,1,1,0
2012-07-25,EVENING,494,2,2,0.09,0359,1,1,0
2012-07-26,MIDDAY,099,9,2,0.09,0359,2,1,1
2012-07-26,EVENING,518,4,1,0.05,0359,1,1,0
2012-07-27,MIDDAY,532,0,0,0.02,0459,2,1,1
2012-07-27,EVENING,829,5,1,0.05,0359,2,1,1
2012-07-28,MIDDAY,366,5,2,0.09,0359,2,1,1
2012-07-28,EVENING,872,8,1,0.05,0359,0,0,0
2012-07-29,MIDDAY,176,3,0,0.02,2359,1,1,0
2012-07-29,EVENING,998,8,1,0.05,2359,1,1,0
2012-07-30,MIDDAY,488,1,0,0.02,3589,1,1,0
2012-07-30,EVENING,164,9,1,0.05,3589,1,1,0
2012-07-31,MIDDAY,878,4,2,0.09,3589,1,1,0
2012-07-31,EVENING,918,1,1,0.05,3589,2,1,1
2012-08-01,MIDDAY,608,8,1,0.05,3489,1,1,0
2012-08-01,EVENING,811,9,1,0.05,4689,2,1,1
2012-08-02,MIDDAY,044,6,1,0.05,4689,2,1,1
2012-08-02,EVENING,156,8,0,0.02,4689,2,1,1
2012-08-03,MIDDAY,681,0,1,0.05,1689,3,1,1
2012-08-03,EVENING,287,1,3,0.04,1689,2,1,1
2012-08-04,MIDDAY,964,6,2,0.09,1689,2,1,1
2012-08-04,EVENING,680,2,0,0.02,1689,2,1,1
2012-08-05,MIDDAY,735,9,1,0.05,1689,1,1,0
2012-08-05,EVENING,925,6,0,0.02,1689,2,1,1
2012-08-06,MIDDAY,491,7,2,0.09,1689,2,1,1
2012-08-06,EVENING,596,9,1,0.05,1689,2,1,1
2012-08-07,MIDDAY,998,4,1,0.05,1689,2,1,1
2012-08-07,EVENING,883,5,1,0.05,1689,1,1,0
2012-08-08,MIDDAY,489,9,1,0.05,5689,2,1,1
2012-08-08,EVENING,600,8,1,0.05,5689,2,1,1
2012-08-09,MIDDAY,443,4,1,0.05,5689,0,0,0
2012-08-09,EVENING,452,6,0,0.02,4689,2,1,1
2012-08-10,MIDDAY,521,4,1,0.05,4689,1,1,0
2012-08-10,EVENING,443,4,3,0.04,4689,1,1,0
2012-08-11,MIDDAY,057,5,1,0.05,4689,0,0,0
2012-08-11,EVENING,589,4,0,0.02,4689,3,1,1
2012-08-12,MIDDAY,243,0,1,0.05,4689,1,1,0
2012-08-12,EVENING,269,5,1,0.05,4589,2,1,1
2012-08-13,MIDDAY,643,2,1,0.05,4689,2,1,1
2012-08-13,EVENING,919,2,2,0.09,4568,0,0,0
2012-08-14,MIDDAY,373,6,1,0.05,4569,1,1,0
2012-08-14,EVENING,470,9,0,0.02,2469,2,1,1
2012-08-15,MIDDAY,848,3,1,0.05,2469,1,1,0
2012-08-15,EVENING,927,4,1,0.05,2469,3,1,1
2012-08-16,MIDDAY,814,8,1,0.05,2469,1,1,0
2012-08-16,EVENING,493,9,1,0.05,2469,2,1,1
2012-08-17,MIDDAY,041,8,1,0.05,2469,1,1,0
2012-08-17,EVENING,160,4,1,0.05,4689,2,1,1
2012-08-18,MIDDAY,958,0,3,0.04,0469,2,1,1
2012-08-18,EVENING,485,1,1,0.05,4689,2,1,1
2012-08-19,MIDDAY,419,9,2,0.09,4589,2,1,1
2012-08-19,EVENING,709,4,2,0.09,1489,2,1,1
2012-08-20,MIDDAY,599,4,2,0.09,1489,2,1,1
2012-08-20,EVENING,535,7,2,0.09,1489,0,0,0
2012-08-21,MIDDAY,148,5,1,0.05,4589,3,1,1
2012-08-21,EVENING,733,5,1,0.05,4589,1,1,0
2012-08-22,MIDDAY,183,1,1,0.05,4589,1,1,0
2012-08-22,EVENING,611,7,1,0.05,4589,0,0,0
2012-08-23,MIDDAY,546,1,1,0.05,1459,3,1,1
2012-08-23,EVENING,888,6,2,0.09,1459,0,0,0
2012-08-24,MIDDAY,557,5,1,0.05,1489,0,0,0
2012-08-24,EVENING,136,8,0,0.02,1458,2,1,1
2012-08-25,MIDDAY,696,5,0,0.02,1458,1,1,0
2012-08-25,EVENING,009,1,1,0.05,1458,1,1,0
2012-08-26,MIDDAY,941,6,1,0.05,1458,2,1,1
2012-08-26,EVENING,541,0,2,0.09,1469,2,1,1
2012-08-27,MIDDAY,444,9,2,0.09,1459,2,1,1
2012-08-27,EVENING,204,5,1,0.05,1459,2,1,1
2012-08-28,MIDDAY,956,4,1,0.05,1459,3,1,1
2012-08-28,EVENING,154,2,2,0.09,1459,3,1,1
2012-08-29,MIDDAY,832,9,2,0.09,1459,1,1,0
2012-08-29,EVENING,753,1,1,0.05,1459,2,1,1
2012-08-30,MIDDAY,262,8,1,0.05,1459,0,0,0
2012-08-30,EVENING,502,7,0,0.02,1459,1,1,0
2012-08-31,MIDDAY,927,2,1,0.05,1459,1,1,0
2012-08-31,EVENING,231,5,2,0.09,1459,2,1,1
2012-09-01,MIDDAY,046,9,1,0.05,1459,2,1,1
2012-09-01,EVENING,957,2,0,0.02,1459,2,1,1
2012-09-02,MIDDAY,669,0,1,0.05,1459,1,1,0
2012-09-02,EVENING,479,9,1,0.05,1459,2,1,1
2012-09-03,MIDDAY,201,6,1,0.05,1459,1,1,0
2012-09-03,EVENING,070,4,0,0.02,1459,1,1,0
2012-09-04,MIDDAY,542,2,1,0.05,4569,2,1,1
2012-09-04,EVENING,421,0,1,0.05,2459,2,1,1
2012-09-05,MIDDAY,319,5,2,0.09,2459,2,1,1
2012-09-05,EVENING,939,4,1,0.05,2459,2,1,1
2012-09-06,MIDDAY,482,3,2,0.09,1459,1,1,0
2012-09-06,EVENING,436,9,2,0.09,2459,2,1,1
2012-09-07,MIDDAY,066,4,2,0.09,1249,1,1,0
2012-09-07,EVENING,916,4,2,0.09,2459,2,1,1
2012-09-08,MIDDAY,252,0,2,0.09,2459,2,1,1
2012-09-08,EVENING,182,9,0,0.02,2459,2,1,1
2012-09-09,EVENING,279,1,1,0.05,2459,2,1,1
2012-09-10,MIDDAY,575,2,3,0.04,1249,1,1,0
2012-09-10,EVENING,604,2,2,0.09,1249,2,1,1
2012-09-11,MIDDAY,936,5,1,0.05,1249,1,1,0
2012-09-11,EVENING,291,6,1,0.05,2459,2,1,1
2012-09-12,MIDDAY,226,9,2,0.09,2469,3,1,1
2012-09-12,EVENING,414,2,3,0.04,2469,2,1,1
2012-09-13,MIDDAY,689,2,1,0.05,1249,2,1,1
2012-09-13,EVENING,766,4,1,0.05,2469,2,1,1
2012-09-14,MIDDAY,716,6,1,0.05,2469,1,1,0
2012-09-14,EVENING,114,7,2,0.09,2469,1,1,0
2012-09-15,MIDDAY,848,7,2,0.09,2469,1,1,0
2012-09-15,EVENING,419,1,2,0.09,2469,2,1,1
2012-09-16,MIDDAY,117,8,1,0.05,2469,0,0,0
2012-09-16,EVENING,250,4,1,0.05,1249,2,1,1
2012-09-17,MIDDAY,356,1,0,0.02,1249,1,1,0
2012-09-17,EVENING,444,2,1,0.05,1246,2,1,1
2012-09-18,MIDDAY,926,3,0,0.02,1246,2,1,1
2012-09-18,EVENING,557,4,1,0.05,1246,1,1,0
2012-09-19,MIDDAY,849,9,0,0.02,1246,1,1,0
2012-09-19,EVENING,929,5,1,0.05,2469,2,1,1
2012-09-20,MIDDAY,077,8,1,0.05,1249,0,0,0
2012-09-20,EVENING,895,9,0,0.02,1249,1,1,0
2012-09-21,MIDDAY,314,0,1,0.05,2459,1,1,0
2012-09-21,EVENING,711,8,0,0.02,1249,1,1,0
2012-09-22,MIDDAY,050,3,1,0.05,1249,0,0,0
2012-09-22,EVENING,796,7,0,0.02,2459,1,1,0
2012-09-23,MIDDAY,479,0,0,0.02,2479,3,1,1
2012-09-23,EVENING,447,7,2,0.09,2479,2,1,1
2012-09-24,MIDDAY,939,4,2,0.09,2479,2,1,1
2012-09-24,EVENING,887,4,1,0.05,2479,2,1,1
2012-09-25,MIDDAY,239,9,1,0.05,1479,1,1,0
2012-09-25,EVENING,240,8,0,0.02,2479,2,1,1
2012-09-26,MIDDAY,834,2,1,0.05,2479,2,1,1
2012-09-26,EVENING,810,2,3,0.04,2479,1,1,0
2012-09-27,MIDDAY,366,8,2,0.09,2479,0,0,0
2012-09-27,EVENING,988,8,1,0.05,2489,2,1,1
2012-09-28,MIDDAY,547,3,1,0.05,2489,1,1,0
2012-09-28,EVENING,275,9,0,0.02,2489,2,1,1
2012-09-29,MIDDAY,678,5,2,0.09,2489,1,1,0
2012-09-29,EVENING,809,2,2,0.09,4789,2,1,1
2012-09-30,MIDDAY,378,6,1,0.05,2489,1,1,0
2012-09-30,EVENING,443,8,1,0.05,4789,2,1,1
2012-10-01,MIDDAY,735,3,2,0.09,4789,1,1,0
2012-10-01,EVENING,125,4,1,0.05,4789,1,1,0
2012-10-02,MIDDAY,960,7,1,0.05,4789,2,1,1
2012-10-02,EVENING,927,1,0,0.02,4789,2,1,1
2012-10-03,MIDDAY,155,9,2,0.09,4789,1,1,0
2012-10-03,EVENING,832,9,2,0.09,4789,2,1,1
2012-10-04,MIDDAY,527,1,1,0.05,2789,2,1,1
2012-10-04,EVENING,850,8,1,0.05,2789,1,1,0
2012-10-05,MIDDAY,569,5,1,0.05,2789,1,1,0
2012-10-05,EVENING,361,8,1,0.05,2789,1,1,0
2012-10-06,MIDDAY,205,5,1,0.05,2789,1,1,0
2012-10-06,EVENING,344,3,0,0.02,2589,0,0,0
2012-10-07,MIDDAY,540,2,0,0.02,2589,2,1,1
2012-10-07,EVENING,849,3,1,0.05,2589,2,1,1
2012-10-08,MIDDAY,138,5,1,0.05,2589,2,1,1
2012-10-08,EVENING,259,8,2,0.09,2358,3,1,1
2012-10-09,MIDDAY,331,1,2,0.09,2589,0,0,0
2012-10-09,EVENING,091,2,0,0.02,3589,1,1,0
2012-10-10,MIDDAY,707,3,1,0.05,3589,1,1,0
2012-10-10,EVENING,607,0,1,0.05,3589,0,0,0
2012-10-11,MIDDAY,719,7,2,0.09,2358,0,0,0
2012-10-11,EVENING,070,6,1,0.05,3589,0,0,0
2012-10-12,MIDDAY,988,7,1,0.05,3579,2,1,1
2012-10-12,EVENING,139,0,1,0.05,3789,2,1,1
2012-10-13,MIDDAY,218,9,1,0.05,0379,1,1,0
2012-10-13,EVENING,345,1,2,0.09,1789,1,1,0
2012-10-14,MIDDAY,454,2,1,0.05,1379,0,0,0
2012-10-14,EVENING,357,3,2,0.09,1579,2,1,1
2012-10-15,MIDDAY,175,4,1,0.05,3579,2,1,1
2012-10-15,EVENING,248,3,2,0.09,1579,0,0,0
2012-10-16,MIDDAY,291,1,1,0.05,1357,1,1,0
2012-10-16,EVENING,836,2,1,0.05,1359,1,1,0
2012-10-17,MIDDAY,297,2,1,0.05,2359,2,1,1
2012-10-17,EVENING,442,8,1,0.05,1239,1,1,0
2012-10-18,MIDDAY,959,2,1,0.05,2389,2,1,1
2012-10-18,EVENING,318,4,1,0.05,2359,1,1,0
2012-10-19,MIDDAY,103,9,0,0.02,2389,2,1,1
2012-10-19,EVENING,398,3,2,0.09,1239,2,1,1
2012-10-20,MIDDAY,615,1,2,0.09,2389,0,0,0
2012-10-20,EVENING,696,3,0,0.02,1239,2,1,1
2012-10-21,MIDDAY,671,6,1,0.05,1239,1,1,0
2012-10-21,EVENING,785,6,1,0.05,1239,0,0,0
2012-10-22,MIDDAY,164,6,2,0.09,1379,1,1,0
2012-10-22,EVENING,054,7,1,0.05,1379,1,1,0
2012-10-23,MIDDAY,865,1,1,0.05,1379,1,1,0
2012-10-23,EVENING,578,0,1,0.05,1589,2,1,1
2012-10-24,MIDDAY,348,8,2,0.09,1578,1,1,0
2012-10-24,EVENING,866,5,1,0.05,1358,2,1,1
2012-10-25,MIDDAY,561,3,1,0.05,1358,3,1,1
2012-10-25,EVENING,961,8,2,0.09,1358,2,1,1
2012-10-26,MIDDAY,300,5,2,0.09,1568,1,1,0
2012-10-26,EVENING,691,9,0,0.02,1358,1,1,0
2012-10-27,MIDDAY,066,3,0,0.02,1568,1,1,0
2012-10-27,EVENING,799,6,1,0.05,1568,1,1,0
2012-10-28,EVENING,273,7,1,0.05,1368,1,1,0
2012-10-29,MIDDAY,366,0,1,0.05,1368,2,1,1
2012-10-29,EVENING,428,2,1,0.05,1356,0,0,0
2012-10-30,MIDDAY,528,3,0,0.02,1368,2,1,1
2012-10-30,EVENING,524,4,2,0.09,3568,1,1,0
2012-10-31,MIDDAY,850,5,2,0.09,3568,2,1,1
2012-10-31,EVENING,079,5,1,0.05,3568,1,1,0
2012-11-01,MIDDAY,225,8,2,0.09,3568,2,1,1
2012-11-01,EVENING,208,0,1,0.05,3568,1,1,0
2012-11-02,MIDDAY,140,2,2,0.09,3568,0,0,0
2012-11-02,EVENING,335,2,2,0.09,3568,2,1,1
2012-11-03,MIDDAY,871,1,1,0.05,2358,1,1,0
2012-11-03,EVENING,759,3,0,0.02,2358,2,1,1
2012-11-04,MIDDAY,238,8,1,0.05,2358,3,1,1
2012-11-04,EVENING,903,7,1,0.05,2358,1,1,0
2012-11-05,MIDDAY,923,2,1,0.05,2358,2,1,1
2012-11-05,EVENING,717,9,2,0.09,2358,0,0,0
2012-11-06,MIDDAY,342,9,1,0.05,2358,2,1,1
2012-11-06,EVENING,200,7,1,0.05,2359,1,1,0
2012-11-07,MIDDAY,932,3,1,0.05,2359,3,1,1
2012-11-07,EVENING,370,2,1,0.05,2359,2,1,1
2012-11-08,MIDDAY,422,9,2,0.09,2379,2,1,1
2012-11-08,EVENING,771,3,1,0.05,2379,2,1,1
2012-11-09,MIDDAY,135,4,0,0.02,2379,1,1,0
2012-11-09,EVENING,615,7,2,0.09,2379,1,1,0
2012-11-10,MIDDAY,646,1,2,0.09,2379,0,0,0
2012-11-10,EVENING,325,6,2,0.09,2357,3,1,1
2012-11-11,MIDDAY,526,6,1,0.05,2357,2,1,1
2012-11-11,EVENING,519,3,3,0.04,1235,3,1,1
2012-11-12,MIDDAY,393,5,1,0.05,1235,2,1,1
2012-11-12,EVENING,383,5,3,0.04,1235,2,1,1
2012-11-13,MIDDAY,467,3,2,0.09,2359,1,1,0
2012-11-13,EVENING,004,3,1,0.05,2357,1,1,0
2012-11-14,MIDDAY,935,4,2,0.09,2357,2,1,1
2012-11-14,EVENING,270,0,2,0.09,2359,1,1,0
2012-11-15,MIDDAY,916,9,0,0.02,2357,0,0,0
2012-11-15,EVENING,768,2,0,0.02,2359,1,1,0
2012-11-16,MIDDAY,409,9,1,0.05,2359,1,1,0
2012-11-16,EVENING,901,7,0,0.02,2359,1,1,0
2012-11-17,MIDDAY,852,4,2,0.09,3579,1,1,0
2012-11-17,EVENING,367,9,0,0.02,2359,2,1,1
2012-11-18,MIDDAY,110,8,0,0.02,2379,0,0,0
2012-11-18,EVENING,933,3,0,0.02,2379,2,1,1
2012-11-19,MIDDAY,345,1,0,0.02,2379,1,1,0
2012-11-19,EVENING,367,9,1,0.05,1359,2,1,1
2012-11-20,MIDDAY,662,3,1,0.05,3579,1,1,0
2012-11-20,EVENING,298,3,2,0.09,3569,2,1,1
2012-11-21,MIDDAY,887,6,2,0.09,2359,0,0,0
2012-11-21,EVENING,015,2,1,0.05,3569,1,1,0
2012-11-22,MIDDAY,644,8,0,0.02,2369,1,1,0
2012-11-22,EVENING,261,0,0,0.02,2369,2,1,1
2012-11-23,MIDDAY,738,6,1,0.05,2369,2,1,1
2012-11-23,EVENING,231,2,1,0.05,2369,2,1,1
2012-11-24,MIDDAY,005,7,1,0.05,2369,0,0,0
2012-11-24,EVENING,798,2,0,0.02,2367,2,1,1
2012-11-25,MIDDAY,708,0,1,0.05,2367,1,1,0
2012-11-25,EVENING,568,7,2,0.09,2378,2,1,1
2012-11-26,MIDDAY,608,7,2,0.09,2378,2,1,1
2012-11-26,EVENING,122,5,3,0.04,3678,0,0,0
2012-11-27,MIDDAY,134,6,0,0.02,2678,1,1,0
2012-11-27,EVENING,119,1,1,0.05,3678,0,0,0
2012-11-28,MIDDAY,890,1,1,0.05,3678,1,1,0
2012-11-28,EVENING,777,1,2,0.09,1378,2,1,1
2012-11-29,MIDDAY,539,8,1,0.05,1378,2,1,1
2012-11-29,EVENING,828,7,0,0.02,1378,2,1,1
2012-11-30,MIDDAY,645,5,1,0.05,1378,0,0,0
2012-11-30,EVENING,972,8,0,0.02,1678,2,1,1
2012-12-01,MIDDAY,479,6,0,0.02,3678,2,1,1
2012-12-01,EVENING,637,9,2,0.09,1678,2,1,1
2012-12-02,MIDDAY,243,4,3,0.04,6789,0,0,0
2012-12-02,EVENING,714,6,1,0.05,3678,2,1,1
2012-12-03,MIDDAY,344,2,1,0.05,6789,0,0,0
2012-12-03,EVENING,064,7,1,0.05,3678,2,1,1
2012-12-04,MIDDAY,129,3,1,0.05,3678,1,1,0
2012-12-04,EVENING,005,0,0,0.02,2367,0,0,0
2012-12-05,MIDDAY,734,1,0,0.02,2367,2,1,1
2012-12-05,EVENING,822,0,0,0.02,3679,0,0,0
2012-12-06,MIDDAY,044,7,0,0.02,2367,1,1,0
2012-12-06,EVENING,507,8,1,0.05,3467,1,1,0
2012-12-07,MIDDAY,477,0,2,0.09,3478,2,1,1
2012-12-07,EVENING,204,5,2,0.09,0478,2,1,1
2012-12-08,MIDDAY,795,4,2,0.09,0247,2,1,1
2012-12-08,EVENING,530,2,2,0.09,0247,2,1,1
2012-12-09,MIDDAY,554,7,1,0.05,0247,2,1,1
2012-12-09,EVENING,407,5,1,0.05,0247,3,1,1
2012-12-10,MIDDAY,535,5,3,0.04,0147,0,0,0
2012-12-10,EVENING,273,4,1,0.05,0457,2,1,1
2012-12-11,MIDDAY,462,5,1,0.05,0457,2,1,1
2012-12-11,EVENING,602,2,2,0.09,2457,1,1,0
2012-12-12,MIDDAY,355,4,2,0.09,2457,2,1,1
2012-12-12,EVENING,830,6,0,0.02,2457,0,0,0
2012-12-13,MIDDAY,530,3,1,0.05,3457,2,1,1
2012-12-13,EVENING,812,8,2,0.09,3457,0,0,0
2012-12-14,MIDDAY,502,5,0,0.02,3457,1,1,0
2012-12-14,EVENING,312,8,1,0.05,0245,1,1,0
2012-12-15,MIDDAY,954,5,1,0.05,0245,2,1,1
2012-12-15,EVENING,095,3,0,0.02,0245,2,1,1
2012-12-16,MIDDAY,023,9,2,0.09,0245,2,1,1
2012-12-16,EVENING,008,0,3,0.04,0235,1,1,0
2012-12-17,MIDDAY,938,0,1,0.05,0235,2,1,1
2012-12-17,EVENING,740,0,2,0.09,0235,1,1,0
2012-12-18,MIDDAY,785,9,1,0.05,0345,1,1,0
2012-12-18,EVENING,695,7,1,0.05,0345,1,1,0
2012-12-19,MIDDAY,235,7,3,0.04,0357,3,1,1
2012-12-19,EVENING,703,6,2,0.09,0357,3,1,1
2012-12-20,MIDDAY,770,2,2,0.09,0357,2,1,1
2012-12-20,EVENING,468,7,2,0.09,0357,1,1,0
2012-12-21,MIDDAY,789,7,1,0.05,0357,1,1,0
2012-12-21,EVENING,381,4,2,0.09,0357,1,1,0
2012-12-22,MIDDAY,913,7,1,0.05,0357,2,1,1
2012-12-22,EVENING,081,3,2,0.09,0357,2,1,1
2012-12-23,MIDDAY,488,9,2,0.09,0378,1,1,0
2012-12-23,EVENING,839,0,1,0.05,0378,3,1,1
2012-12-24,MIDDAY,335,4,2,0.09,0378,1,1,0
2012-12-24,EVENING,339,8,1,0.05,0378,2,1,1
2012-12-25,MIDDAY,064,3,1,0.05,0389,2,1,1
2012-12-25,EVENING,638,3,1,0.05,0389,2,1,1
2012-12-26,MIDDAY,248,0,2,0.09,0389,2,1,1
2012-12-26,EVENING,323,6,1,0.05,0348,1,1,0
2012-12-27,MIDDAY,127,2,1,0.05,0348,0,0,0
2012-12-27,EVENING,891,3,1,0.05,0348,2,1,1
2012-12-28,MIDDAY,159,1,1,0.05,0389,1,1,0
2012-12-28,EVENING,681,8,2,0.09,0389,1,1,0
2012-12-29,MIDDAY,800,1,1,0.05,0389,2,1,1
2012-12-29,EVENING,056,6,2,0.09,0378,1,1,0
2012-12-30,MIDDAY,085,8,1,0.05,0378,2,1,1
2012-12-30,EVENING,353,0,2,0.09,0358,3,1,1
2012-12-31,MIDDAY,862,0,2,0.09,0358,2,1,1
2012-12-31,EVENING,810,3,1,0.05,0358,3,1,1
2013-01-01,MIDDAY,248,,2,0.09,0138,1,1,0
2013-01-01,EVENING,403,,1,0.05,0138,2,1,1
2013-01-02,MIDDAY,236,2,1,0.05,0348,1,1,0
2013-01-02,EVENING,800,4,1,0.05,0138,2,1,1
2013-01-03,MIDDAY,256,2,0,0.02,0348,0,0,0
2013-01-03,EVENING,553,8,0,0.02,0368,2,1,1
2013-01-04,MIDDAY,943,2,1,0.05,0358,1,1,0
2013-01-04,EVENING,163,5,1,0.05,0238,1,1,0
2013-01-05,MIDDAY,574,9,1,0.05,0238,0,0,0
2013-01-05,EVENING,768,1,1,0.05,0358,1,1,0
2013-01-06,MIDDAY,517,5,1,0.05,0368,0,0,0
2013-01-06,EVENING,906,7,2,0.09,0358,1,1,0
2013-01-07,MIDDAY,454,5,1,0.05,3568,1,1,0
2013-01-07,EVENING,810,9,0,0.02,0358,2,1,1
2013-01-08,MIDDAY,546,4,0,0.02,0358,1,1,0
2013-01-08,EVENING,948,8,0,0.02,0358,1,1,0
2013-01-09,MIDDAY,916,5,1,0.05,0358,1,1,0
2013-01-09,EVENING,828,9,1,0.05,0568,1,1,0
2013-01-10,MIDDAY,921,9,1,0.05,0568,0,0,0
2013-01-10,EVENING,037,8,2,0.09,0589,2,1,1
2013-01-11,MIDDAY,692,9,0,0.02,0589,1,1,0
2013-01-11,EVENING,675,0,0,0.02,5689,2,1,1
2013-01-12,MIDDAY,304,6,1,0.05,5689,1,1,0
2013-01-12,EVENING,642,6,2,0.09,0689,1,1,0
2013-01-13,MIDDAY,030,3,2,0.09,4689,0,0,0
2013-01-13,EVENING,916,6,0,0.02,4689,2,1,1
2013-01-14,MIDDAY,055,0,0,0.02,0369,1,1,0
2013-01-14,EVENING,751,9,0,0.02,0569,2,1,1
2013-01-15,MIDDAY,655,0,1,0.05,0569,3,1,1
2013-01-15,EVENING,550,7,1,0.05,0569,2,1,1
2013-01-16,MIDDAY,572,6,2,0.09,0569,2,1,1
2013-01-16,EVENING,532,5,2,0.09,0569,1,1,0
2013-01-17,MIDDAY,328,5,2,0.09,0569,1,1,0
2013-01-17,EVENING,397,5,3,0.04,0569,2,1,1
2013-01-18,MIDDAY,238,3,2,0.09,0569,0,0,0
2013-01-18,EVENING,102,3,1,0.05,0569,1,1,0
2013-01-19,MIDDAY,505,2,2,0.09,0256,3,1,1
2013-01-19,EVENING,766,1,2,0.09,0256,1,1,0
2013-01-20,MIDDAY,442,5,0,0.02,0256,2,1,1
2013-01-20,EVENING,202,7,0,0.02,0256,2,1,1
2013-01-21,MIDDAY,782,4,1,0.05,0256,1,1,0
2013-01-21,EVENING,402,2,2,0.09,0256,2,1,1
2013-01-22,MIDDAY,129,7,2,0.09,0257,2,1,1
2013-01-22,EVENING,782,4,1,0.05,0257,2,1,1
2013-01-23,MIDDAY,610,1,2,0.09,0257,1,1,0
2013-01-23,EVENING,584,7,0,0.02,0257,2,1,1
2013-01-24,MIDDAY,972,6,0,0.02,0257,2,1,1
2013-01-24,EVENING,693,5,1,0.05,0257,1,1,0
2013-01-25,MIDDAY,170,9,2,0.09,0257,2,1,1
2013-01-25,EVENING,605,6,1,0.05,0257,2,1,1
2013-01-26,MIDDAY,135,1,1,0.05,0257,1,1,0
2013-01-26,EVENING,328,6,1,0.05,0257,1,1,0
2013-01-27,MIDDAY,587,1,1,0.05,2567,2,1,1
2013-01-27,EVENING,552,3,1,0.05,2567,2,1,1
2013-01-28,MIDDAY,000,5,1,0.05,2567,1,1,0
2013-01-28,EVENING,397,5,1,0.05,2357,3,1,1
2013-01-29,MIDDAY,695,0,1,0.05,2357,1,1,0
2013-01-29,EVENING,751,3,2,0.09,0257,2,1,1
2013-01-30,MIDDAY,912,6,1,0.05,0257,1,1,0
2013-01-30,EVENING,994,7,1,0.05,0257,1,1,0
2013-01-31,MIDDAY,494,9,1,0.05,2579,1,1,0
2013-01-31,EVENING,066,9,2,0.09,2579,1,1,0
2013-02-01,MIDDAY,230,4,1,0.05,2579,1,1,0
2013-02-01,EVENING,166,0,1,0.05,2579,0,0,0
2013-02-02,MIDDAY,455,2,1,0.05,0579,1,1,0
2013-02-02,EVENING,711,1,0,0.02,2579,1,1,0
2013-02-03,MIDDAY,920,4,0,0.02,2579,2,1,1
2013-02-03,EVENING,326,7,0,0.02,2579,2,1,1
2013-02-04,MIDDAY,154,9,1,0.05,2567,1,1,0
2013-02-04,EVENING,706,3,0,0.02,0569,2,1,1
2013-02-05,MIDDAY,800,1,0,0.02,0569,1,1,0
2013-02-05,EVENING,027,7,1,0.05,0569,1,1,0
2013-02-06,MIDDAY,879,8,1,0.05,0257,1,1,0
2013-02-06,EVENING,037,0,1,0.05,0257,2,1,1
2013-02-07,MIDDAY,300,8,1,0.05,0257,1,1,0
2013-02-07,EVENING,565,0,2,0.09,0357,2,1,1
2013-02-08,MIDDAY,691,3,1,0.05,0357,1,1,0
2013-02-08,EVENING,779,5,1,0.05,0357,2,1,1
2013-02-09,MIDDAY,568,6,1,0.05,0579,1,1,0
2013-02-09,EVENING,916,7,1,0.05,0579,2,1,1
2013-02-10,MIDDAY,981,5,1,0.05,0679,1,1,0
2013-02-10,EVENING,960,9,2,0.09,0579,2,1,1
2013-02-11,MIDDAY,541,9,1,0.05,0679,1,1,0
2013-02-11,EVENING,838,9,1,0.05,0679,1,1,0
2013-02-12,MIDDAY,885,5,1,0.05,0679,0,0,0
2013-02-12,EVENING,535,8,1,0.05,0569,1,1,0
2013-02-13,MIDDAY,917,8,2,0.09,0569,1,1,0
2013-02-13,EVENING,264,5,1,0.05,0579,1,1,0
2013-02-14,MIDDAY,522,9,0,0.02,5679,2,1,1
2013-02-14,EVENING,633,2,2,0.09,5789,0,0,0
2013-02-15,MIDDAY,249,5,1,0.05,5679,2,1,1
2013-02-15,EVENING,069,6,1,0.05,5689,2,1,1
2013-02-16,MIDDAY,822,2,1,0.05,5689,1,1,0
2013-02-16,EVENING,982,0,0,0.02,5689,2,1,1
2013-02-17,MIDDAY,914,8,2,0.09,5689,2,1,1
2013-02-17,EVENING,003,9,2,0.09,5689,1,1,0
2013-02-18,MIDDAY,577,9,1,0.05,0589,2,1,1
2013-02-18,EVENING,234,0,1,0.05,5689,0,0,0
2013-02-19,MIDDAY,626,5,0,0.02,0589,1,1,0
2013-02-19,EVENING,155,2,1,0.05,2569,2,1,1
2013-02-20,MIDDAY,418,6,2,0.09,2569,1,1,0
2013-02-20,EVENING,519,1,1,0.05,2589,2,1,1
2013-02-21,MIDDAY,832,4,1,0.05,2589,2,1,1
2013-02-21,EVENING,986,5,0,0.02,2589,3,1,1
2013-02-22,MIDDAY,622,8,1,0.05,2589,2,1,1
2013-02-22,EVENING,381,9,2,0.09,2589,2,1,1
2013-02-23,MIDDAY,834,6,1,0.05,2589,1,1,0
2013-02-23,EVENING,546,3,2,0.09,2589,1,1,0
2013-02-24,MIDDAY,190,8,3,0.04,5689,2,1,1
2013-02-24,EVENING,012,5,0,0.02,5689,1,1,0
2013-02-25,MIDDAY,082,1,2,0.09,2589,2,1,1
2013-02-25,EVENING,444,0,3,0.04,2589,0,0,0
2013-02-26,MIDDAY,824,0,1,0.05,2589,2,1,1
2013-02-26,EVENING,332,4,2,0.09,0289,1,1,0
2013-02-27,MIDDAY,312,8,2,0.09,0289,2,1,1
2013-02-27,EVENING,082,3,2,0.09,1289,2,1,1
2013-02-28,MIDDAY,693,3,3,0.04,0289,1,1,0
2013-02-28,EVENING,893,0,1,0.05,2389,3,1,1
2013-03-01,MIDDAY,956,6,2,0.09,0289,1,1,0
2013-03-01,EVENING,422,8,1,0.05,2389,2,1,1
2013-03-02,MIDDAY,896,9,0,0.02,2389,2,1,1
2013-03-02,EVENING,409,4,1,0.05,2389,1,1,0
2013-03-03,MIDDAY,173,8,1,0.05,2389,2,1,1
2013-03-03,EVENING,153,4,0,0.02,2389,1,1,0
2013-03-04,MIDDAY,414,1,2,0.09,2389,0,0,0
2013-03-04,EVENING,491,1,2,0.09,3489,2,1,1
2013-03-05,MIDDAY,727,4,2,0.09,3489,1,1,0
2013-03-05,EVENING,596,4,1,0.05,3489,2,1,1
2013-03-06,MIDDAY,699,7,1,0.05,1489,1,1,0
2013-03-06,EVENING,064,5,2,0.09,1489,1,1,0
2013-03-07,MIDDAY,586,6,1,0.05,1489,1,1,0
2013-03-07,EVENING,401,0,2,0.09,4689,1,1,0
2013-03-08,MIDDAY,695,5,0,0.02,1489,1,1,0
2013-03-08,EVENING,972,4,0,0.02,4689,2,1,1
2013-03-09,MIDDAY,520,6,1,0.05,2489,1,1,0
2013-03-09,EVENING,462,9,1,0.05,2469,4,1,1
2013-03-10,MIDDAY,794,5,2,0.09,2469,2,1,1
2013-03-10,EVENING,814,4,2,0.09,2469,1,1,0
2013-03-11,MIDDAY,963,7,1,0.05,2469,2,1,1
2013-03-11,EVENING,533,8,0,0.02,4569,1,1,0
2013-03-12,MIDDAY,568,9,1,0.05,4569,3,1,1
2013-03-12,EVENING,113,5,2,0.09,4569,1,1,0
2013-03-13,MIDDAY,165,5,1,0.05,4569,2,1,1
2013-03-13,EVENING,286,1,2,0.09,4569,1,1,0
2013-03-14,MIDDAY,058,1,2,0.09,4569,1,1,0
2013-03-14,EVENING,156,2,2,0.09,4569,2,1,1
2013-03-15,MIDDAY,724,0,2,0.09,1456,1,1,0
2013-03-15,EVENING,790,1,1,0.05,1456,1,1,0
2013-03-16,MIDDAY,959,7,2,0.09,1456,1,1,0
2013-03-16,EVENING,885,7,2,0.09,1569,1,1,0
2013-03-17,MIDDAY,126,9,2,0.09,1569,3,1,1
2013-03-17,EVENING,077,8,0,0.02,1569,0,0,0
2013-03-18,MIDDAY,297,1,0,0.02,5689,1,1,0
2013-03-18,EVENING,939,0,1,0.05,1569,1,1,0
2013-03-19,MIDDAY,135,2,1,0.05,1569,2,1,1
2013-03-19,EVENING,894,9,1,0.05,1259,1,1,0
2013-03-20,MIDDAY,615,1,0,0.02,1259,2,1,1
2013-03-20,EVENING,080,8,0,0.02,1569,0,0,0
2013-03-21,MIDDAY,576,6,0,0.02,1589,1,1,0
2013-03-21,EVENING,093,0,0,0.02,1569,1,1,0
2013-03-22,MIDDAY,070,5,0,0.02,1569,1,1,0
2013-03-22,EVENING,538,0,1,0.05,0159,2,1,1
2013-03-23,MIDDAY,187,0,2,0.09,1589,2,1,1
2013-03-23,EVENING,041,5,2,0.09,1589,2,1,1
2013-03-24,MIDDAY,016,1,2,0.09,0158,2,1,1
2013-03-24,EVENING,588,0,2,0.09,0158,3,1,1
2013-03-25,MIDDAY,984,0,1,0.05,0158,2,1,1
2013-03-25,EVENING,718,5,2,0.09,0158,3,1,1
2013-03-26,MIDDAY,394,9,1,0.05,0158,0,0,0
2013-03-26,EVENING,039,7,0,0.02,0158,1,1,0
2013-03-27,MIDDAY,456,3,2,0.09,0159,1,1,0
2013-03-27,EVENING,879,0,1,0.05,0579,3,1,1
2013-03-28,MIDDAY,183,4,0,0.02,0579,0,0,0
2013-03-28,EVENING,985,8,1,0.05,0589,3,1,1
2013-03-29,MIDDAY,362,1,1,0.05,0589,0,0,0
2013-03-29,EVENING,923,9,0,0.02,0589,1,1,0
2013-03-30,MIDDAY,756,3,2,0.09,0589,1,1,0
2013-03-30,EVENING,766,9,1,0.05,0359,1,1,0
2013-03-31,MIDDAY,087,7,2,0.09,0359,1,1,0
2013-03-31,EVENING,414,7,1,0.05,0589,0,0,0
2013-04-01,MIDDAY,503,0,1,0.05,0578,2,1,1
2013-04-01,EVENING,558,4,0,0.02,0578,2,1,1
2013-04-02,MIDDAY,037,5,1,0.05,0578,3,1,1
2013-04-02,EVENING,914,5,1,0.05,0357,1,1,0
2013-04-03,MIDDAY,225,0,1,0.05,0357,2,1,1
2013-04-03,EVENING,393,9,1,0.05,0357,1,1,0
2013-04-04,MIDDAY,049,2,0,0.02,0357,1,1,0
2013-04-04,EVENING,631,3,1,0.05,0359,1,1,0
2013-04-05,MIDDAY,646,0,0,0.02,0359,1,1,0
2013-04-05,EVENING,844,6,1,0.05,0359,0,0,0
2013-04-06,MIDDAY,530,6,2,0.09,0359,3,1,1
2013-04-06,EVENING,668,8,1,0.05,0359,0,0,0
2013-04-07,MIDDAY,135,5,1,0.05,0356,2,1,1
2013-04-07,EVENING,464,6,0,0.02,0356,1,1,0
2013-04-08,MIDDAY,937,1,0,0.02,0356,1,1,0
2013-04-08,EVENING,548,4,0,0.02,0356,1,1,0
2013-04-09,MIDDAY,502,9,0,0.02,0356,2,1,1
2013-04-09,EVENING,773,5,1,0.05,0356,2,1,1
2013-04-10,MIDDAY,608,5,1,0.05,0356,3,1,1
2013-04-10,EVENING,134,7,1,0.05,0356,1,1,0
2013-04-11,MIDDAY,640,6,0,0.02,0356,2,1,1
2013-04-11,EVENING,234,1,1,0.05,0345,2,1,1
2013-04-12,MIDDAY,373,6,1,0.05,0345,1,1,0
2013-04-12,EVENING,676,2,1,0.05,0345,0,0,0
2013-04-13,MIDDAY,604,3,2,0.09,3456,3,1,1
2013-04-13,EVENING,185,6,1,0.05,3456,2,1,1
2013-04-14,MIDDAY,736,6,1,0.05,3456,2,1,1
2013-04-14,EVENING,012,1,1,0.05,0356,1,1,0
2013-04-15,MIDDAY,340,7,0,0.02,0346,3,1,1
2013-04-15,EVENING,002,0,1,0.05,0346,1,1,0
2013-04-16,MIDDAY,730,3,1,0.05,0346,2,1,1
2013-04-16,EVENING,122,0,1,0.05,0346,1,1,0
2013-04-17,MIDDAY,411,7,1,0.05,0367,1,1,0
2013-04-17,EVENING,706,1,1,0.05,0346,2,1,1
2013-04-18,MIDDAY,604,4,2,0.09,0367,2,1,1
2013-04-18,EVENING,642,7,2,0.09,0367,2,1,1
2013-04-19,MIDDAY,023,6,2,0.09,0367,3,1,1
2013-04-19,EVENING,927,6,2,0.09,0367,2,1,1
2013-04-20,MIDDAY,098,0,2,0.09,0367,1,1,0
2013-04-20,EVENING,448,9,1,0.05,0367,0,0,0
2013-04-21,MIDDAY,598,0,2,0.09,0467,1,1,0
2013-04-21,EVENING,260,4,2,0.09,0467,3,1,1
2013-04-22,MIDDAY,718,5,1,0.05,0467,1,1,0
2013-04-22,EVENING,928,2,0,0.02,0467,0,0,0
2013-04-23,MIDDAY,421,7,1,0.05,0467,2,1,1
2013-04-23,EVENING,477,9,1,0.05,0267,1,1,0
2013-04-24,MIDDAY,238,4,2,0.09,0467,1,1,0
2013-04-24,EVENING,792,4,1,0.05,0467,2,1,1
2013-04-25,MIDDAY,044,2,2,0.09,0247,3,1,1
2013-04-25,EVENING,157,7,2,0.09,0247,1,1,0
2013-04-26,MIDDAY,452,0,0,0.02,0247,3,1,1
2013-04-26,EVENING,522,1,1,0.05,0247,1,1,0
2013-04-27,MIDDAY,906,4,2,0.09,0247,2,1,1
2013-04-27,EVENING,525,5,0,0.02,0247,1,1,0
2013-04-28,MIDDAY,421,9,0,0.02,0247,2,1,1
2013-04-28,EVENING,731,5,1,0.05,0247,1,1,0
2013-04-29,MIDDAY,729,4,1,0.05,0247,3,1,1
2013-04-29,EVENING,541,7,1,0.05,0247,2,1,1
2013-04-30,MIDDAY,820,7,2,0.09,0247,3,1,1
2013-04-30,EVENING,848,5,1,0.05,0247,1,1,0
2013-05-01,MIDDAY,222,8,1,0.05,2457,1,1,0
2013-05-01,EVENING,839,8,1,0.05,2457,0,0,0
2013-05-02,MIDDAY,395,2,1,0.05,2479,2,1,1
2013-05-02,EVENING,679,8,2,0.09,2457,1,1,0
2013-05-03,MIDDAY,904,3,1,0.05,2479,2,1,1
2013-05-03,EVENING,338,6,1,0.05,2479,0,0,0
2013-05-04,MIDDAY,756,9,1,0.05,2479,2,1,1
2013-05-04,EVENING,245,3,1,0.05,2479,2,1,1
2013-05-05,MIDDAY,096,7,1,0.05,2479,2,1,1
2013-05-05,EVENING,432,2,0,0.02,2479,2,1,1
2013-05-06,MIDDAY,673,0,0,0.02,2479,1,1,0
2013-05-06,EVENING,231,4,1,0.05,2479,2,1,1
2013-05-07,MIDDAY,632,6,1,0.05,2347,2,1,1
2013-05-07,EVENING,083,2,2,0.09,2347,2,1,1
2013-05-08,MIDDAY,047,6,2,0.09,2347,2,1,1
2013-05-08,EVENING,502,0,1,0.05,2347,1,1,0
2013-05-09,MIDDAY,180,0,1,0.05,2347,0,0,0
2013-05-09,EVENING,863,5,1,0.05,0234,1,1,0
2013-05-10,MIDDAY,131,1,1,0.05,0234,1,1,0
2013-05-10,EVENING,793,8,1,0.05,0234,1,1,0
2013-05-11,MIDDAY,779,1,1,0.05,2378,1,1,0
2013-05-11,EVENING,190,7,2,0.09,2378,1,1,0
2013-05-12,MIDDAY,239,7,3,0.04,0237,3,1,1
2013-05-12,EVENING,866,1,2,0.09,2379,0,0,0
2013-05-13,MIDDAY,201,2,0,0.02,2379,1,1,0
2013-05-13,EVENING,954,8,1,0.05,2379,1,1,0
2013-05-14,MIDDAY,194,2,0,0.02,2389,2,1,1
2013-05-14,EVENING,287,9,2,0.09,2379,3,1,1
2013-05-15,MIDDAY,717,1,2,0.09,2379,1,1,0
2013-05-15,EVENING,010,2,1,0.05,2379,1,1,0
2013-05-16,MIDDAY,578,7,1,0.05,1279,1,1,0
2013-05-16,EVENING,649,0,0,0.02,1279,1,1,0
2013-05-17,MIDDAY,130,5,0,0.02,1279,1,1,0
2013-05-17,EVENING,259,6,1,0.05,0127,1,1,0
2013-05-18,MIDDAY,460,1,1,0.05,0129,2,1,1
2013-05-18,EVENING,156,2,1,0.05,0129,2,1,1
2013-05-19,MIDDAY,392,4,2,0.09,0129,2,1,1
2013-05-19,EVENING,485,1,1,0.05,0129,1,1,0
2013-05-20,MIDDAY,598,3,1,0.05,0129,1,1,0
2013-05-20,EVENING,843,4,2,0.09,1259,0,0,0
2013-05-21,MIDDAY,219,5,2,0.09,1259,4,1,1
2013-05-21,EVENING,049,8,0,0.02,1259,1,1,0
2013-05-22,MIDDAY,467,2,1,0.05,1289,1,1,0
2013-05-22,EVENING,222,0,1,0.05,1249,1,1,0
2013-05-23,MIDDAY,257,4,1,0.05,1249,2,1,1
2013-05-23,EVENING,156,2,1,0.05,1249,2,1,1
2013-05-24,MIDDAY,224,2,2,0.09,1249,2,1,1
2013-05-24,EVENING,415,1,1,0.05,2459,2,1,1
2013-05-25,MIDDAY,965,2,1,0.05,1245,2,1,1
2013-05-25,EVENING,020,4,1,0.05,2459,2,1,1
2013-05-26,MIDDAY,532,9,1,0.05,2459,3,1,1
2013-05-26,EVENING,341,0,1,0.05,2459,1,1,0
2013-05-27,MIDDAY,401,5,1,0.05,1245,3,1,1
2013-05-27,EVENING,975,3,3,0.04,1245,1,1,0
2013-05-28,MIDDAY,029,4,1,0.05,1245,2,1,1
2013-05-28,EVENING,114,9,1,0.05,2459,2,1,1
2013-05-29,MIDDAY,824,0,2,0.09,2459,2,1,1
2013-05-29,EVENING,010,1,1,0.05,2459,0,0,0
2013-05-30,MIDDAY,653,8,1,0.05,0124,0,0,0
2013-05-30,EVENING,804,0,0,0.02,1245,1,1,0
2013-05-31,MIDDAY,277,6,1,0.05,0245,1,1,0
2013-05-31,EVENING,846,8,0,0.02,0245,1,1,0
2013-06-01,MIDDAY,634,2,1,0.05,0245,2,1,1
2013-06-01,EVENING,290,8,2,0.09,0245,2,1,1
2013-06-02,MIDDAY,094,6,1,0.05,0249,3,1,1
2013-06-02,EVENING,207,2,2,0.09,0249,2,1,1
2013-06-03,MIDDAY,056,0,1,0.05,0249,1,1,0
2013-06-03,EVENING,153,2,1,0.05,0246,1,1,0
2013-06-04,MIDDAY,954,0,1,0.05,0245,3,1,1
2013-06-04,EVENING,915,1,1,0.05,0245,1,1,0
2013-06-05,MIDDAY,531,9,2,0.09,0245,1,1,0
2013-06-05,EVENING,796,9,3,0.04,0245,0,0,0
2013-06-06,MIDDAY,387,5,1,0.05,0459,1,1,0
2013-06-06,EVENING,656,7,1,0.05,0459,1,1,0
2013-06-07,MIDDAY,122,3,2,0.09,0459,0,0,0
2013-06-07,EVENING,132,6,0,0.02,0459,0,0,0
2013-06-08,MIDDAY,354,1,3,0.04,0245,2,1,1
2013-06-08,EVENING,258,1,2,0.09,1245,3,1,1
2013-06-09,MIDDAY,549,3,2,0.09,1245,2,1,1
2013-06-09,EVENING,767,2,1,0.05,1245,1,1,0
2013-06-10,MIDDAY,910,5,0,0.02,2456,1,1,0
2013-06-10,EVENING,308,7,0,0.02,1256,0,0,0
2013-06-11,MIDDAY,544,9,1,0.05,1235,1,1,0
2013-06-11,EVENING,562,3,0,0.02,2356,4,1,1
2013-06-12,MIDDAY,502,5,1,0.05,2356,2,1,1
2013-06-12,EVENING,690,5,2,0.09,2356,2,1,1
2013-06-13,MIDDAY,807,5,2,0.09,2359,1,1,0
2013-06-13,EVENING,598,6,2,0.09,0259,2,1,1
2013-06-14,MIDDAY,246,8,2,0.09,0259,1,1,0
2013-06-14,EVENING,420,5,2,0.09,0256,3,1,1
2013-06-15,MIDDAY,740,2,2,0.09,0259,2,1,1
2013-06-15,EVENING,866,4,3,0.04,0235,0,0,0
2013-06-16,MIDDAY,883,7,1,0.05,2456,0,0,0
2013-06-16,EVENING,614,8,1,0.05,0256,1,1,0
2013-06-17,MIDDAY,097,8,1,0.05,2456,0,0,0
2013-06-17,EVENING,472,6,1,0.05,2568,2,1,1
2013-06-18,MIDDAY,651,0,1,0.05,2456,2,1,1
2013-06-18,EVENING,545,4,1,0.05,2456,2,1,1
2013-06-19,MIDDAY,943,6,1,0.05,2456,2,1,1
2013-06-19,EVENING,842,5,1,0.05,0456,2,1,1
2013-06-20,MIDDAY,525,9,1,0.05,2456,2,1,1
2013-06-20,EVENING,946,8,2,0.09,4568,3,1,1
2013-06-21,MIDDAY,151,5,1,0.05,4568,1,1,0
2013-06-21,EVENING,316,9,0,0.02,4568,1,1,0
2013-06-22,MIDDAY,510,1,1,0.05,4569,1,1,0
2013-06-22,EVENING,227,3,1,0.05,0456,0,0,0
2013-06-23,MIDDAY,007,5,0,0.02,2456,1,1,0
2013-06-23,EVENING,406,2,1,0.05,2456,3,1,1
2013-06-24,MIDDAY,367,0,1,0.05,2456,1,1,0
2013-06-24,EVENING,568,4,2,0.09,0456,3,1,1
2013-06-25,MIDDAY,798,3,1,0.05,0456,0,0,0
2013-06-25,EVENING,778,5,1,0.05,4568,2,1,1
2013-06-26,MIDDAY,770,7,2,0.09,4568,0,0,0
2013-06-26,EVENING,884,7,1,0.05,4567,2,1,1
2013-06-27,MIDDAY,181,7,1,0.05,4567,1,1,0
2013-06-27,EVENING,037,8,2,0.09,4578,2,1,1
2013-06-28,MIDDAY,193,1,2,0.09,5678,0,0,0
2013-06-28,EVENING,680,0,1,0.05,5678,2,1,1
2013-06-29,MIDDAY,790,1,0,0.02,5678,1,1,0
2013-06-29,EVENING,188,6,1,0.05,0578,1,1,0
2013-06-30,MIDDAY,700,7,1,0.05,5678,1,1,0
2013-06-30,EVENING,270,1,0,0.02,0578,2,1,1
2013-07-01,MIDDAY,865,7,2,0.09,0578,3,1,1
2013-07-01,EVENING,188,2,1,0.05,0678,1,1,0
2013-07-02,MIDDAY,679,8,1,0.05,0178,2,1,1
2013-07-02,EVENING,591,1,1,0.05,0678,0,0,0
2013-07-03,MIDDAY,498,6,1,0.05,0678,2,1,1
2013-07-03,EVENING,023,5,1,0.05,0678,1,1,0
2013-07-04,MIDDAY,971,4,0,0.02,0678,1,1,0
2013-07-04,EVENING,510,0,0,0.02,0678,1,1,0
2013-07-05,MIDDAY,095,9,1,0.05,0578,2,1,1
2013-07-05,EVENING,896,5,2,0.09,0578,2,1,1
2013-07-06,MIDDAY,270,0,2,0.09,0578,2,1,1
2013-07-06,EVENING,268,8,0,0.02,0578,1,1,0
2013-07-07,MIDDAY,264,2,1,0.05,0578,0,0,0
2013-07-07,EVENING,887,2,2,0.09,0678,2,1,1
2013-07-08,MIDDAY,346,2,1,0.05,0678,1,1,0
2013-07-08,EVENING,160,8,1,0.05,0678,3,1,1
2013-07-09,MIDDAY,727,3,1,0.05,0678,1,1,0
2013-07-09,EVENING,000,1,0,0.02,0678,1,1,0
2013-07-10,MIDDAY,728,7,0,0.02,0678,2,1,1
2013-07-10,EVENING,839,0,0,0.02,2678,1,1,0
2013-07-11,MIDDAY,715,7,1,0.05,0678,1,1,0
2013-07-11,EVENING,099,8,0,0.02,0278,2,1,1
2013-07-12,MIDDAY,070,7,0,0.02,0278,2,1,1
2013-07-12,EVENING,089,0,1,0.05,0278,2,1,1
2013-07-13,MIDDAY,120,0,1,0.05,0278,2,1,1
2013-07-13,EVENING,588,0,1,0.05,0278,2,1,1
2013-07-14,MIDDAY,064,1,1,0.05,0278,1,1,0
2013-07-14,EVENING,271,5,1,0.05,0178,2,1,1
2013-07-15,MIDDAY,748,0,1,0.05,0178,3,1,1
2013-07-15,EVENING,912,2,1,0.05,0178,1,1,0
2013-07-16,MIDDAY,042,7,0,0.02,0178,2,1,1
2013-07-16,EVENING,404,9,1,0.05,0278,1,1,0
2013-07-17,MIDDAY,829,0,2,0.09,0278,3,1,1
2013-07-17,EVENING,227,4,2,0.09,0278,2,1,1
2013-07-18,MIDDAY,907,8,1,0.05,0278,3,1,1
2013-07-18,EVENING,145,2,1,0.05,0278,1,1,0
2013-07-19,MIDDAY,930,9,0,0.02,0278,1,1,0
2013-07-19,EVENING,976,1,0,0.02,0278,1,1,0
2013-07-20,MIDDAY,787,9,1,0.05,0278,2,1,1
2013-07-20,EVENING,050,9,2,0.09,0789,2,1,1
2013-07-21,MIDDAY,879,7,1,0.05,0789,3,1,1
2013-07-21,EVENING,523,0,1,0.05,0789,1,1,0
2013-07-22,MIDDAY,677,8,0,0.02,0789,2,1,1
2013-07-22,EVENING,960,5,0,0.02,0789,2,1,1
2013-07-23,MIDDAY,883,6,1,0.05,0789,1,1,0
2013-07-23,EVENING,485,9,1,0.05,0789,2,1,1
2013-07-24,MIDDAY,150,8,1,0.05,0789,2,1,1
2013-07-24,EVENING,885,4,2,0.09,0789,1,1,0
2013-07-25,MIDDAY,039,1,2,0.09,0589,2,1,1
2013-07-25,EVENING,975,8,0,0.02,0589,3,1,1
2013-07-26,MIDDAY,975,0,1,0.05,0589,3,1,1
2013-07-26,EVENING,600,9,3,0.04,0589,2,1,1
2013-07-27,MIDDAY,359,9,2,0.09,0589,2,1,1
2013-07-27,EVENING,275,6,1,0.05,0589,1,1,0
2013-07-28,MIDDAY,860,3,1,0.05,0589,2,1,1
2013-07-28,EVENING,672,2,1,0.05,0589,0,0,0
2013-07-29,MIDDAY,810,8,1,0.05,0589,2,1,1
2013-07-29,EVENING,384,6,0,0.02,0589,1,1,0
2013-07-30,MIDDAY,996,8,1,0.05,0789,2,1,1
2013-07-30,EVENING,939,3,2,0.09,0689,1,1,0
2013-07-31,MIDDAY,074,9,1,0.05,0689,2,1,1
2013-07-31,EVENING,170,9,1,0.05,0689,2,1,1
2013-08-01,MIDDAY,793,0,3,0.04,0789,3,1,1
2013-08-01,EVENING,556,1,3,0.04,0789,0,0,0
2013-08-02,MIDDAY,637,7,0,0.02,0789,1,1,0
2013-08-02,EVENING,162,5,1,0.05,0789,0,0,0
2013-08-03,MIDDAY,577,6,1,0.05,0679,2,1,1
2013-08-03,EVENING,218,1,2,0.09,0679,0,0,0
2013-08-04,MIDDAY,146,5,0,0.02,0679,1,1,0
2013-08-04,EVENING,620,2,1,0.05,0569,2,1,1
2013-08-05,MIDDAY,487,1,1,0.05,0569,0,0,0
2013-08-05,EVENING,973,6,0,0.02,0679,3,1,1
2013-08-06,MIDDAY,883,4,1,0.05,0679,0,0,0
2013-08-06,EVENING,102,9,1,0.05,0679,2,1,1
2013-08-07,MIDDAY,421,8,0,0.02,0679,0,0,0
2013-08-07,EVENING,090,1,2,0.09,1679,2,1,1
2013-08-08,MIDDAY,489,4,1,0.05,0169,1,1,0
2013-08-08,EVENING,221,0,1,0.05,1689,1,1,0
2013-08-09,MIDDAY,747,4,0,0.02,0169,0,0,0
2013-08-09,EVENING,463,2,0,0.02,0169,1,1,0
2013-08-10,MIDDAY,109,7,1,0.05,1679,3,1,1
2013-08-10,EVENING,470,4,0,0.02,0169,1,1,0
2013-08-11,MIDDAY,889,1,2,0.09,0179,2,1,1
2013-08-11,EVENING,574,4,0,0.02,0179,1,1,0
2013-08-12,MIDDAY,243,8,0,0.02,0179,0,0,0
2013-08-12,EVENING,123,5,1,0.05,1479,1,1,0
2013-08-13,MIDDAY,483,2,2,0.09,1479,1,1,0
2013-08-13,EVENING,507,1,2,0.09,1478,2,1,1
2013-08-14,MIDDAY,065,4,0,0.02,1478,1,1,0
2013-08-14,EVENING,605,5,2,0.09,0147,1,1,0
2013-08-15,MIDDAY,935,0,3,0.04,0145,2,1,1
2013-08-15,EVENING,917,6,2,0.09,0145,1,1,0
2013-08-16,MIDDAY,279,9,1,0.05,0145,0,0,0
2013-08-16,EVENING,573,9,2,0.09,0149,1,1,0
2013-08-17,MIDDAY,822,2,2,0.09,0179,0,0,0
2013-08-17,EVENING,960,5,0,0.02,0179,2,1,1
2013-08-18,MIDDAY,923,8,0,0.02,0579,1,1,0
2013-08-18,EVENING,119,9,1,0.05,0579,1,1,0
2013-08-19,MIDDAY,070,9,1,0.05,0129,2,1,1
2013-08-19,EVENING,759,1,1,0.05,0179,3,1,1
2013-08-20,MIDDAY,188,0,2,0.09,0179,2,1,1
2013-08-20,EVENING,931,7,1,0.05,0179,3,1,1
2013-08-21,MIDDAY,981,1,1,0.05,0179,2,1,1
2013-08-21,EVENING,144,9,2,0.09,0179,2,1,1
2013-08-22,MIDDAY,414,9,2,0.09,0179,2,1,1
2013-08-22,EVENING,787,1,3,0.04,0139,1,1,0
2013-08-23,MIDDAY,525,4,1,0.05,1789,0,0,0
2013-08-23,EVENING,331,7,0,0.02,1579,2,1,1
2013-08-24,MIDDAY,394,5,0,0.02,1579,2,1,1
2013-08-24,EVENING,205,3,1,0.05,1579,1,1,0
2013-08-25,MIDDAY,675,3,2,0.09,1579,2,1,1
2013-08-25,EVENING,739,2,2,0.09,1579,2,1,1
2013-08-26,MIDDAY,122,6,2,0.09,1579,1,1,0
2013-08-26,EVENING,766,7,1,0.05,1579,1,1,0
2013-08-27,MIDDAY,169,1,1,0.05,1379,2,1,1
2013-08-27,EVENING,982,7,1,0.05,1379,2,1,1
2013-08-28,MIDDAY,741,1,1,0.05,1279,2,1,1
2013-08-28,EVENING,740,9,1,0.05,1279,2,1,1
2013-08-29,MIDDAY,370,7,2,0.09,1379,2,1,1
2013-08-29,EVENING,445,7,2,0.09,1379,1,1,0
2013-08-30,MIDDAY,025,3,1,0.05,1379,1,1,0
2013-08-30,EVENING,639,4,1,0.05,1379,2,1,1
2013-08-31,MIDDAY,680,0,1,0.05,1479,0,0,0
2013-08-31,EVENING,280,6,1,0.05,1479,0,0,0
2013-09-01,EVENING,526,2,3,0.04,1479,0,0,0
2013-09-02,MIDDAY,431,6,2,0.09,1379,2,1,1
2013-09-02,EVENING,450,5,1,0.05,1379,0,0,0
2013-09-03,MIDDAY,907,4,1,0.05,3479,3,1,1
2013-09-03,EVENING,656,4,2,0.09,3479,1,1,0
2013-09-04,MIDDAY,202,9,1,0.05,4567,0,0,0
2013-09-04,EVENING,048,6,0,0.02,0479,2,1,1
2013-09-05,MIDDAY,809,2,1,0.05,0469,2,1,1
2013-09-05,EVENING,165,0,2,0.09,0469,2,1,1
2013-09-06,MIDDAY,543,8,1,0.05,0469,1,1,0
2013-09-06,EVENING,790,1,1,0.05,0456,1,1,0
2013-09-07,MIDDAY,047,5,0,0.02,0469,2,1,1
2013-09-07,EVENING,251,7,2,0.09,0479,1,1,0
2013-09-08,MIDDAY,229,0,2,0.09,0457,1,1,0
2013-09-08,EVENING,836,2,1,0.05,0479,0,0,0
2013-09-09,MIDDAY,156,2,1,0.05,0579,1,1,0
2013-09-09,EVENING,375,8,2,0.09,0259,1,1,0
2013-09-10,MIDDAY,898,1,1,0.05,0257,0,0,0
2013-09-10,EVENING,496,3,1,0.05,0579,1,1,0
2013-09-11,MIDDAY,420,8,1,0.05,0569,1,1,0
2013-09-11,EVENING,367,4,1,0.05,0259,0,0,0
2013-09-12,MIDDAY,074,4,1,0.05,0246,2,1,1
2013-09-12,EVENING,296,3,2,0.09,0246,2,1,1
2013-09-13,MIDDAY,872,0,0,0.02,0469,1,1,0
2013-09-13,EVENING,107,2,1,0.05,0246,2,1,1
2013-09-14,MIDDAY,323,8,3,0.04,0247,1,1,0
2013-09-14,EVENING,872,1,1,0.05,0247,2,1,1
2013-09-15,MIDDAY,617,3,2,0.09,0247,1,1,0
2013-09-15,EVENING,117,8,2,0.09,0247,1,1,0
2013-09-16,MIDDAY,183,6,2,0.09,0278,1,1,0
2013-09-16,EVENING,857,1,2,0.09,0278,2,1,1
2013-09-17,MIDDAY,148,1,2,0.09,1278,2,1,1
2013-09-17,EVENING,373,8,2,0.09,1278,2,1,1
2013-09-18,MIDDAY,360,1,1,0.05,1378,2,1,1
2013-09-18,EVENING,910,3,1,0.05,1378,2,1,1
2013-09-19,MIDDAY,371,3,3,0.04,1378,3,1,1
2013-09-19,EVENING,676,9,2,0.09,1378,1,1,0
2013-09-20,MIDDAY,180,3,1,0.05,1378,3,1,1
2013-09-20,EVENING,643,6,0,0.02,1378,1,1,0
2013-09-21,MIDDAY,933,1,1,0.05,1378,2,1,1
2013-09-21,EVENING,305,6,1,0.05,1378,1,1,0
2013-09-22,MIDDAY,057,9,1,0.05,1378,1,1,0
2013-09-22,EVENING,299,3,2,0.09,0137,1,1,0
2013-09-23,MIDDAY,107,0,1,0.05,0137,3,1,1
2013-09-23,EVENING,239,2,0,0.02,0137,1,1,0
2013-09-24,MIDDAY,999,1,0,0.02,0137,1,1,0
2013-09-24,EVENING,931,2,1,0.05,0137,2,1,1
2013-09-25,MIDDAY,004,9,2,0.09,0139,2,1,1
2013-09-25,EVENING,311,9,1,0.05,0139,3,1,1
2013-09-26,MIDDAY,653,0,1,0.05,0139,2,1,1
2013-09-26,EVENING,567,3,1,0.05,0139,1,1,0
2013-09-27,MIDDAY,741,6,3,0.04,0139,1,1,0
2013-09-27,EVENING,812,5,2,0.09,1379,1,1,0
2013-09-28,MIDDAY,832,7,1,0.05,1379,2,1,1
2013-09-28,EVENING,347,8,2,0.09,1379,2,1,1
2013-09-29,MIDDAY,568,8,3,0.04,0137,0,0,0
2013-09-29,EVENING,056,3,1,0.05,1378,1,1,0
2013-09-30,MIDDAY,452,5,2,0.09,1367,0,0,0
2013-09-30,EVENING,751,0,1,0.05,1367,2,1,1
2013-10-01,MIDDAY,025,4,1,0.05,1357,1,1,0
2013-10-01,EVENING,360,7,2,0.09,1357,2,1,1
2013-10-02,MIDDAY,989,0,1,0.05,0357,1,1,0
2013-10-02,EVENING,228,3,1,0.05,0135,1,1,0
2013-10-03,MIDDAY,438,9,1,0.05,0357,1,1,0
2013-10-03,EVENING,345,2,2,0.09,0358,2,1,1
2013-10-04,MIDDAY,986,4,2,0.09,0235,0,0,0
2013-10-04,EVENING,301,3,1,0.05,0359,2,1,1
2013-10-05,MIDDAY,529,9,0,0.02,0238,1,1,0
2013-10-05,EVENING,748,3,0,0.02,0235,1,1,0
2013-10-06,MIDDAY,300,5,0,0.02,2348,1,1,0
2013-10-06,EVENING,496,7,1,0.05,0358,0,0,0
2013-10-07,MIDDAY,598,3,0,0.02,3458,3,1,1
2013-10-07,EVENING,304,4,1,0.05,3458,2,1,1
2013-10-08,MIDDAY,670,5,1,0.05,3458,1,1,0
2013-10-08,EVENING,868,3,1,0.05,0358,2,1,1
2013-10-09,MIDDAY,561,6,1,0.05,0358,1,1,0
2013-10-09,EVENING,074,8,1,0.05,0358,2,1,1
2013-10-10,MIDDAY,078,5,0,0.02,0358,3,1,1
2013-10-10,EVENING,751,0,3,0.04,0358,2,1,1
2013-10-11,MIDDAY,444,0,3,0.04,0358,1,1,0
2013-10-11,EVENING,900,7,1,0.05,0358,1,1,0
2013-10-12,MIDDAY,158,4,1,0.05,0357,1,1,0
2013-10-12,EVENING,204,9,0,0.02,0345,2,1,1
2013-10-13,MIDDAY,413,1,1,0.05,0345,2,1,1
2013-10-13,EVENING,504,2,1,0.05,0345,3,1,1
2013-10-14,MIDDAY,774,4,1,0.05,0345,1,1,0
2013-10-14,EVENING,910,5,1,0.05,0345,2,1,1
2013-10-15,MIDDAY,591,7,0,0.02,0345,1,1,0
2013-10-15,EVENING,616,9,3,0.04,0345,0,0,0
2013-10-16,MIDDAY,247,5,2,0.09,0459,2,1,1
2013-10-16,EVENING,048,6,0,0.02,0457,2,1,1
2013-10-17,MIDDAY,078,2,1,0.05,0457,2,1,1
2013-10-17,EVENING,983,0,2,0.09,0457,1,1,0
2013-10-18,MIDDAY,887,0,2,0.09,0457,2,1,1
2013-10-18,EVENING,825,9,2,0.09,0457,1,1,0
2013-10-19,MIDDAY,475,8,1,0.05,0578,3,1,1
2013-10-19,EVENING,596,8,2,0.09,0578,2,1,1
2013-10-20,MIDDAY,260,4,2,0.09,0578,1,1,0
2013-10-20,EVENING,451,5,1,0.05,0458,2,1,1
2013-10-21,MIDDAY,515,2,1,0.05,0458,1,1,0
2013-10-21,EVENING,626,4,2,0.09,0458,1,1,0
2013-10-22,MIDDAY,139,5,1,0.05,0458,1,1,0
2013-10-22,EVENING,490,6,0,0.02,0458,2,1,1
2013-10-23,MIDDAY,110,1,1,0.05,0459,1,1,0
2013-10-23,EVENING,806,4,1,0.05,0459,2,1,1
2013-10-24,MIDDAY,615,1,1,0.05,0458,1,1,0
2013-10-24,EVENING,714,8,1,0.05,0145,2,1,1
2013-10-25,MIDDAY,492,6,1,0.05,0145,1,1,0
2013-10-25,EVENING,206,7,1,0.05,0145,1,1,0
2013-10-26,MIDDAY,589,4,2,0.09,0456,2,1,1
2013-10-26,EVENING,886,2,0,0.02,0456,1,1,0
2013-10-27,EVENING,733,8,1,0.05,0468,1,1,0
2013-10-28,EVENING,675,7,1,0.05,0468,1,1,0
2013-10-29,MIDDAY,168,5,1,0.05,4568,3,1,1
2013-10-29,EVENING,785,6,2,0.09,4568,3,1,1
2013-10-30,MIDDAY,525,1,3,0.04,4568,1,1,0
2013-10-30,EVENING,216,7,1,0.05,4568,1,1,0
2013-10-31,MIDDAY,897,5,2,0.09,4568,2,1,1
2013-10-31,EVENING,438,2,1,0.05,5678,1,1,0
2013-11-01,MIDDAY,273,8,1,0.05,4568,1,1,0
2013-11-01,EVENING,420,4,3,0.04,5678,0,0,0
2013-11-02,MIDDAY,790,2,1,0.05,2568,1,1,0
2013-11-02,EVENING,510,4,2,0.09,2568,1,1,0
2013-11-03,EVENING,558,5,1,0.05,2458,2,1,1
2013-11-04,MIDDAY,811,7,1,0.05,2578,2,1,1
2013-11-04,EVENING,132,5,1,0.05,2578,2,1,1
2013-11-05,MIDDAY,974,8,1,0.05,2578,2,1,1
2013-11-05,EVENING,433,1,0,0.02,2578,0,0,0
2013-11-06,MIDDAY,614,9,1,0.05,4578,1,1,0
2013-11-06,EVENING,306,4,2,0.09,1478,1,1,0
2013-11-07,MIDDAY,468,6,2,0.09,1458,2,1,1
2013-11-07,EVENING,320,3,2,0.09,1478,0,0,0
2013-11-08,MIDDAY,461,4,0,0.02,2468,2,1,1
2013-11-08,EVENING,583,3,0,0.02,1468,1,1,0
2013-11-09,MIDDAY,160,4,0,0.02,1458,2,1,1
2013-11-09,EVENING,391,5,0,0.02,1468,1,1,0
2013-11-10,MIDDAY,925,1,1,0.05,1458,2,1,1
2013-11-10,EVENING,413,3,3,0.04,1458,2,1,1
2013-11-11,MIDDAY,641,9,1,0.05,1458,2,1,1
2013-11-11,EVENING,609,4,2,0.09,1458,1,1,0
2013-11-12,MIDDAY,739,6,3,0.04,1468,1,1,0
2013-11-12,EVENING,781,6,2,0.09,1469,2,1,1
2013-11-13,MIDDAY,372,7,2,0.09,1468,0,0,0
2013-11-13,EVENING,827,7,1,0.05,1346,0,0,0
2013-11-14,MIDDAY,293,3,2,0.09,1346,1,1,0
2013-11-14,EVENING,728,8,1,0.05,1346,0,0,0
2013-11-15,MIDDAY,340,2,1,0.05,1246,2,1,1
2013-11-15,EVENING,075,7,1,0.05,1346,0,0,0
2013-11-16,MIDDAY,713,3,1,0.05,1346,2,1,1
2013-11-16,EVENING,254,0,1,0.05,1347,1,1,0
2013-11-17,MIDDAY,569,7,0,0.02,1234,0,0,0
2013-11-17,EVENING,127,2,1,0.05,1467,2,1,1
2013-11-18,MIDDAY,673,5,1,0.05,1247,1,1,0
2013-11-18,EVENING,856,1,1,0.05,2367,1,1,0
2013-11-19,MIDDAY,623,6,2,0.09,1367,2,1,1
2013-11-19,EVENING,750,8,1,0.05,2367,1,1,0
2013-11-20,MIDDAY,591,6,0,0.02,2367,1,1,0
2013-11-20,EVENING,048,7,1,0.05,1567,1,1,0
2013-11-21,MIDDAY,375,5,0,0.02,1567,2,1,1
2013-11-21,EVENING,346,0,1,0.05,1567,1,1,0
2013-11-22,MIDDAY,099,3,1,0.05,3567,1,1,0
2013-11-22,EVENING,547,3,2,0.09,3567,3,1,1
2013-11-23,MIDDAY,716,0,1,0.05,3567,2,1,1
2013-11-23,EVENING,363,5,1,0.05,3567,3,1,1
2013-11-24,MIDDAY,115,7,1,0.05,3567,2,1,1
2013-11-24,EVENING,093,3,1,0.05,3567,1,1,0
2013-11-25,MIDDAY,613,1,0,0.02,3567,2,1,1
2013-11-25,EVENING,526,0,1,0.05,3567,2,1,1
2013-11-26,MIDDAY,749,6,1,0.05,3567,2,1,1
2013-11-26,EVENING,949,5,1,0.05,3567,1,1,0
2013-11-27,MIDDAY,075,7,2,0.09,3567,2,1,1
2013-11-27,EVENING,414,9,1,0.05,3567,0,0,0
2013-11-28,MIDDAY,083,0,0,0.02,3567,1,1,0
2013-11-28,EVENING,439,4,0,0.02,3567,1,1,0
2013-11-29,MIDDAY,315,0,1,0.05,3567,2,1,1
2013-11-29,EVENING,648,4,1,0.05,0356,1,1,0
2013-11-30,MIDDAY,411,3,0,0.02,3456,2,1,1
2013-11-30,EVENING,810,6,1,0.05,3456,1,1,0
2013-12-01,MIDDAY,766,4,1,0.05,0346,2,1,1
2013-12-01,EVENING,298,8,1,0.05,0346,0,0,0
2013-12-02,MIDDAY,282,7,0,0.02,0346,0,0,0
2013-12-02,EVENING,897,2,2,0.09,0346,0,0,0
2013-12-03,MIDDAY,826,2,3,0.04,3467,1,1,0
2013-12-03,EVENING,557,8,2,0.09,3467,1,1,0
2013-12-04,MIDDAY,288,8,1,0.05,3467,0,0,0
2013-12-04,EVENING,438,5,1,0.05,3678,2,1,1
2013-12-05,MIDDAY,491,2,1,0.05,3678,0,0,0
2013-12-05,EVENING,752,4,1,0.05,4678,2,1,1
2013-12-06,MIDDAY,475,4,2,0.09,4578,3,1,1
2013-12-06,EVENING,001,7,3,0.04,4578,1,1,0
2013-12-07,MIDDAY,729,4,1,0.05,4578,2,1,1
2013-12-07,EVENING,468,0,1,0.05,2478,2,1,1
2013-12-08,MIDDAY,344,7,1,0.05,2478,2,1,1
2013-12-08,EVENING,332,4,1,0.05,4578,1,1,0
2013-12-09,MIDDAY,057,3,2,0.09,2478,1,1,0
2013-12-09,EVENING,840,3,1,0.05,3478,3,1,1
2013-12-10,MIDDAY,588,0,2,0.09,3478,1,1,0
2013-12-10,EVENING,666,8,2,0.09,3478,1,1,0
2013-12-11,MIDDAY,159,5,1,0.05,3478,0,0,0
2013-12-11,EVENING,905,6,0,0.02,4578,1,1,0
2013-12-12,MIDDAY,883,1,2,0.09,4578,1,1,0
2013-12-12,EVENING,074,9,0,0.02,4578,2,1,1
2013-12-13,MIDDAY,340,8,0,0.02,4578,2,1,1
2013-12-13,EVENING,651,0,2,0.09,0478,1,1,0
2013-12-14,MIDDAY,236,3,1,0.05,0458,0,0,0
2013-12-14,EVENING,497,6,1,0.05,0458,1,1,0
2013-12-15,MIDDAY,044,2,1,0.05,0478,2,1,1
2013-12-15,EVENING,832,4,1,0.05,0478,2,1,1
2013-12-16,MIDDAY,975,0,2,0.09,0348,1,1,0
2013-12-16,EVENING,883,8,0,0.02,0347,1,1,0
2013-12-17,MIDDAY,877,9,0,0.02,0348,1,1,0
2013-12-17,EVENING,894,8,1,0.05,0478,2,1,1
2013-12-18,MIDDAY,076,8,2,0.09,0478,3,1,1
2013-12-18,EVENING,301,8,1,0.05,0478,2,1,1
2013-12-19,MIDDAY,338,0,2,0.09,0348,3,1,1
2013-12-19,EVENING,132,3,3,0.04,0348,1,1,0
2013-12-20,MIDDAY,279,3,1,0.05,0348,1,1,0
2013-12-20,EVENING,334,1,2,0.09,0348,2,1,1
2013-12-21,MIDDAY,280,2,1,0.05,0348,2,1,1
2013-12-21,EVENING,215,3,0,0.02,0348,1,1,0
2013-12-22,MIDDAY,776,2,1,0.05,0348,0,0,0
2013-12-22,EVENING,953,2,1,0.05,0238,2,1,1
2013-12-23,MIDDAY,038,7,1,0.05,0238,3,1,1
2013-12-23,EVENING,634,9,1,0.05,0238,1,1,0
2013-12-24,MIDDAY,310,0,1,0.05,0238,2,1,1
2013-12-24,EVENING,526,6,1,0.05,0238,1,1,0
2013-12-25,MIDDAY,498,3,0,0.02,0238,2,1,1
2013-12-25,EVENING,882,5,0,0.02,0238,2,1,1
2013-12-26,MIDDAY,638,4,1,0.05,0238,2,1,1
2013-12-26,EVENING,575,8,1,0.05,2348,1,1,0
2013-12-27,MIDDAY,215,6,1,0.05,2348,1,1,0
2013-12-27,EVENING,131,5,1,0.05,2358,2,1,1
2013-12-28,MIDDAY,774,2,2,0.09,2358,1,1,0
2013-12-28,EVENING,651,1,0,0.02,2358,1,1,0
2013-12-29,MIDDAY,590,7,0,0.02,2358,1,1,0
2013-12-29,EVENING,564,6,1,0.05,2358,1,1,0
2013-12-30,MIDDAY,112,5,1,0.05,2358,2,1,1
2013-12-30,EVENING,434,5,1,0.05,2358,2,1,1
2013-12-31,MIDDAY,098,1,1,0.05,2345,0,0,0
2013-12-31,EVENING,476,4,0,0.02,2358,0,0,0
2014-01-01,MIDDAY,352,,0,0.02,2345,3,1,1
2014-01-01,EVENING,448,,0,0.02,2345,1,1,0
2014-01-02,MIDDAY,403,3,0,0.02,2345,2,1,1
2014-01-02,EVENING,542,4,1,0.05,2345,3,1,1
2014-01-03,MIDDAY,990,4,1,0.05,2345,1,1,0
2014-01-03,EVENING,309,5,1,0.05,2345,2,1,1
2014-01-04,MIDDAY,671,9,2,0.09,0345,0,0,0
2014-01-04,EVENING,068,3,1,0.05,0345,2,1,1
2014-01-05,MIDDAY,534,6,1,0.05,0345,3,1,1
2014-01-05,EVENING,004,0,2,0.09,3456,1,1,0
2014-01-06,MIDDAY,809,5,1,0.05,0345,2,1,1
2014-01-06,EVENING,655,0,1,0.05,0345,2,1,1
2014-01-07,MIDDAY,487,8,2,0.09,0345,1,1,0
2014-01-07,EVENING,607,6,0,0.02,0345,1,1,0
2014-01-08,MIDDAY,674,4,1,0.05,0345,1,1,0
2014-01-08,EVENING,514,6,2,0.09,0456,3,1,1
2014-01-09,MIDDAY,557,6,2,0.09,0456,2,1,1
2014-01-09,EVENING,454,5,2,0.09,0456,2,1,1
2014-01-10,MIDDAY,885,5,1,0.05,0456,1,1,0
2014-01-10,EVENING,710,4,1,0.05,0456,2,1,1
2014-01-11,MIDDAY,694,8,0,0.02,0456,2,1,1
2014-01-11,EVENING,862,7,1,0.05,0456,1,1,0
2014-01-12,MIDDAY,938,6,2,0.09,0456,1,1,0
2014-01-12,EVENING,152,8,2,0.09,4568,2,1,1
2014-01-13,MIDDAY,834,9,1,0.05,4568,2,1,1
2014-01-13,EVENING,754,1,1,0.05,4568,2,1,1
2014-01-14,MIDDAY,324,8,1,0.05,4568,2,1,1
2014-01-14,EVENING,854,7,1,0.05,4568,3,1,1
2014-01-15,MIDDAY,147,3,2,0.09,4568,1,1,0
2014-01-15,EVENING,934,8,2,0.09,4568,2,1,1
2014-01-16,MIDDAY,146,1,2,0.09,4568,2,1,1
2014-01-16,EVENING,866,9,1,0.05,4568,2,1,1
2014-01-17,MIDDAY,058,1,1,0.05,4568,2,1,1
2014-01-17,EVENING,000,8,1,0.05,4568,1,1,0
2014-01-18,MIDDAY,683,0,2,0.09,4568,2,1,1
2014-01-18,EVENING,740,0,2,0.09,4568,1,1,0
2014-01-19,MIDDAY,658,6,1,0.05,4568,3,1,1
2014-01-19,EVENING,677,7,0,0.02,4568,1,1,0
2014-01-20,MIDDAY,819,6,1,0.05,4568,2,1,1
2014-01-20,EVENING,353,6,1,0.05,4568,2,1,1
2014-01-21,MIDDAY,427,8,1,0.05,4568,2,1,1
2014-01-21,EVENING,671,3,0,0.02,4568,1,1,0
2014-01-22,MIDDAY,705,4,1,0.05,4678,2,1,1
2014-01-22,EVENING,734,6,1,0.05,4678,3,1,1
2014-01-23,MIDDAY,201,7,2,0.09,4678,1,1,0
2014-01-23,EVENING,735,7,1,0.05,4678,1,1,0
2014-01-24,MIDDAY,437,2,1,0.05,4678,2,1,1
2014-01-24,EVENING,020,7,2,0.09,4678,1,1,0
2014-01-25,MIDDAY,778,4,2,0.09,4678,3,1,1
2014-01-25,EVENING,891,0,1,0.05,3478,1,1,0
2014-01-26,MIDDAY,765,7,1,0.05,4678,2,1,1
2014-01-26,EVENING,151,8,0,0.02,4678,1,1,0
2014-01-27,MIDDAY,176,7,1,0.05,4678,2,1,1
2014-01-27,EVENING,219,1,1,0.05,4678,0,0,0
2014-01-28,MIDDAY,344,1,1,0.05,1678,1,1,0
2014-01-28,EVENING,653,2,1,0.05,1678,1,1,0
2014-01-29,MIDDAY,903,3,1,0.05,1678,0,0,0
2014-01-29,EVENING,425,6,1,0.05,1678,1,1,0
2014-01-30,MIDDAY,227,9,0,0.02,4567,1,1,0
2014-01-30,EVENING,440,4,1,0.05,1567,0,0,0
2014-01-31,MIDDAY,382,2,0,0.02,4567,0,0,0
2014-01-31,EVENING,338,4,0,0.02,3467,2,1,1
2014-02-01,MIDDAY,761,3,2,0.09,3467,3,1,1
2014-02-01,EVENING,803,3,1,0.05,3467,1,1,0
2014-02-02,MIDDAY,964,7,1,0.05,3467,3,1,1
2014-02-02,EVENING,817,8,0,0.02,3467,1,1,0
2014-02-03,MIDDAY,200,9,1,0.05,3478,0,0,0
2014-02-03,EVENING,880,8,0,0.02,3478,1,1,0
2014-02-04,MIDDAY,557,2,1,0.05,3478,1,1,0
2014-02-04,EVENING,863,8,0,0.02,2378,2,1,1
2014-02-05,MIDDAY,944,5,0,0.02,2378,0,0,0
2014-02-05,EVENING,927,8,0,0.02,3478,2,1,1
2014-02-06,MIDDAY,057,9,1,0.05,2378,1,1,0
2014-02-06,EVENING,462,9,2,0.09,3789,1,1,0
2014-02-07,MIDDAY,190,0,1,0.05,2789,1,1,0
2014-02-07,EVENING,422,4,1,0.05,2789,1,1,0
2014-02-08,MIDDAY,396,1,0,0.02,2789,1,1,0
2014-02-08,EVENING,997,4,0,0.02,2379,2,1,1
2014-02-09,MIDDAY,097,3,1,0.05,2479,2,1,1
2014-02-09,EVENING,574,9,2,0.09,3479,3,1,1
2014-02-10,MIDDAY,117,0,2,0.09,3479,1,1,0
2014-02-10,EVENING,306,5,1,0.05,0479,1,1,0
2014-02-11,MIDDAY,666,1,1,0.05,0479,0,0,0
2014-02-11,EVENING,987,3,1,0.05,0379,3,1,1
2014-02-12,MIDDAY,197,6,0,0.02,0379,2,1,1
2014-02-12,EVENING,601,9,2,0.09,3679,2,1,1
2014-02-13,MIDDAY,228,1,3,0.04,0679,0,0,0
2014-02-13,EVENING,144,6,1,0.05,1679,2,1,1
2014-02-14,MIDDAY,123,2,1,0.05,1679,1,1,0
2014-02-14,EVENING,394,1,1,0.05,1679,2,1,1
2014-02-15,MIDDAY,975,1,2,0.09,1679,3,1,1
2014-02-15,EVENING,965,3,2,0.09,1679,2,1,1
2014-02-16,MIDDAY,587,9,2,0.09,1679,2,1,1
2014-02-16,EVENING,964,9,2,0.09,1379,1,1,0
2014-02-17,MIDDAY,336,5,1,0.05,1679,1,1,0
2014-02-17,EVENING,303,9,1,0.05,1679,1,1,0
2014-02-18,MIDDAY,647,3,1,0.05,1379,2,1,1
2014-02-18,EVENING,589,3,1,0.05,1369,2,1,1
2014-02-19,MIDDAY,915,6,1,0.05,1369,3,1,1
2014-02-19,EVENING,411,5,2,0.09,1369,1,1,0
2014-02-20,MIDDAY,997,9,2,0.09,1369,1,1,0
2014-02-20,EVENING,128,4,0,0.02,1369,1,1,0
2014-02-21,MIDDAY,809,9,0,0.02,1369,1,1,0
2014-02-21,EVENING,558,1,1,0.05,1369,1,1,0
2014-02-22,MIDDAY,541,8,1,0.05,1359,2,1,1
2014-02-22,EVENING,172,5,3,0.04,1359,2,1,1
2014-02-23,MIDDAY,031,5,2,0.09,1569,2,1,1
2014-02-23,EVENING,173,1,2,0.09,1359,2,1,1
2014-02-24,MIDDAY,386,0,2,0.09,1359,1,1,0
2014-02-24,EVENING,538,1,1,0.05,1359,3,1,1
2014-02-25,MIDDAY,999,3,2,0.09,1359,2,1,1
2014-02-25,EVENING,452,5,1,0.05,1359,1,1,0
2014-02-26,MIDDAY,382,9,0,0.02,1359,2,1,1
2014-02-26,EVENING,181,4,1,0.05,1359,1,1,0
2014-02-27,MIDDAY,743,3,1,0.05,1359,1,1,0
2014-02-27,EVENING,343,1,1,0.05,1359,2,1,1
2014-02-28,MIDDAY,927,7,2,0.09,1359,1,1,0
2014-02-28,EVENING,374,3,0,0.02,1359,1,1,0
2014-03-01,MIDDAY,851,9,1,0.05,1349,2,1,1
2014-03-01,EVENING,421,3,0,0.02,1359,2,1,1
2014-03-02,MIDDAY,574,8,1,0.05,1349,1,1,0
2014-03-02,EVENING,648,4,1,0.05,1349,1,1,0
2014-03-03,MIDDAY,589,5,2,0.09,1348,1,1,0
2014-03-03,EVENING,341,6,1,0.05,1348,3,1,1
2014-03-04,MIDDAY,210,5,0,0.02,1348,1,1,0
2014-03-04,EVENING,544,3,1,0.05,1348,2,1,1
2014-03-05,MIDDAY,326,2,1,0.05,1345,1,1,0
2014-03-05,EVENING,965,5,1,0.05,1345,1,1,0
2014-03-06,MIDDAY,343,3,1,0.05,1345,2,1,1
2014-03-06,EVENING,011,9,0,0.02,1345,1,1,0
2014-03-07,MIDDAY,812,3,0,0.02,1345,2,1,1
2014-03-07,EVENING,606,0,1,0.05,1345,0,0,0
2014-03-08,MIDDAY,322,8,0,0.02,1345,1,1,0
2014-03-08,EVENING,762,6,0,0.02,1348,0,0,0
2014-03-09,MIDDAY,468,3,1,0.05,1234,2,1,1
2014-03-09,EVENING,329,7,1,0.05,1348,1,1,0
2014-03-10,MIDDAY,645,4,1,0.05,2348,1,1,0
2014-03-10,EVENING,650,3,0,0.02,3468,2,1,1
2014-03-11,MIDDAY,269,6,2,0.09,3456,1,1,0
2014-03-11,EVENING,425,6,1,0.05,2346,3,1,1
2014-03-12,MIDDAY,770,2,2,0.09,3456,0,0,0
2014-03-12,EVENING,291,4,1,0.05,2346,2,1,1
2014-03-13,MIDDAY,603,7,1,0.05,2346,2,1,1
2014-03-13,EVENING,582,2,0,0.02,2346,1,1,0
2014-03-14,MIDDAY,796,6,0,0.02,2346,1,1,0
2014-03-14,EVENING,762,5,0,0.02,2356,3,1,1
2014-03-15,MIDDAY,793,7,2,0.09,2356,1,1,0
2014-03-15,EVENING,116,7,1,0.05,2356,1,1,0
2014-03-16,MIDDAY,988,7,1,0.05,2356,0,0,0
2014-03-16,EVENING,182,1,1,0.05,2367,1,1,0
2014-03-17,MIDDAY,944,9,1,0.05,2367,0,0,0
2014-03-17,EVENING,348,1,0,0.02,2367,1,1,0
2014-03-18,MIDDAY,818,9,1,0.05,2367,0,0,0
2014-03-18,EVENING,739,3,2,0.09,2368,1,1,0
2014-03-19,MIDDAY,147,8,1,0.05,2379,1,1,0
2014-03-19,EVENING,796,7,1,0.05,2367,2,1,1
2014-03-20,MIDDAY,184,1,1,0.05,3679,0,0,0
2014-03-20,EVENING,238,7,0,0.02,6789,2,1,1
2014-03-21,MIDDAY,237,1,1,0.05,3789,2,1,1
2014-03-21,EVENING,186,2,3,0.04,2378,2,1,1
2014-03-22,MIDDAY,378,2,2,0.09,1278,3,1,1
2014-03-22,EVENING,272,1,2,0.09,2378,2,1,1
2014-03-23,MIDDAY,911,3,2,0.09,1278,1,1,0
2014-03-23,EVENING,897,2,1,0.05,1278,3,1,1
2014-03-24,MIDDAY,467,9,1,0.05,1278,1,1,0
2014-03-24,EVENING,521,8,2,0.09,1278,3,1,1
2014-03-25,MIDDAY,736,4,0,0.02,1278,1,1,0
2014-03-25,EVENING,666,5,0,0.02,1278,0,0,0
2014-03-26,MIDDAY,215,7,1,0.05,1278,3,1,1
2014-03-26,EVENING,080,6,1,0.05,1278,1,1,0
2014-03-27,MIDDAY,698,2,0,0.02,1278,2,1,1
2014-03-27,EVENING,933,0,2,0.09,1278,0,0,0
2014-03-28,MIDDAY,838,6,1,0.05,2789,1,1,0
2014-03-28,EVENING,674,9,1,0.05,2678,2,1,1
2014-03-29,MIDDAY,530,8,1,0.05,2678,1,1,0
2014-03-29,EVENING,331,6,0,0.02,3678,2,1,1
2014-03-30,MIDDAY,556,5,1,0.05,3678,1,1,0
2014-03-30,EVENING,083,3,1,0.05,3678,2,1,1
2014-03-31,MIDDAY,055,5,0,0.02,3678,0,0,0
2014-03-31,EVENING,329,0,1,0.05,3678,1,1,0
2014-04-01,MIDDAY,138,0,1,0.05,2368,2,1,1
2014-04-01,EVENING,762,3,2,0.09,2368,3,1,1
2014-04-02,MIDDAY,656,1,1,0.05,2368,1,1,0
2014-04-02,EVENING,945,7,1,0.05,2368,0,0,0
2014-04-03,MIDDAY,023,6,1,0.05,3678,2,1,1
2014-04-03,EVENING,783,9,0,0.02,2367,2,1,1
2014-04-04,MIDDAY,801,0,1,0.05,3678,1,1,0
2014-04-04,EVENING,568,7,1,0.05,3678,3,1,1
2014-04-05,MIDDAY,427,8,1,0.05,3678,2,1,1
2014-04-05,EVENING,576,5,2,0.09,3678,2,1,1
2014-04-06,MIDDAY,870,4,1,0.05,3678,2,1,1
2014-04-06,EVENING,510,5,1,0.05,3678,0,0,0
2014-04-07,MIDDAY,592,8,1,0.05,5678,2,1,1
2014-04-07,EVENING,807,5,1,0.05,5678,3,1,1
2014-04-08,MIDDAY,938,5,2,0.09,0678,1,1,0
2014-04-08,EVENING,614,8,2,0.09,3578,1,1,0
2014-04-09,MIDDAY,931,9,1,0.05,3578,1,1,0
2014-04-09,EVENING,059,6,1,0.05,3578,1,1,0
2014-04-10,MIDDAY,891,9,1,0.05,5678,1,1,0
2014-04-10,EVENING,611,0,1,0.05,0358,1,1,0
2014-04-11,MIDDAY,639,8,1,0.05,0158,1,1,0
2014-04-11,EVENING,965,6,1,0.05,5689,3,1,1
2014-04-12,MIDDAY,725,6,2,0.09,5689,2,1,1
2014-04-12,EVENING,063,9,2,0.09,5689,2,1,1
2014-04-13,MIDDAY,485,7,1,0.05,5689,2,1,1
2014-04-13,EVENING,587,0,0,0.02,5689,2,1,1
2014-04-14,MIDDAY,092,4,3,0.04,5678,0,0,0
2014-04-14,EVENING,804,5,1,0.05,5689,2,1,1
2014-04-15,MIDDAY,332,0,2,0.09,0568,1,1,0
2014-04-15,EVENING,232,8,1,0.05,0568,1,1,0
2014-04-16,MIDDAY,956,3,2,0.09,0568,2,1,1
2014-04-16,EVENING,982,2,1,0.05,0568,1,1,0
2014-04-17,MIDDAY,841,9,1,0.05,0589,2,1,1
2014-04-17,EVENING,447,9,2,0.09,0589,1,1,0
2014-04-18,MIDDAY,135,8,2,0.09,0589,2,1,1
2014-04-18,EVENING,112,4,0,0.02,0589,0,0,0
2014-04-19,MIDDAY,184,1,1,0.05,0589,1,1,0
2014-04-19,EVENING,596,1,2,0.09,3589,2,1,1
2014-04-20,MIDDAY,543,1,1,0.05,5689,1,1,0
2014-04-20,EVENING,093,5,2,0.09,1589,2,1,1
2014-04-21,MIDDAY,286,5,2,0.09,1589,2,1,1
2014-04-21,EVENING,052,0,1,0.05,3589,1,1,0
2014-04-22,MIDDAY,529,2,2,0.09,0589,2,1,1
2014-04-22,EVENING,330,0,2,0.09,2589,0,0,0
2014-04-23,MIDDAY,661,5,0,0.02,3589,1,1,0
2014-04-23,EVENING,976,3,0,0.02,3589,2,1,1
2014-04-24,MIDDAY,356,6,1,0.05,3589,2,1,1
2014-04-24,EVENING,546,9,2,0.09,3589,2,1,1
2014-04-25,MIDDAY,758,3,2,0.09,3569,2,1,1
2014-04-25,EVENING,609,5,1,0.05,3589,2,1,1
2014-04-26,MIDDAY,951,7,1,0.05,3569,2,1,1
2014-04-26,EVENING,596,6,2,0.09,3569,3,1,1
2014-04-27,MIDDAY,864,9,2,0.09,3569,2,1,1
2014-04-27,EVENING,254,5,2,0.09,3569,1,1,0
2014-04-28,MIDDAY,227,8,1,0.05,5689,1,1,0
2014-04-28,EVENING,041,2,1,0.05,5689,0,0,0
2014-04-29,MIDDAY,598,2,1,0.05,5689,3,1,1
2014-04-29,EVENING,435,0,1,0.05,5689,1,1,0
2014-04-30,MIDDAY,231,5,1,0.05,4589,1,1,0
2014-04-30,EVENING,507,4,2,0.09,2569,1,1,0
2014-05-01,MIDDAY,447,2,1,0.05,2459,2,1,1
2014-05-01,EVENING,569,5,2,0.09,2459,2,1,1
2014-05-02,MIDDAY,918,4,0,0.02,2459,2,1,1
2014-05-02,EVENING,657,5,1,0.05,2459,1,1,0
2014-05-03,MIDDAY,049,9,0,0.02,2459,2,1,1
2014-05-03,EVENING,200,6,0,0.02,4569,1,1,0
2014-05-04,MIDDAY,047,0,1,0.05,4569,1,1,0
2014-05-04,EVENING,588,2,1,0.05,4569,1,1,0
2014-05-05,MIDDAY,448,0,0,0.02,4569,1,1,0
2014-05-05,EVENING,934,5,1,0.05,4569,3,1,1
2014-05-06,MIDDAY,505,4,1,0.05,4569,2,1,1
2014-05-06,EVENING,304,9,2,0.09,0459,3,1,1
2014-05-07,MIDDAY,633,5,2,0.09,0459,1,1,0
2014-05-07,EVENING,009,3,1,0.05,0459,2,1,1
2014-05-08,MIDDAY,611,6,1,0.05,0459,0,0,0
2014-05-08,EVENING,996,0,0,0.02,0459,2,1,1
2014-05-09,MIDDAY,904,6,1,0.05,0459,3,1,1
2014-05-09,EVENING,814,9,3,0.04,0459,2,1,1
2014-05-10,MIDDAY,894,9,2,0.09,0459,2,1,1
2014-05-10,EVENING,984,8,3,0.04,0459,2,1,1
2014-05-11,MIDDAY,479,8,3,0.04,0459,2,1,1
2014-05-11,EVENING,155,9,3,0.04,0459,2,1,1
2014-05-12,MIDDAY,972,4,1,0.05,0459,2,1,1
2014-05-12,EVENING,020,1,1,0.05,0459,1,1,0
2014-05-13,MIDDAY,666,9,1,0.05,0459,1,1,0
2014-05-13,EVENING,543,0,0,0.02,0459,3,1,1
2014-05-14,MIDDAY,311,6,0,0.02,0459,0,0,0
2014-05-14,EVENING,214,5,1,0.05,0459,2,1,1
2014-05-15,MIDDAY,665,3,1,0.05,0459,1,1,0
2014-05-15,EVENING,912,2,1,0.05,0459,1,1,0
2014-05-16,MIDDAY,242,6,0,0.02,0459,1,1,0
2014-05-16,EVENING,526,9,1,0.05,4569,3,1,1
2014-05-17,MIDDAY,376,2,2,0.09,4569,1,1,0
2014-05-17,EVENING,079,5,2,0.09,4569,2,1,1
2014-05-18,MIDDAY,707,3,1,0.05,4569,0,0,0
2014-05-18,EVENING,781,0,2,0.09,4569,0,0,0
2014-05-19,MIDDAY,108,7,2,0.09,4569,0,0,0
2014-05-19,EVENING,056,7,4,0.08,0129,1,1,0
2014-05-20,MIDDAY,397,1,2,0.09,0469,1,1,0
2014-05-20,EVENING,885,0,1,0.05,0679,1,1,0
2014-05-21,MIDDAY,392,3,0,0.02,0579,1,1,0
2014-05-21,EVENING,779,8,0,0.02,0479,2,1,1
2014-05-22,MIDDAY,931,3,1,0.05,0579,1,1,0
2014-05-22,EVENING,683,7,1,0.05,0579,1,1,0
2014-05-23,MIDDAY,898,9,1,0.05,0379,1,1,0
2014-05-23,EVENING,485,6,1,0.05,0379,0,0,0
2014-05-24,MIDDAY,749,8,1,0.05,3579,2,1,1
2014-05-24,EVENING,124,4,2,0.09,3679,0,0,0
2014-05-25,MIDDAY,130,7,1,0.05,3679,2,1,1
2014-05-25,EVENING,440,1,1,0.05,3789,0,0,0
2014-05-26,MIDDAY,838,1,2,0.09,1379,2,1,1
2014-05-26,EVENING,823,4,1,0.05,1789,1,1,0
2014-05-27,MIDDAY,659,8,2,0.09,1389,2,1,1
2014-05-27,EVENING,927,8,1,0.05,3789,3,1,1
2014-05-28,MIDDAY,816,6,2,0.09,3789,1,1,0
2014-05-28,EVENING,626,9,1,0.05,1789,1,1,0
2014-05-29,MIDDAY,423,8,1,0.05,1789,1,1,0
2014-05-29,EVENING,530,6,1,0.05,1389,1,1,0
2014-05-30,MIDDAY,562,4,1,0.05,1389,0,0,0
2014-05-30,EVENING,477,5,2,0.09,3689,0,0,0
2014-05-31,MIDDAY,405,5,2,0.09,4689,1,1,0
2014-05-31,EVENING,945,4,2,0.09,4689,2,1,1
2014-06-01,MIDDAY,934,4,2,0.09,4589,2,1,1
2014-06-01,EVENING,358,9,2,0.09,3489,3,1,1
2014-06-02,MIDDAY,717,9,2,0.09,4589,1,1,0
2014-06-02,EVENING,817,3,1,0.05,3489,2,1,1
2014-06-03,MIDDAY,853,7,2,0.09,3489,2,1,1
2014-06-03,EVENING,571,8,3,0.04,3489,1,1,0
2014-06-04,MIDDAY,465,8,3,0.04,4589,3,1,1
2014-06-04,EVENING,805,5,2,0.09,4589,2,1,1
2014-06-05,MIDDAY,107,4,2,0.09,4589,1,1,0
2014-06-05,EVENING,004,8,1,0.05,4578,2,1,1
2014-06-06,MIDDAY,974,1,2,0.09,4578,2,1,1
2014-06-06,EVENING,932,0,1,0.05,4578,0,0,0
2014-06-07,MIDDAY,511,9,1,0.05,4578,1,1,0
2014-06-07,EVENING,629,9,1,0.05,4589,1,1,0
2014-06-08,MIDDAY,048,5,1,0.05,4589,3,1,1
2014-06-08,EVENING,884,6,0,0.02,4589,2,1,1
2014-06-09,MIDDAY,881,0,2,0.09,4589,1,1,0
2014-06-09,EVENING,265,8,1,0.05,4589,2,1,1
2014-06-10,MIDDAY,272,8,1,0.05,4589,1,1,0
2014-06-10,EVENING,250,2,2,0.09,4589,1,1,0
2014-06-11,MIDDAY,996,2,1,0.05,0458,0,0,0
2014-06-11,EVENING,008,2,1,0.05,4589,1,1,0
2014-06-12,MIDDAY,807,9,1,0.05,0589,3,1,1
2014-06-12,EVENING,940,0,2,0.09,0589,2,1,1
2014-06-13,MIDDAY,134,8,2,0.09,0589,1,1,0
2014-06-13,EVENING,552,9,1,0.05,0489,1,1,0
2014-06-14,MIDDAY,376,1,0,0.02,0589,0,0,0
2014-06-14,EVENING,767,5,0,0.02,0589,1,1,0
2014-06-15,MIDDAY,292,3,2,0.09,0589,1,1,0
2014-06-15,EVENING,158,7,0,0.02,2589,2,1,1
2014-06-16,MIDDAY,216,2,0,0.02,2589,1,1,0
2014-06-16,EVENING,309,1,1,0.05,2589,1,1,0
2014-06-17,MIDDAY,475,2,1,0.05,0189,0,0,0
2014-06-17,EVENING,939,3,0,0.02,1289,1,1,0
2014-06-18,MIDDAY,014,4,0,0.02,2589,0,0,0
2014-06-18,EVENING,840,9,0,0.02,1289,2,1,1
2014-06-19,MIDDAY,899,0,2,0.09,0289,3,1,1
2014-06-19,EVENING,450,8,3,0.04,0289,2,1,1
2014-06-20,MIDDAY,747,8,2,0.09,0289,1,1,0
2014-06-20,EVENING,488,4,2,0.09,0489,2,1,1
2014-06-21,MIDDAY,881,7,2,0.09,0489,1,1,0
2014-06-21,EVENING,345,4,1,0.05,0489,1,1,0
2014-06-22,MIDDAY,437,8,0,0.02,0489,2,1,1
2014-06-22,EVENING,030,3,2,0.09,0489,1,1,0
2014-06-23,MIDDAY,371,4,1,0.05,0489,1,1,0
2014-06-23,EVENING,866,0,1,0.05,0478,2,1,1
2014-06-24,MIDDAY,844,3,0,0.02,0478,2,1,1
2014-06-24,EVENING,195,8,1,0.05,3478,1,1,0
2014-06-25,MIDDAY,906,8,1,0.05,1348,1,1,0
2014-06-25,EVENING,580,1,2,0.09,1348,2,1,1
2014-06-26,MIDDAY,135,9,2,0.09,0148,1,1,0
2014-06-26,EVENING,812,5,2,0.09,1348,2,1,1
2014-06-27,MIDDAY,202,1,2,0.09,0148,2,1,1
2014-06-27,EVENING,921,8,2,0.09,0148,2,1,1
2014-06-28,MIDDAY,719,2,2,0.09,0148,1,1,0
2014-06-28,EVENING,869,9,3,0.04,0148,1,1,0
2014-06-29,MIDDAY,764,7,1,0.05,0189,0,0,0
2014-06-29,EVENING,391,8,1,0.05,1489,3,1,1
2014-06-30,MIDDAY,176,7,0,0.02,0189,1,1,0
2014-06-30,EVENING,311,3,1,0.05,1489,1,1,0
2014-07-01,MIDDAY,933,1,1,0.05,1489,2,1,1
2014-07-01,EVENING,272,3,2,0.09,1389,1,1,0
2014-07-02,MIDDAY,230,9,1,0.05,1389,2,1,1
2014-07-02,EVENING,299,2,2,0.09,1389,1,1,0
2014-07-03,MIDDAY,876,2,2,0.09,1389,1,1,0
2014-07-03,EVENING,835,2,1,0.05,1389,2,1,1
2014-07-04,MIDDAY,027,8,2,0.09,1389,1,1,0
2014-07-04,EVENING,640,8,2,0.09,1238,1,1,0
2014-07-05,MIDDAY,631,0,2,0.09,1238,2,1,1
2014-07-05,EVENING,277,6,2,0.09,1238,1,1,0
2014-07-06,MIDDAY,419,6,1,0.05,1289,2,1,1
2014-07-06,EVENING,693,2,1,0.05,1289,2,1,1
2014-07-07,MIDDAY,332,4,2,0.09,1289,1,1,0
2014-07-07,EVENING,521,6,2,0.09,1238,2,1,1
2014-07-08,MIDDAY,339,3,1,0.05,1238,1,1,0
2014-07-08,EVENING,160,5,0,0.02,1239,1,1,0
2014-07-09,MIDDAY,641,3,0,0.02,1236,3,1,1
2014-07-09,EVENING,362,1,2,0.09,1236,4,1,1
2014-07-10,MIDDAY,976,6,3,0.04,1236,1,1,0
2014-07-10,EVENING,999,3,1,0.05,1236,1,1,0
2014-07-11,MIDDAY,670,9,1,0.05,1369,2,1,1
2014-07-11,EVENING,315,9,1,0.05,1369,3,1,1
2014-07-12,MIDDAY,609,6,1,0.05,1369,2,1,1
2014-07-12,EVENING,169,3,1,0.05,1369,4,1,1
2014-07-13,MIDDAY,845,6,2,0.09,1369,1,1,0
2014-07-13,EVENING,514,1,1,0.05,1369,1,1,0
2014-07-14,MIDDAY,784,8,2,0.09,1369,0,0,0
2014-07-14,EVENING,490,5,1,0.05,1369,1,1,0
2014-07-15,MIDDAY,909,7,1,0.05,1369,1,1,0
2014-07-15,EVENING,049,4,2,0.09,1369,1,1,0
2014-07-16,MIDDAY,653,9,2,0.09,1369,3,1,1
2014-07-16,EVENING,025,0,1,0.05,1369,0,0,0
2014-07-17,MIDDAY,823,6,1,0.05,1369,2,1,1
2014-07-17,EVENING,259,0,1,0.05,1369,1,1,0
2014-07-18,MIDDAY,839,8,1,0.05,3569,2,1,1
2014-07-18,EVENING,680,2,1,0.05,3569,1,1,0
2014-07-19,MIDDAY,530,8,1,0.05,0369,2,1,1
2014-07-19,EVENING,969,6,2,0.09,0369,2,1,1
2014-07-20,MIDDAY,942,5,0,0.02,0369,1,1,0
2014-07-20,EVENING,365,9,1,0.05,0369,3,1,1
2014-07-21,MIDDAY,075,9,2,0.09,3569,2,1,1
2014-07-21,EVENING,592,3,2,0.09,3569,3,1,1
2014-07-22,MIDDAY,302,0,2,0.09,3569,1,1,0
2014-07-22,EVENING,909,5,2,0.09,3569,2,1,1
2014-07-23,MIDDAY,356,3,1,0.05,0359,2,1,1
2014-07-23,EVENING,278,9,1,0.05,3569,1,1,0
2014-07-24,MIDDAY,607,3,0,0.02,3569,2,1,1
2014-07-24,EVENING,509,2,1,0.05,3569,2,1,1
2014-07-25,MIDDAY,836,6,1,0.05,0359,1,1,0
2014-07-25,EVENING,361,5,0,0.02,0359,2,1,1
2014-07-26,MIDDAY,215,8,2,0.09,0359,1,1,0
2014-07-26,EVENING,563,3,2,0.09,0359,2,1,1
2014-07-27,MIDDAY,368,2,1,0.05,3569,2,1,1
2014-07-27,EVENING,941,5,2,0.09,3569,2,1,1
2014-07-28,MIDDAY,993,3,0,0.02,3569,2,1,1
2014-07-28,EVENING,429,9,1,0.05,3569,1,1,0
2014-07-29,MIDDAY,253,9,1,0.05,3569,3,1,1
2014-07-29,EVENING,151,4,2,0.09,2359,1,1,0
2014-07-30,MIDDAY,480,2,1,0.05,3569,0,0,0
2014-07-30,EVENING,560,1,1,0.05,2359,1,1,0
2014-07-31,MIDDAY,633,4,1,0.05,2359,1,1,0
2014-07-31,EVENING,522,5,1,0.05,3569,1,1,0
2014-08-01,MIDDAY,618,6,0,0.02,2359,0,0,0
2014-08-01,EVENING,518,5,0,0.02,3569,1,1,0
2014-08-02,MIDDAY,877,6,2,0.09,3569,1,1,0
2014-08-02,EVENING,310,5,1,0.05,2356,2,1,1
2014-08-03,MIDDAY,605,8,0,0.02,2356,2,1,1
2014-08-03,EVENING,225,3,2,0.09,3568,2,1,1
2014-08-04,MIDDAY,142,6,1,0.05,3568,1,1,0
2014-08-04,EVENING,188,2,1,0.05,2356,1,1,0
2014-08-05,MIDDAY,219,1,2,0.09,2356,1,1,0
2014-08-05,EVENING,759,1,2,0.09,1256,2,1,1
2014-08-06,MIDDAY,689,2,2,0.09,1256,2,1,1
2014-08-06,EVENING,881,7,1,0.05,1256,1,1,0
2014-08-07,MIDDAY,719,6,1,0.05,1258,1,1,0
2014-08-07,EVENING,006,8,2,0.09,1256,1,1,0
2014-08-08,MIDDAY,802,7,1,0.05,1256,1,1,0
2014-08-08,EVENING,421,0,2,0.09,1258,2,1,1
2014-08-09,MIDDAY,860,8,2,0.09,1258,1,1,0
2014-08-09,EVENING,810,4,1,0.05,1268,2,1,1
2014-08-10,MIDDAY,941,8,2,0.09,1268,2,1,1
2014-08-10,EVENING,121,8,3,0.04,1268,3,1,1
2014-08-11,MIDDAY,229,9,2,0.09,1268,1,1,0
2014-08-11,EVENING,537,1,1,0.05,1268,1,1,0
2014-08-12,MIDDAY,584,2,0,0.02,1268,2,1,1
2014-08-12,EVENING,593,5,1,0.05,1258,1,1,0
2014-08-13,MIDDAY,243,5,1,0.05,1258,2,1,1
2014-08-13,EVENING,631,5,2,0.09,1258,2,1,1
2014-08-14,MIDDAY,472,2,2,0.09,1258,1,1,0
2014-08-14,EVENING,788,6,0,0.02,1258,1,1,0
2014-08-15,MIDDAY,641,4,1,0.05,1258,1,1,0
2014-08-15,EVENING,412,7,1,0.05,1258,2,1,1
2014-08-16,MIDDAY,926,6,2,0.09,1258,1,1,0
2014-08-16,EVENING,021,4,1,0.05,1268,2,1,1
2014-08-17,MIDDAY,584,9,1,0.05,1248,2,1,1
2014-08-17,EVENING,319,0,1,0.05,1248,1,1,0
2014-08-18,MIDDAY,147,5,1,0.05,1248,2,1,1
2014-08-18,EVENING,548,3,1,0.05,1248,2,1,1
2014-08-19,MIDDAY,586,1,2,0.09,1248,2,1,1
2014-08-19,EVENING,781,5,2,0.09,1458,3,1,1
2014-08-20,MIDDAY,569,5,3,0.04,1458,1,1,0
2014-08-20,EVENING,526,7,1,0.05,1458,1,1,0
2014-08-21,MIDDAY,540,5,2,0.09,1458,2,1,1
2014-08-21,EVENING,822,5,1,0.05,1458,2,1,1
2014-08-22,MIDDAY,739,5,1,0.05,1458,1,1,0
2014-08-22,EVENING,124,8,1,0.05,1458,3,1,1
2014-08-23,MIDDAY,364,7,0,0.02,1258,0,0,0
2014-08-23,EVENING,610,1,1,0.05,1458,1,1,0
2014-08-24,MIDDAY,494,3,1,0.05,1456,1,1,0
2014-08-24,EVENING,051,6,0,0.02,1456,3,1,1
2014-08-25,MIDDAY,576,4,0,0.02,1456,3,1,1
2014-08-25,EVENING,694,0,2,0.09,1456,2,1,1
2014-08-26,MIDDAY,990,5,2,0.09,1456,1,1,0
2014-08-26,EVENING,384,6,2,0.09,1456,2,1,1
2014-08-27,MIDDAY,181,9,0,0.02,1456,1,1,0
2014-08-27,EVENING,661,3,1,0.05,1456,2,1,1
2014-08-28,MIDDAY,197,1,1,0.05,1456,1,1,0
2014-08-28,EVENING,630,6,1,0.05,1456,1,1,0
2014-08-29,MIDDAY,571,1,0,0.02,1456,2,1,1
2014-08-29,EVENING,064,6,0,0.02,1456,2,1,1
2014-08-30,MIDDAY,469,5,0,0.02,1456,3,1,1
2014-08-30,EVENING,802,0,2,0.09,1456,0,0,0
2014-08-31,MIDDAY,032,4,0,0.02,1456,1,1,0
2014-08-31,EVENING,348,8,2,0.09,1456,1,1,0
2014-09-01,MIDDAY,084,0,2,0.09,1456,1,1,0
2014-09-01,EVENING,350,3,2,0.09,0456,2,1,1
2014-09-02,MIDDAY,173,0,1,0.05,0456,1,1,0
2014-09-02,EVENING,834,3,2,0.09,0345,2,1,1
2014-09-03,MIDDAY,871,1,1,0.05,0346,0,0,0
2014-09-03,EVENING,056,8,1,0.05,0134,1,1,0
2014-09-04,MIDDAY,910,8,1,0.05,0348,2,1,1
2014-09-04,EVENING,939,0,2,0.09,0348,2,1,1
2014-09-05,MIDDAY,673,9,2,0.09,0348,1,1,0
2014-09-05,EVENING,739,9,2,0.09,0348,1,1,0
2014-09-06,MIDDAY,780,6,3,0.04,0346,2,1,1
2014-09-06,EVENING,701,7,1,0.05,0368,1,1,0
2014-09-07,MIDDAY,637,7,2,0.09,0368,2,1,1
2014-09-07,EVENING,188,7,1,0.05,0367,1,1,0
2014-09-08,MIDDAY,222,6,1,0.05,0378,0,0,0
2014-09-08,EVENING,404,1,0,0.02,0367,1,1,0
2014-09-09,MIDDAY,444,2,0,0.02,0367,0,0,0
2014-09-09,EVENING,186,4,1,0.05,0367,1,1,0
2014-09-10,MIDDAY,946,4,1,0.05,0468,2,1,1
2014-09-10,EVENING,754,1,2,0.09,0468,1,1,0
2014-09-11,MIDDAY,535,9,1,0.05,0468,0,0,0
2014-09-11,EVENING,651,7,1,0.05,0146,2,1,1
2014-09-12,MIDDAY,833,5,1,0.05,1467,0,0,0
2014-09-12,EVENING,285,6,1,0.05,1348,1,1,0
2014-09-13,MIDDAY,580,8,2,0.09,1468,1,1,0
2014-09-13,EVENING,839,2,2,0.09,0568,1,1,0
2014-09-14,MIDDAY,367,5,1,0.05,3568,3,1,1
2014-09-14,EVENING,500,8,1,0.05,3678,1,1,0
2014-09-15,MIDDAY,691,3,1,0.05,3568,2,1,1
2014-09-15,EVENING,443,5,0,0.02,3568,2,1,1
2014-09-16,MIDDAY,486,6,1,0.05,3568,2,1,1
2014-09-16,EVENING,509,4,1,0.05,3568,1,1,0
2014-09-17,MIDDAY,053,4,1,0.05,3568,2,1,1
2014-09-17,EVENING,667,5,3,0.04,3568,2,1,1
2014-09-18,MIDDAY,812,0,1,0.05,3456,0,0,0
2014-09-18,EVENING,890,6,0,0.02,0568,3,1,1
2014-09-19,MIDDAY,240,8,2,0.09,0568,2,1,1
2014-09-19,EVENING,039,8,2,0.09,4568,1,1,0
2014-09-20,MIDDAY,034,2,2,0.09,0568,1,1,0
2014-09-20,EVENING,152,0,2,0.09,0458,2,1,1
2014-09-21,MIDDAY,876,0,2,0.09,0458,2,1,1
2014-09-21,EVENING,454,1,1,0.05,0568,1,1,0
2014-09-22,MIDDAY,914,8,0,0.02,0458,2,1,1
2014-09-22,EVENING,158,4,2,0.09,0458,3,1,1
2014-09-23,MIDDAY,854,9,3,0.04,0458,3,1,1
2014-09-23,EVENING,374,1,3,0.04,0458,1,1,0
2014-09-24,MIDDAY,983,8,1,0.05,0458,1,1,0
2014-09-24,EVENING,101,3,1,0.05,0458,1,1,0
2014-09-25,MIDDAY,589,9,1,0.05,0458,2,1,1
2014-09-25,EVENING,970,1,0,0.02,0458,1,1,0
2014-09-26,MIDDAY,063,5,1,0.05,0458,2,1,1
2014-09-26,EVENING,449,9,1,0.05,0458,1,1,0
2014-09-27,MIDDAY,588,0,0,0.02,0458,3,1,1
2014-09-27,EVENING,422,4,0,0.02,0458,1,1,0
2014-09-28,MIDDAY,500,5,0,0.02,0458,2,1,1
2014-09-28,EVENING,275,4,0,0.02,0458,2,1,1
2014-09-29,MIDDAY,803,5,1,0.05,0458,3,1,1
2014-09-29,EVENING,342,2,1,0.05,0458,1,1,0
2014-09-30,MIDDAY,664,8,1,0.05,0458,2,1,1
2014-09-30,EVENING,561,3,1,0.05,0458,1,1,0
2014-10-01,MIDDAY,740,6,1,0.05,0458,2,1,1
2014-10-01,EVENING,018,5,1,0.05,0458,3,1,1
2014-10-02,MIDDAY,195,7,1,0.05,0458,1,1,0
2014-10-02,EVENING,572,0,2,0.09,0458,2,1,1
2014-10-03,MIDDAY,485,1,2,0.09,0458,3,1,1
2014-10-03,EVENING,239,5,1,0.05,0458,1,1,0
2014-10-04,MIDDAY,860,4,1,0.05,0458,3,1,1
2014-10-04,EVENING,297,2,0,0.02,0458,0,0,0
2014-10-05,MIDDAY,103,8,0,0.02,0458,2,1,1
2014-10-05,EVENING,220,2,0,0.02,0458,1,1,0
2014-10-06,MIDDAY,865,1,1,0.05,0458,2,1,1
2014-10-06,EVENING,690,2,0,0.02,0158,1,1,0
2014-10-07,MIDDAY,785,8,1,0.05,0258,2,1,1
2014-10-07,EVENING,677,6,0,0.02,0258,0,0,0
2014-10-08,MIDDAY,538,7,1,0.05,0568,2,1,1
2014-10-08,EVENING,046,6,1,0.05,0568,2,1,1
2014-10-09,MIDDAY,120,5,0,0.02,0458,2,1,1
2014-10-09,EVENING,649,0,1,0.05,0258,1,1,0
2014-10-10,MIDDAY,641,1,1,0.05,0568,1,1,0
2014-10-10,EVENING,418,6,2,0.09,0456,2,1,1
2014-10-11,MIDDAY,142,6,3,0.04,0568,1,1,0
2014-10-11,EVENING,762,4,3,0.04,0456,2,1,1
2014-10-12,MIDDAY,284,1,3,0.04,0456,1,1,0
2014-10-12,EVENING,521,7,2,0.09,0146,1,1,0
2014-10-13,MIDDAY,098,2,2,0.09,1456,0,0,0
2014-10-13,EVENING,828,5,1,0.05,0124,1,1,0
2014-10-14,MIDDAY,096,0,2,0.09,1258,0,0,0
2014-10-14,EVENING,630,8,0,0.02,0268,3,1,1
2014-10-15,MIDDAY,661,0,2,0.09,0268,2,1,1
2014-10-15,EVENING,272,6,2,0.09,0168,1,1,0
2014-10-16,MIDDAY,774,6,1,0.05,0268,1,1,0
2014-10-16,EVENING,593,2,2,0.09,0268,1,1,0
2014-10-17,MIDDAY,842,7,0,0.02,0268,2,1,1
2014-10-17,EVENING,656,5,1,0.05,0268,1,1,0
2014-10-18,MIDDAY,013,8,0,0.02,0268,2,1,1
2014-10-18,EVENING,909,6,0,0.02,0268,2,1,1
2014-10-19,MIDDAY,916,0,1,0.05,0268,2,1,1
2014-10-19,EVENING,877,9,3,0.04,0268,1,1,0
2014-10-20,MIDDAY,187,9,1,0.05,0268,1,1,0
2014-10-20,EVENING,570,8,3,0.04,0268,2,1,1
2014-10-21,MIDDAY,425,1,2,0.09,0168,1,1,0
2014-10-21,EVENING,442,5,1,0.05,0168,0,0,0
2014-10-22,MIDDAY,704,4,3,0.04,0268,1,1,0
2014-10-22,EVENING,896,4,1,0.05,0268,2,1,1
2014-10-23,MIDDAY,805,7,1,0.05,0468,2,1,1
2014-10-23,EVENING,005,8,1,0.05,0678,2,1,1
2014-10-24,MIDDAY,745,8,3,0.04,0568,2,1,1
2014-10-24,EVENING,952,0,2,0.09,0578,2,1,1
2014-10-25,MIDDAY,641,7,1,0.05,0578,1,1,0
2014-10-25,EVENING,499,9,0,0.02,0578,0,0,0
2014-10-26,MIDDAY,778,6,1,0.05,0458,1,1,0
2014-10-26,EVENING,660,4,0,0.02,0678,2,1,1
2014-10-27,MIDDAY,565,7,1,0.05,0678,2,1,1
2014-10-27,EVENING,300,6,1,0.05,0678,2,1,1
2014-10-28,MIDDAY,515,5,1,0.05,0678,0,0,0
2014-10-28,EVENING,531,3,0,0.02,0567,1,1,0
2014-10-29,MIDDAY,421,5,2,0.09,0567,1,1,0
2014-10-29,EVENING,737,5,2,0.09,0456,1,1,0
2014-10-30,MIDDAY,321,4,1,0.05,0567,0,0,0
2014-10-30,EVENING,583,7,1,0.05,4567,2,1,1
2014-10-31,MIDDAY,225,3,1,0.05,4567,1,1,0
2014-10-31,EVENING,581,5,2,0.09,4567,1,1,0
2014-11-01,MIDDAY,142,2,1,0.05,4578,1,1,0
2014-11-01,EVENING,782,5,1,0.05,1457,2,1,1
2014-11-02,MIDDAY,910,1,1,0.05,4578,0,0,0
2014-11-02,EVENING,622,7,0,0.02,1245,1,1,0
2014-11-03,MIDDAY,087,9,0,0.02,2457,1,1,0
2014-11-03,EVENING,913,6,1,0.05,4578,0,0,0
2014-11-04,MIDDAY,780,0,1,0.05,1578,2,1,1
2014-11-04,EVENING,237,9,0,0.02,1578,1,1,0
2014-11-05,MIDDAY,591,7,1,0.05,1257,3,1,1
2014-11-05,EVENING,357,2,2,0.09,1257,3,1,1
2014-11-06,MIDDAY,418,5,2,0.09,1257,2,1,1
2014-11-06,EVENING,309,3,1,0.05,1257,0,0,0
2014-11-07,MIDDAY,184,4,0,0.02,1357,1,1,0
2014-11-07,EVENING,222,3,0,0.02,1578,0,0,0
2014-11-08,MIDDAY,438,1,0,0.02,1357,2,1,1
2014-11-08,EVENING,105,2,1,0.05,1357,2,1,1
2014-11-09,MIDDAY,155,4,1,0.05,1357,2,1,1
2014-11-09,EVENING,902,1,2,0.09,1357,1,1,0
2014-11-10,MIDDAY,580,1,1,0.05,1257,2,1,1
2014-11-10,EVENING,016,9,2,0.09,1258,1,1,0
2014-11-11,MIDDAY,329,5,2,0.09,0158,1,1,0
2014-11-11,EVENING,980,0,1,0.05,0125,1,1,0
2014-11-12,MIDDAY,209,3,1,0.05,0158,1,1,0
2014-11-12,EVENING,503,9,2,0.09,0159,3,1,1
2014-11-13,MIDDAY,412,2,3,0.04,0159,1,1,0
2014-11-13,EVENING,510,5,0,0.02,0159,3,1,1
2014-11-14,MIDDAY,844,4,1,0.05,0159,0,0,0
2014-11-14,EVENING,341,5,0,0.02,0159,2,1,1
2014-11-15,MIDDAY,680,8,1,0.05,0159,1,1,0
2014-11-15,EVENING,715,3,0,0.02,0159,2,1,1
2014-11-16,MIDDAY,122,6,0,0.02,0135,1,1,0
2014-11-16,EVENING,630,7,1,0.05,0135,2,1,1
2014-11-17,MIDDAY,974,1,1,0.05,0135,1,1,0
2014-11-17,EVENING,515,6,1,0.05,0135,2,1,1
2014-11-18,MIDDAY,546,9,1,0.05,0135,1,1,0
2014-11-18,EVENING,722,5,2,0.09,0135,1,1,0
2014-11-19,MIDDAY,674,5,1,0.05,0135,1,1,0
2014-11-19,EVENING,284,7,2,0.09,0145,1,1,0
2014-11-20,MIDDAY,619,6,2,0.09,0125,1,1,0
2014-11-20,EVENING,762,2,0,0.02,0145,0,0,0
2014-11-21,MIDDAY,051,6,1,0.05,1256,3,1,1
2014-11-21,EVENING,090,7,1,0.05,0156,1,1,0
2014-11-22,MIDDAY,816,0,1,0.05,0159,2,1,1
2014-11-22,EVENING,872,0,1,0.05,0156,1,1,0
2014-11-23,MIDDAY,395,8,2,0.09,0156,1,1,0
2014-11-23,EVENING,483,8,1,0.05,0157,0,0,0
2014-11-24,MIDDAY,365,3,2,0.09,0157,1,1,0
2014-11-24,EVENING,741,4,1,0.05,0156,1,1,0
2014-11-25,MIDDAY,120,3,0,0.02,1567,1,1,0
2014-11-25,EVENING,879,7,1,0.05,1567,1,1,0
2014-11-26,MIDDAY,853,1,0,0.02,0157,2,1,1
2014-11-26,EVENING,225,8,1,0.05,1578,2,1,1
2014-11-27,MIDDAY,967,8,2,0.09,1578,2,1,1
2014-11-27,EVENING,519,2,1,0.05,1578,2,1,1
2014-11-28,MIDDAY,603,9,1,0.05,1578,0,0,0
2014-11-28,EVENING,935,5,1,0.05,1567,1,1,0
2014-11-29,MIDDAY,220,6,2,0.09,1579,0,0,0
2014-11-29,EVENING,192,9,0,0.02,1569,2,1,1
2014-11-30,MIDDAY,002,2,1,0.05,1569,0,0,0
2014-11-30,EVENING,537,1,1,0.05,1259,2,1,1
2014-12-01,MIDDAY,156,0,0,0.02,1259,2,1,1
2014-12-01,EVENING,924,5,2,0.09,0156,1,1,0
2014-12-02,MIDDAY,247,1,1,0.05,1259,2,1,1
2014-12-02,EVENING,341,9,2,0.09,1259,2,1,1
2014-12-03,MIDDAY,278,2,2,0.09,1259,1,1,0
2014-12-03,EVENING,315,3,0,0.02,1259,2,1,1
2014-12-04,MIDDAY,146,2,0,0.02,1259,2,1,1
2014-12-04,EVENING,563,3,1,0.05,1259,1,1,0
2014-12-05,MIDDAY,044,1,1,0.05,1235,1,1,0
2014-12-05,EVENING,319,5,0,0.02,1235,3,1,1
2014-12-06,MIDDAY,670,0,1,0.05,1235,0,0,0
2014-12-06,EVENING,527,3,0,0.02,1235,3,1,1
2014-12-07,MIDDAY,242,6,1,0.05,1235,1,1,0
2014-12-07,EVENING,637,5,1,0.05,1235,2,1,1
2014-12-08,MIDDAY,353,2,1,0.05,1256,2,1,1
2014-12-08,EVENING,702,6,2,0.09,1235,1,1,0
2014-12-09,MIDDAY,539,3,1,0.05,1256,1,1,0
2014-12-09,EVENING,155,7,0,0.02,2356,1,1,0
2014-12-10,MIDDAY,908,5,1,0.05,1235,1,1,0
2014-12-10,EVENING,906,1,1,0.05,1235,1,1,0
2014-12-11,MIDDAY,818,9,2,0.09,1256,1,1,0
2014-12-11,EVENING,097,9,2,0.09,1256,0,0,0
2014-12-12,MIDDAY,617,8,1,0.05,1579,2,1,1
2014-12-12,EVENING,736,0,1,0.05,1567,2,1,1
2014-12-13,MIDDAY,289,6,2,0.09,1567,1,1,0
2014-12-13,EVENING,999,7,1,0.05,1567,1,1,0
2014-12-14,MIDDAY,758,2,1,0.05,1679,1,1,0
2014-12-14,EVENING,198,9,1,0.05,1567,1,1,0
2014-12-15,MIDDAY,954,7,1,0.05,1679,2,1,1
2014-12-15,EVENING,250,1,1,0.05,5679,1,1,0
2014-12-16,MIDDAY,706,9,1,0.05,1579,2,1,1
2014-12-16,EVENING,936,2,1,0.05,5679,2,1,1
2014-12-17,MIDDAY,232,7,2,0.09,5679,1,1,0
2014-12-17,EVENING,624,9,2,0.09,2579,2,1,1
2014-12-18,MIDDAY,581,2,1,0.05,2679,1,1,0
2014-12-18,EVENING,373,6,1,0.05,2579,1,1,0
2014-12-19,MIDDAY,118,5,0,0.02,2679,0,0,0
2014-12-19,EVENING,129,3,0,0.02,2579,2,1,1
2014-12-20,MIDDAY,648,1,1,0.05,2579,0,0,0
2014-12-20,EVENING,266,1,1,0.05,1269,3,1,1
2014-12-21,MIDDAY,567,6,2,0.09,1269,1,1,0
2014-12-21,EVENING,911,2,1,0.05,1269,3,1,1
2014-12-22,MIDDAY,124,5,0,0.02,1269,2,1,1
2014-12-22,EVENING,422,9,2,0.09,1269,2,1,1
2014-12-23,MIDDAY,606,1,2,0.09,1269,2,1,1
2014-12-23,EVENING,951,4,0,0.02,1269,2,1,1
2014-12-24,MIDDAY,186,6,1,0.05,1269,2,1,1
2014-12-24,EVENING,518,9,1,0.05,1269,2,1,1
2014-12-25,MIDDAY,926,1,2,0.09,1269,4,1,1
2014-12-25,EVENING,900,5,2,0.09,1269,1,1,0
2014-12-26,MIDDAY,324,9,1,0.05,1259,2,1,1
2014-12-26,EVENING,589,9,1,0.05,1259,2,1,1
2014-12-27,MIDDAY,723,3,1,0.05,1259,1,1,0
2014-12-27,EVENING,421,5,0,0.02,1259,3,1,1
2014-12-28,MIDDAY,885,7,1,0.05,1259,1,1,0
2014-12-28,EVENING,357,4,1,0.05,1259,1,1,0
2014-12-29,MIDDAY,950,8,2,0.09,1259,2,1,1
2014-12-29,EVENING,930,3,1,0.05,1259,1,1,0
2014-12-30,MIDDAY,657,9,2,0.09,1259,2,1,1
2014-12-30,EVENING,429,9,1,0.05,1259,2,1,1
2014-12-31,MIDDAY,717,6,1,0.05,1259,1,1,0
2014-12-31,EVENING,927,4,0,0.02,1259,2,1,1
2015-01-01,MIDDAY,143,,1,0.05,1259,1,1,0
2015-01-01,EVENING,359,,1,0.05,1259,2,1,1
2015-01-02,MIDDAY,129,1,1,0.05,1259,3,1,1
2015-01-02,EVENING,111,3,1,0.05,1259,1,1,0
2015-01-03,MIDDAY,040,1,1,0.05,1259,1,1,0
2015-01-03,EVENING,355,1,1,0.05,1259,2,1,1
2015-01-04,MIDDAY,429,0,1,0.05,1259,2,1,1
2015-01-04,EVENING,403,3,0,0.02,1259,0,0,0
2015-01-05,MIDDAY,806,4,2,0.09,1459,1,1,0
2015-01-05,EVENING,809,4,2,0.09,1459,2,1,1
2015-01-06,MIDDAY,225,8,3,0.04,1459,1,1,0
2015-01-06,EVENING,872,8,1,0.05,2459,1,1,0
2015-01-07,MIDDAY,729,2,2,0.09,2459,2,1,1
2015-01-07,EVENING,858,8,2,0.09,2459,1,1,0
2015-01-08,MIDDAY,542,7,0,0.02,2459,3,1,1
2015-01-08,EVENING,046,8,1,0.05,2459,1,1,0
2015-01-09,MIDDAY,069,5,1,0.05,2459,2,1,1
2015-01-09,EVENING,251,0,2,0.09,2459,2,1,1
2015-01-10,MIDDAY,259,0,2,0.09,2459,3,1,1
2015-01-10,EVENING,686,2,3,0.04,0259,1,1,0
2015-01-11,MIDDAY,818,2,1,0.05,2459,1,1,0
2015-01-11,EVENING,394,6,2,0.09,2459,2,1,1
2015-01-12,MIDDAY,467,8,0,0.02,2459,1,1,0
2015-01-12,EVENING,151,3,2,0.09,2459,1,1,0
2015-01-13,MIDDAY,370,4,0,0.02,2459,1,1,0
2015-01-13,EVENING,915,1,1,0.05,0245,1,1,0
2015-01-14,MIDDAY,448,3,0,0.02,2459,1,1,0
2015-01-14,EVENING,691,9,0,0.02,2458,0,0,0
2015-01-15,MIDDAY,132,4,0,0.02,4589,1,1,0
2015-01-15,EVENING,054,6,1,0.05,1248,1,1,0
2015-01-16,MIDDAY,579,1,1,0.05,2459,2,1,1
2015-01-16,EVENING,953,0,1,0.05,2459,2,1,1
2015-01-17,MIDDAY,179,5,2,0.09,0459,2,1,1
2015-01-17,EVENING,595,9,2,0.09,1459,2,1,1
2015-01-18,MIDDAY,426,1,2,0.09,1459,2,1,1
2015-01-18,EVENING,096,5,0,0.02,1459,2,1,1
2015-01-19,MIDDAY,281,4,1,0.05,1459,2,1,1
2015-01-19,EVENING,383,0,0,0.02,1459,0,0,0
2015-01-20,MIDDAY,531,2,1,0.05,1459,2,1,1
2015-01-20,EVENING,479,3,1,0.05,1459,2,1,1
2015-01-21,MIDDAY,253,5,1,0.05,1459,1,1,0
2015-01-21,EVENING,076,4,1,0.05,1359,0,0,0
2015-01-22,MIDDAY,426,2,0,0.02,1459,1,1,0
2015-01-22,EVENING,583,0,2,0.09,2459,1,1,0
2015-01-23,MIDDAY,865,4,0,0.02,1345,2,1,1
2015-01-23,EVENING,722,5,2,0.09,3459,1,1,0
2015-01-24,MIDDAY,497,8,1,0.05,2345,1,1,0
2015-01-24,EVENING,168,7,1,0.05,3459,0,0,0
2015-01-25,MIDDAY,679,4,2,0.09,1345,1,1,0
2015-01-25,EVENING,944,1,2,0.09,4579,2,1,1
2015-01-26,MIDDAY,256,6,2,0.09,1459,1,1,0
2015-01-26,EVENING,458,9,0,0.02,4569,3,1,1
2015-01-27,MIDDAY,719,2,1,0.05,4569,1,1,0
2015-01-27,EVENING,938,4,1,0.05,2459,2,1,1
2015-01-28,MIDDAY,691,7,1,0.05,4589,1,1,0
2015-01-28,EVENING,141,9,1,0.05,4579,2,1,1
2015-01-29,MIDDAY,447,6,2,0.09,4569,2,1,1
2015-01-29,EVENING,991,1,1,0.05,4569,1,1,0
2015-01-30,MIDDAY,442,4,0,0.02,4569,1,1,0
2015-01-30,EVENING,253,9,0,0.02,1469,1,1,0
2015-01-31,MIDDAY,005,4,1,0.05,2459,2,1,1
2015-01-31,EVENING,301,2,1,0.05,2459,1,1,0
2015-02-01,MIDDAY,574,0,1,0.05,2459,2,1,1
2015-02-01,EVENING,659,3,1,0.05,4579,2,1,1
2015-02-02,MIDDAY,245,5,1,0.05,4569,2,1,1
2015-02-02,EVENING,400,6,1,0.05,2459,1,1,0
2015-02-03,MIDDAY,809,2,1,0.05,4569,1,1,0
2015-02-03,EVENING,809,4,1,0.05,2459,2,1,1
2015-02-04,MIDDAY,519,8,3,0.04,0459,2,1,1
2015-02-04,EVENING,032,8,2,0.09,2459,1,1,0
2015-02-05,MIDDAY,260,5,1,0.05,2459,2,1,1
2015-02-05,EVENING,030,0,2,0.09,2459,0,0,0
2015-02-06,MIDDAY,450,2,1,0.05,0459,3,1,1
2015-02-06,EVENING,527,0,1,0.05,0459,2,1,1
2015-02-07,MIDDAY,035,4,3,0.04,0459,3,1,1
2015-02-07,EVENING,909,5,2,0.09,0459,3,1,1
2015-02-08,MIDDAY,909,0,2,0.09,0459,2,1,1
2015-02-08,EVENING,348,9,2,0.09,0459,2,1,1
2015-02-09,MIDDAY,364,9,1,0.05,0459,2,1,1
2015-02-09,EVENING,769,3,3,0.04,0459,1,1,0
2015-02-10,MIDDAY,341,3,3,0.04,0459,1,1,0
2015-02-10,EVENING,854,7,1,0.05,0459,2,1,1
2015-02-11,MIDDAY,812,3,1,0.05,0459,0,0,0
2015-02-11,EVENING,139,8,1,0.05,0459,1,1,0
2015-02-12,MIDDAY,139,8,3,0.04,0349,2,1,1
2015-02-12,EVENING,318,1,4,0.08,0139,2,1,1
2015-02-13,MIDDAY,255,1,3,0.04,0349,0,0,0
2015-02-13,EVENING,002,3,1,0.05,3459,1,1,0
2015-02-14,MIDDAY,347,2,1,0.05,3459,2,1,1
2015-02-14,EVENING,272,0,2,0.09,2349,1,1,0
2015-02-15,MIDDAY,397,3,2,0.09,0234,1,1,0
2015-02-15,EVENING,761,2,1,0.05,0239,1,1,0
2015-02-16,MIDDAY,305,3,1,0.05,0239,2,1,1
2015-02-16,EVENING,820,7,0,0.02,0239,2,1,1
2015-02-17,MIDDAY,812,3,1,0.05,0239,2,1,1
2015-02-17,EVENING,836,8,2,0.09,0239,1,1,0
2015-02-18,MIDDAY,385,8,2,0.09,0239,1,1,0
2015-02-18,EVENING,405,8,2,0.09,0238,2,1,1
2015-02-19,MIDDAY,193,3,2,0.09,0238,1,1,0
2015-02-19,EVENING,517,4,0,0.02,0389,0,0,0
2015-02-20,MIDDAY,891,1,1,0.05,1389,3,1,1
2015-02-20,EVENING,897,5,1,0.05,1389,2,1,1
2015-02-21,MIDDAY,612,8,2,0.09,1389,2,1,1
2015-02-21,EVENING,676,8,1,0.05,1389,1,1,0
2015-02-22,MIDDAY,772,6,2,0.09,1238,1,1,0
2015-02-22,EVENING,955,6,2,0.09,1238,0,0,0
2015-02-23,MIDDAY,105,7,1,0.05,2358,1,1,0
2015-02-23,EVENING,757,9,1,0.05,1358,1,1,0
2015-02-24,MIDDAY,390,1,2,0.09,3578,1,1,0
2015-02-24,EVENING,636,7,1,0.05,3578,2,1,1
2015-02-25,MIDDAY,976,3,1,0.05,3578,2,1,1
2015-02-25,EVENING,213,6,3,0.04,3579,1,1,0
2015-02-26,MIDDAY,497,9,2,0.09,3789,2,1,1
2015-02-26,EVENING,305,2,0,0.02,3789,1,1,0
2015-02-27,MIDDAY,702,4,0,0.02,3579,1,1,0
2015-02-27,EVENING,297,3,2,0.09,3579,3,1,1
2015-02-28,MIDDAY,134,7,2,0.09,2379,2,1,1
2015-02-28,EVENING,504,2,2,0.09,1379,0,0,0
2015-03-01,MIDDAY,029,1,1,0.05,2379,2,1,1
2015-03-01,EVENING,651,5,2,0.09,2379,0,0,0
2015-03-02,MIDDAY,294,0,1,0.05,1379,1,1,0
2015-03-02,EVENING,449,6,0,0.02,2379,1,1,0
2015-03-03,MIDDAY,055,2,2,0.09,2379,1,1,0
2015-03-03,EVENING,463,4,0,0.02,2379,1,1,0
2015-03-04,MIDDAY,310,0,0,0.02,2379,1,1,0
2015-03-04,EVENING,287,4,1,0.05,2379,2,1,1
2015-03-05,MIDDAY,596,3,0,0.02,2379,2,1,1
2015-03-05,EVENING,944,2,0,0.02,2379,2,1,1
2015-03-06,MIDDAY,330,5,1,0.05,2379,1,1,0
2015-03-06,EVENING,946,9,0,0.02,2379,1,1,0
2015-03-07,MIDDAY,473,3,0,0.02,2349,2,1,1
2015-03-07,EVENING,847,9,1,0.05,2349,2,1,1
2015-03-08,MIDDAY,036,4,2,0.09,3479,2,1,1
2015-03-08,EVENING,375,8,1,0.05,3479,2,1,1
2015-03-09,MIDDAY,960,0,1,0.05,3479,1,1,0
2015-03-09,EVENING,941,3,0,0.02,3479,3,1,1
2015-03-10,MIDDAY,323,9,1,0.05,3479,2,1,1
2015-03-10,EVENING,023,9,2,0.09,2349,3,1,1
2015-03-11,MIDDAY,856,3,3,0.04,0349,1,1,0
2015-03-11,EVENING,632,0,1,0.05,0349,2,1,1
2015-03-12,MIDDAY,985,8,2,0.09,0349,1,1,0
2015-03-12,EVENING,424,6,0,0.02,0349,1,1,0
2015-03-13,MIDDAY,608,9,0,0.02,3469,2,1,1
2015-03-13,EVENING,988,4,1,0.05,0369,1,1,0
2015-03-14,MIDDAY,720,6,2,0.09,3469,1,1,0
2015-03-14,EVENING,538,9,0,0.02,3469,2,1,1
2015-03-15,MIDDAY,015,7,0,0.02,3469,0,0,0
2015-03-15,EVENING,349,5,1,0.05,0369,2,1,1
2015-03-16,MIDDAY,878,0,1,0.05,3469,0,0,0
2015-03-16,EVENING,132,3,0,0.02,0369,1,1,0
2015-03-17,MIDDAY,606,8,0,0.02,0349,1,1,0
2015-03-17,EVENING,934,1,0,0.02,0369,2,1,1
2015-03-18,MIDDAY,501,6,0,0.02,0349,1,1,0
2015-03-18,EVENING,757,9,1,0.05,0369,1,1,0
2015-03-19,MIDDAY,136,5,1,0.05,0369,2,1,1
2015-03-19,EVENING,173,7,1,0.05,0359,1,1,0
2015-03-20,MIDDAY,424,1,2,0.09,0369,0,0,0
2015-03-20,EVENING,691,1,1,0.05,0369,2,1,1
2015-03-21,MIDDAY,309,4,1,0.05,1369,2,1,1
2015-03-21,EVENING,389,6,1,0.05,0369,3,1,1
2015-03-22,MIDDAY,151,3,2,0.09,0369,1,1,0
2015-03-22,EVENING,074,3,1,0.05,1369,1,1,0
2015-03-23,MIDDAY,784,1,1,0.05,0369,0,0,0
2015-03-23,EVENING,287,0,2,0.09,1369,0,0,0
2015-03-24,MIDDAY,980,7,2,0.09,0139,2,1,1
2015-03-24,EVENING,501,2,3,0.04,0139,2,1,1
2015-03-25,MIDDAY,292,9,1,0.05,0139,1,1,0
2015-03-25,EVENING,480,5,1,0.05,0139,1,1,0
2015-03-26,MIDDAY,105,2,0,0.02,0139,2,1,1
2015-03-26,EVENING,891,4,2,0.09,0139,2,1,1
2015-03-27,MIDDAY,051,1,1,0.05,0139,2,1,1
2015-03-27,EVENING,251,8,1,0.05,0159,2,1,1
2015-03-28,MIDDAY,238,0,2,0.09,0159,1,1,0
2015-03-28,EVENING,746,2,2,0.09,0138,0,0,0
2015-03-29,MIDDAY,846,2,1,0.05,0138,1,1,0
2015-03-29,EVENING,701,7,3,0.04,0128,2,1,1
2015-03-30,MIDDAY,491,8,0,0.02,0148,3,1,1
2015-03-30,EVENING,241,7,1,0.05,0148,2,1,1
2015-03-31,MIDDAY,475,4,2,0.09,0148,1,1,0
2015-03-31,EVENING,695,2,2,0.09,0148,0,0,0
2015-04-01,MIDDAY,340,4,1,0.05,0124,2,1,1
2015-04-01,EVENING,073,6,0,0.02,0124,1,1,0
2015-04-02,MIDDAY,268,3,2,0.09,0124,1,1,0
2015-04-02,EVENING,601,0,2,0.09,0248,1,1,0
2015-04-03,MIDDAY,335,2,1,0.05,0128,1,1,0
2015-04-03,EVENING,523,6,0,0.02,0124,1,1,0
2015-04-04,MIDDAY,867,3,3,0.04,0123,1,1,0
2015-04-04,EVENING,756,5,2,0.09,0128,0,0,0
2015-04-05,MIDDAY,579,8,2,0.09,0256,1,1,0
2015-04-05,EVENING,737,7,2,0.09,0258,0,0,0
2015-04-06,MIDDAY,753,5,1,0.05,0258,1,1,0
2015-04-06,EVENING,548,7,2,0.09,2357,2,1,1
2015-04-07,MIDDAY,121,7,2,0.09,3578,1,1,0
2015-04-07,EVENING,142,5,1,0.05,2357,2,1,1
2015-04-08,MIDDAY,937,1,2,0.09,1257,2,1,1
2015-04-08,EVENING,380,1,1,0.05,1357,2,1,1
2015-04-09,MIDDAY,035,9,2,0.09,1357,2,1,1
2015-04-09,EVENING,593,3,2,0.09,1357,2,1,1
2015-04-10,MIDDAY,077,0,3,0.04,1357,1,1,0
2015-04-10,EVENING,907,5,0,0.02,1357,2,1,1
2015-04-11,MIDDAY,676,0,2,0.09,1357,1,1,0
2015-04-11,EVENING,611,9,2,0.09,0357,0,0,0
2015-04-12,MIDDAY,762,6,1,0.05,1357,1,1,0
2015-04-12,EVENING,116,6,1,0.05,0357,0,0,0
2015-04-13,MIDDAY,235,7,1,0.05,3567,3,1,1
2015-04-13,EVENING,724,1,0,0.02,0357,1,1,0
2015-04-14,MIDDAY,983,2,2,0.09,1357,1,1,0
2015-04-14,EVENING,639,7,1,0.05,2357,2,1,1
2015-04-15,MIDDAY,112,9,2,0.09,2357,1,1,0
2015-04-15,EVENING,846,6,1,0.05,2357,0,0,0
2015-04-16,MIDDAY,505,1,0,0.02,1237,1,1,0
2015-04-16,EVENING,063,8,0,0.02,1257,0,0,0
2015-04-17,MIDDAY,145,5,1,0.05,1237,1,1,0
2015-04-17,EVENING,334,0,0,0.02,1357,1,1,0
2015-04-18,MIDDAY,003,1,1,0.05,1357,2,1,1
2015-04-18,EVENING,309,3,2,0.09,0137,2,1,1
2015-04-19,MIDDAY,363,0,2,0.09,0137,2,1,1
2015-04-19,EVENING,730,3,2,0.09,0137,3,1,1
2015-04-20,MIDDAY,885,3,2,0.09,0137,1,1,0
2015-04-20,EVENING,504,7,1,0.05,0137,2,1,1
2015-04-21,MIDDAY,600,8,1,0.05,0357,1,1,0
2015-04-21,EVENING,138,5,1,0.05,0367,1,1,0
2015-04-22,MIDDAY,196,6,1,0.05,0367,1,1,0
2015-04-22,EVENING,537,1,1,0.05,0367,2,1,1
2015-04-23,MIDDAY,921,1,1,0.05,0137,1,1,0
2015-04-23,EVENING,296,5,1,0.05,0136,1,1,0
2015-04-24,MIDDAY,316,9,2,0.09,1356,3,1,1
2015-04-24,EVENING,624,2,2,0.09,1356,1,1,0
2015-04-25,MIDDAY,902,3,1,0.05,1356,1,1,0
2015-04-25,EVENING,481,6,1,0.05,0136,2,1,1
2015-04-26,MIDDAY,521,9,0,0.02,0136,1,1,0
2015-04-26,EVENING,814,4,1,0.05,1369,1,1,0
2015-04-27,MIDDAY,941,5,1,0.05,1369,2,1,1
2015-04-27,EVENING,590,8,2,0.09,1359,2,1,1
2015-04-28,MIDDAY,215,9,2,0.09,1359,3,1,1
2015-04-28,EVENING,000,5,2,0.09,1359,1,1,0
2015-04-29,MIDDAY,139,2,1,0.05,1359,3,1,1
2015-04-29,EVENING,715,0,0,0.02,1359,2,1,1
2015-04-30,MIDDAY,673,1,1,0.05,1359,2,1,1
2015-04-30,EVENING,999,7,2,0.09,1359,1,1,0
2015-05-01,MIDDAY,603,6,1,0.05,1359,1,1,0
2015-05-01,EVENING,141,9,0,0.02,1359,2,1,1
2015-05-02,MIDDAY,261,6,0,0.02,1359,1,1,0
2015-05-02,EVENING,734,1,1,0.05,1359,2,1,1
2015-05-04,MIDDAY,011,2,1,0.05,1359,1,1,0
2015-05-04,EVENING,455,7,1,0.05,0139,0,0,0
2015-05-05,MIDDAY,956,0,0,0.02,1359,2,1,1
2015-05-05,EVENING,617,4,1,0.05,1569,2,1,1
2015-05-06,MIDDAY,771,9,1,0.05,1569,2,1,1
2015-05-06,EVENING,112,6,2,0.09,1569,2,1,1
2015-05-07,MIDDAY,412,7,1,0.05,1269,2,1,1
2015-05-07,EVENING,368,1,2,0.09,1269,2,1,1
2015-05-08,MIDDAY,253,4,1,0.05,1269,1,1,0
2015-05-08,EVENING,086,3,1,0.05,1249,0,0,0
2015-05-09,MIDDAY,200,2,1,0.05,1456,0,0,0
2015-05-09,EVENING,668,0,1,0.05,1256,1,1,0
2015-05-10,MIDDAY,469,2,1,0.05,0136,1,1,0
2015-05-10,EVENING,337,6,1,0.05,0126,1,1,0
2015-05-11,MIDDAY,215,4,1,0.05,0126,2,1,1
2015-05-11,EVENING,417,3,0,0.02,1236,2,1,1
2015-05-12,MIDDAY,190,2,2,0.09,1346,1,1,0
2015-05-12,EVENING,716,4,1,0.05,1236,2,1,1
2015-05-13,MIDDAY,767,1,1,0.05,1246,2,1,1
2015-05-13,EVENING,856,7,3,0.04,1467,2,1,1
2015-05-14,MIDDAY,257,7,2,0.09,1467,1,1,0
2015-05-14,EVENING,394,8,2,0.09,1267,0,0,0
2015-05-15,MIDDAY,039,2,0,0.02,1467,0,0,0
2015-05-15,EVENING,767,3,2,0.09,1267,2,1,1
2015-05-16,MIDDAY,558,0,1,0.05,1267,0,0,0
2015-05-16,EVENING,485,7,0,0.02,1267,1,1,0
2015-05-17,MIDDAY,756,5,2,0.09,1467,2,1,1
2015-05-17,EVENING,520,4,2,0.09,1567,1,1,0
2015-05-18,MIDDAY,721,7,1,0.05,1267,3,1,1
2015-05-18,EVENING,708,5,1,0.05,1267,1,1,0
2015-05-19,MIDDAY,853,7,1,0.05,1267,1,1,0
2015-05-19,EVENING,196,7,3,0.04,2567,2,1,1
2015-05-20,MIDDAY,448,8,1,0.05,1567,0,0,0
2015-05-20,EVENING,967,1,0,0.02,4567,2,1,1
2015-05-21,MIDDAY,829,4,0,0.02,1567,0,0,0
2015-05-21,EVENING,208,9,1,0.05,1567,0,0,0
2015-05-22,MIDDAY,636,8,3,0.04,1267,1,1,0
2015-05-22,EVENING,931,2,1,0.05,1678,1,1,0
2015-05-23,MIDDAY,615,6,1,0.05,1278,1,1,0
2015-05-23,EVENING,001,9,1,0.05,1678,1,1,0
2015-05-24,MIDDAY,792,6,1,0.05,1679,3,1,1
2015-05-24,EVENING,916,0,1,0.05,1679,3,1,1
2015-05-25,MIDDAY,091,7,2,0.09,1679,3,1,1
2015-05-25,EVENING,021,9,3,0.04,1679,2,1,1
2015-05-26,MIDDAY,295,0,3,0.04,1679,1,1,0
2015-05-26,EVENING,819,0,3,0.04,1279,2,1,1
2015-05-27,MIDDAY,843,2,2,0.09,0179,0,0,0
2015-05-27,EVENING,914,8,1,0.05,0129,2,1,1
2015-05-28,MIDDAY,711,8,2,0.09,0179,2,1,1
2015-05-28,EVENING,542,9,2,0.09,1789,1,1,0
2015-05-29,MIDDAY,167,7,0,0.02,1279,2,1,1
2015-05-29,EVENING,723,5,0,0.02,1279,2,1,1
2015-05-30,MIDDAY,914,1,1,0.05,1279,2,1,1
2015-05-30,EVENING,451,7,0,0.02,1279,2,1,1
2015-05-31,MIDDAY,246,9,2,0.09,1279,2,1,1
2015-05-31,EVENING,507,4,1,0.05,1279,1,1,0
2015-06-01,MIDDAY,813,2,1,0.05,1279,2,1,1
2015-06-01,EVENING,597,5,0,0.02,1279,2,1,1
2015-06-02,MIDDAY,539,8,0,0.02,1279,1,1,0
2015-06-02,EVENING,342,5,2,0.09,1279,1,1,0
2015-06-03,MIDDAY,437,5,2,0.09,1279,1,1,0
2015-06-03,EVENING,277,3,3,0.04,1579,1,1,0
2015-06-04,MIDDAY,762,4,2,0.09,1279,2,1,1
2015-06-04,EVENING,501,2,2,0.09,1279,2,1,1
2015-06-05,MIDDAY,873,7,1,0.05,1279,1,1,0
2015-06-05,EVENING,571,5,0,0.02,2579,2,1,1
2015-06-06,MIDDAY,769,8,1,0.05,1257,1,1,0
2015-06-06,EVENING,263,5,1,0.05,2579,2,1,1
2015-06-07,MIDDAY,217,7,1,0.05,2579,2,1,1
2015-06-07,EVENING,244,2,1,0.05,1257,1,1,0
2015-06-08,MIDDAY,165,2,1,0.05,1257,3,1,1
2015-06-08,EVENING,311,2,1,0.05,1257,2,1,1
2015-06-09,MIDDAY,586,1,2,0.09,1257,2,1,1
2015-06-09,EVENING,810,3,1,0.05,1257,1,1,0
2015-06-10,MIDDAY,655,5,2,0.09,1257,1,1,0
2015-06-10,EVENING,423,8,0,0.02,1257,1,1,0
2015-06-11,MIDDAY,943,6,0,0.02,1257,0,0,0
2015-06-11,EVENING,821,4,2,0.09,1235,2,1,1
2015-06-12,MIDDAY,362,9,1,0.05,1235,2,1,1
2015-06-12,EVENING,907,8,1,0.05,1235,0,0,0
2015-06-13,MIDDAY,002,3,1,0.05,1235,2,1,1
2015-06-13,EVENING,207,9,1,0.05,1238,1,1,0
2015-06-14,MIDDAY,167,0,2,0.09,1239,1,1,0
2015-06-14,EVENING,888,2,2,0.09,1237,1,1,0
2015-06-15,MIDDAY,647,1,0,0.02,1237,2,1,1
2015-06-15,EVENING,981,8,0,0.02,1237,1,1,0
2015-06-16,MIDDAY,524,6,1,0.05,1267,2,1,1
2015-06-16,EVENING,714,9,0,0.02,1267,2,1,1
2015-06-17,MIDDAY,621,5,1,0.05,1267,3,1,1
2015-06-17,EVENING,840,7,1,0.05,1267,1,1,0
2015-06-18,MIDDAY,190,6,0,0.02,1267,2,1,1
2015-06-18,EVENING,976,8,1,0.05,1267,2,1,1
2015-06-19,MIDDAY,687,1,2,0.09,1267,3,1,1
2015-06-19,EVENING,139,9,3,0.04,1267,1,1,0
2015-06-20,MIDDAY,398,6,1,0.05,1268,2,1,1
2015-06-20,EVENING,841,1,2,0.09,1689,2,1,1
2015-06-21,MIDDAY,846,3,1,0.05,1689,2,1,1
2015-06-21,EVENING,574,8,2,0.09,1689,1,1,0
2015-06-22,MIDDAY,393,8,2,0.09,1678,1,1,0
2015-06-22,EVENING,765,5,1,0.05,1689,1,1,0
2015-06-23,MIDDAY,657,3,0,0.02,1678,2,1,1
2015-06-23,EVENING,730,7,3,0.04,1678,1,1,0
2015-06-24,MIDDAY,511,6,2,0.09,1678,2,1,1
2015-06-24,EVENING,011,7,0,0.02,1678,2,1,1
2015-06-25,MIDDAY,709,5,1,0.05,1678,1,1,0
2015-06-25,EVENING,352,0,2,0.09,1678,0,0,0
2015-06-26,MIDDAY,138,7,2,0.09,1678,3,1,1
2015-06-26,EVENING,677,3,1,0.05,1678,2,1,1
2015-06-27,MIDDAY,852,1,2,0.09,1367,1,1,0
2015-06-27,EVENING,037,6,0,0.02,1678,2,1,1
2015-06-28,MIDDAY,926,8,0,0.02,1367,1,1,0
2015-06-28,EVENING,837,0,1,0.05,1678,2,1,1
2015-06-29,MIDDAY,553,9,1,0.05,3678,1,1,0
2015-06-29,EVENING,147,8,1,0.05,3678,2,1,1
2015-06-30,MIDDAY,969,5,0,0.02,3678,1,1,0
2015-06-30,EVENING,014,1,0,0.02,3678,0,0,0
2015-07-01,MIDDAY,544,9,0,0.02,3678,0,0,0
2015-07-01,EVENING,250,0,1,0.05,3678,0,0,0
2015-07-02,MIDDAY,939,5,1,0.05,3578,2,1,1
2015-07-02,EVENING,544,2,1,0.05,3578,1,1,0
2015-07-03,MIDDAY,842,9,1,0.05,3578,1,1,0
2015-07-03,EVENING,961,5,2,0.09,3578,1,1,0
2015-07-04,MIDDAY,717,8,1,0.05,3579,1,1,0
2015-07-04,EVENING,612,9,1,0.05,5789,1,1,0
2015-07-05,MIDDAY,534,7,1,0.05,5679,2,1,1
2015-07-05,EVENING,059,6,0,0.02,1579,2,1,1
2015-07-06,MIDDAY,194,5,1,0.05,1579,3,1,1
2015-07-06,EVENING,334,0,2,0.09,1579,0,0,0
2015-07-07,MIDDAY,938,1,1,0.05,1579,2,1,1
2015-07-07,EVENING,820,3,1,0.05,1359,1,1,0
2015-07-08,MIDDAY,361,9,2,0.09,1359,3,1,1
2015-07-08,EVENING,705,8,1,0.05,1359,1,1,0
2015-07-09,MIDDAY,175,3,0,0.02,1359,3,1,1
2015-07-09,EVENING,235,7,2,0.09,1359,2,1,1
2015-07-10,MIDDAY,980,1,3,0.04,1359,2,1,1
2015-07-10,EVENING,448,2,0,0.02,1359,0,0,0
2015-07-11,MIDDAY,640,9,1,0.05,1359,1,1,0
2015-07-11,EVENING,656,4,1,0.05,1359,1,1,0
2015-07-12,MIDDAY,209,6,2,0.09,1589,1,1,0
2015-07-12,EVENING,776,6,1,0.05,0359,0,0,0
2015-07-13,MIDDAY,693,2,1,0.05,0569,2,1,1
2015-07-13,EVENING,903,7,1,0.05,3569,2,1,1
2015-07-14,MIDDAY,274,6,2,0.09,3569,1,1,0
2015-07-14,EVENING,315,9,1,0.05,3569,3,1,1
2015-07-15,MIDDAY,403,2,0,0.02,3569,1,1,0
2015-07-15,EVENING,104,3,1,0.05,3569,1,1,0
2015-07-16,MIDDAY,826,4,3,0.04,0369,1,1,0
2015-07-16,EVENING,001,1,1,0.05,0369,1,1,0
2015-07-17,MIDDAY,965,8,0,0.02,0369,2,1,1
2015-07-17,EVENING,609,0,0,0.02,0369,3,1,1
2015-07-18,MIDDAY,295,9,2,0.09,0369,1,1,0
2015-07-18,EVENING,850,6,1,0.05,0369,2,1,1
2015-07-19,MIDDAY,820,2,1,0.05,0369,1,1,0
2015-07-19,EVENING,514,8,2,0.09,0369,0,0,0
2015-07-20,MIDDAY,802,8,1,0.05,0569,1,1,0
2015-07-20,EVENING,453,5,1,0.05,0569,1,1,0
2015-07-21,MIDDAY,449,8,0,0.02,0569,1,1,0
2015-07-21,EVENING,659,4,1,0.05,0589,2,1,1
2015-07-22,MIDDAY,731,4,2,0.09,0459,1,1,0
2015-07-22,EVENING,256,6,1,0.05,0469,1,1,0
2015-07-23,MIDDAY,757,7,0,0.02,4569,1,1,0
2015-07-23,EVENING,965,2,1,0.05,4569,3,1,1
2015-07-24,MIDDAY,653,7,1,0.05,4569,2,1,1
2015-07-24,EVENING,320,9,2,0.09,4569,1,1,0
2015-07-25,MIDDAY,595,6,1,0.05,2569,3,1,1
2015-07-25,EVENING,232,3,1,0.05,2569,1,1,0
2015-07-26,MIDDAY,244,5,0,0.02,2569,2,1,1
2015-07-26,EVENING,649,2,1,0.05,2569,3,1,1
2015-07-27,MIDDAY,986,2,2,0.09,2569,3,1,1
2015-07-27,EVENING,646,6,3,0.04,2569,1,1,0
2015-07-28,MIDDAY,163,9,1,0.05,2569,2,1,1
2015-07-28,EVENING,655,6,1,0.05,2569,2,1,1
2015-07-29,MIDDAY,543,1,1,0.05,2569,1,1,0
2015-07-29,EVENING,252,6,1,0.05,2569,3,1,1
2015-07-30,MIDDAY,792,5,1,0.05,2569,3,1,1
2015-07-30,EVENING,715,2,2,0.09,2569,2,1,1
2015-07-31,MIDDAY,714,7,3,0.04,2456,1,1,0
2015-07-31,EVENING,654,7,2,0.09,2569,2,1,1
2015-08-01,MIDDAY,721,7,2,0.09,2456,1,1,0
2015-08-01,EVENING,177,6,1,0.05,2456,1,1,0
2015-08-02,MIDDAY,638,7,2,0.09,2456,1,1,0
2015-08-02,EVENING,028,1,2,0.09,2567,1,1,0
2015-08-03,MIDDAY,146,6,1,0.05,2567,1,1,0
2015-08-03,EVENING,101,0,1,0.05,2567,0,0,0
2015-08-04,MIDDAY,781,1,1,0.05,1256,1,1,0
2015-08-04,EVENING,111,1,1,0.05,1256,1,1,0
2015-08-05,MIDDAY,136,7,1,0.05,1256,2,1,1
2015-08-05,EVENING,215,1,1,0.05,1267,2,1,1
2015-08-06,MIDDAY,124,1,1,0.05,1256,2,1,1
2015-08-06,EVENING,963,2,2,0.09,1256,2,1,1
2015-08-07,MIDDAY,429,1,1,0.05,1256,2,1,1
2015-08-07,EVENING,953,9,2,0.09,1246,0,0,0
2015-08-08,MIDDAY,148,4,1,0.05,1256,1,1,0
2015-08-08,EVENING,479,9,0,0.02,1256,0,0,0
2015-08-09,MIDDAY,547,1,1,0.05,1246,2,1,1
2015-08-09,EVENING,411,4,2,0.09,1245,2,1,1
2015-08-10,MIDDAY,394,5,2,0.09,1245,2,1,1
2015-08-10,EVENING,494,4,1,0.05,1245,1,1,0
2015-08-11,MIDDAY,219,3,2,0.09,1245,2,1,1
2015-08-11,EVENING,464,4,1,0.05,1249,1,1,0
2015-08-12,MIDDAY,977,2,0,0.02,1249,2,1,1
2015-08-12,EVENING,078,4,0,0.02,1479,2,1,1
2015-08-13,MIDDAY,094,9,1,0.05,1479,2,1,1
2015-08-13,EVENING,821,0,2,0.09,1479,1,1,0
2015-08-14,MIDDAY,780,0,1,0.05,1249,0,0,0
2015-08-14,EVENING,800,8,2,0.09,1249,0,0,0
2015-08-15,MIDDAY,923,7,2,0.09,1249,2,1,1
2015-08-15,EVENING,714,8,0,0.02,1249,2,1,1
2015-08-16,MIDDAY,425,9,1,0.05,1479,2,1,1
2015-08-16,EVENING,379,7,1,0.05,1249,1,1,0
2015-08-17,MIDDAY,297,4,1,0.05,1479,3,1,1
2015-08-17,EVENING,122,3,2,0.09,2479,1,1,0
2015-08-18,MIDDAY,935,2,1,0.05,1249,2,1,1
2015-08-18,EVENING,090,1,2,0.09,1249,2,1,1
2015-08-19,MIDDAY,614,9,1,0.05,1249,3,1,1
2015-08-19,EVENING,364,0,2,0.09,1249,1,1,0
2015-08-20,MIDDAY,706,6,2,0.09,1249,0,0,0
2015-08-20,EVENING,056,3,2,0.09,1479,0,0,0
2015-08-21,MIDDAY,550,7,2,0.09,1479,1,1,0
2015-08-21,EVENING,860,0,2,0.09,1479,0,0,0
2015-08-22,MIDDAY,136,5,1,0.05,0479,0,0,0
2015-08-22,EVENING,958,8,1,0.05,0149,1,1,0
2015-08-23,MIDDAY,902,1,1,0.05,0479,2,1,1
2015-08-23,EVENING,523,9,1,0.05,0179,1,1,0
2015-08-24,MIDDAY,443,9,2,0.09,0179,1,1,0
2015-08-24,EVENING,729,5,2,0.09,0379,2,1,1
2015-08-25,MIDDAY,112,4,1,0.05,0279,1,1,0
2015-08-25,EVENING,231,7,1,0.05,0129,2,1,1
2015-08-26,MIDDAY,940,1,2,0.09,1239,2,1,1
2015-08-26,EVENING,548,2,1,0.05,1239,1,1,0
2015-08-27,MIDDAY,992,9,1,0.05,1249,2,1,1
2015-08-27,EVENING,911,5,1,0.05,1249,2,1,1
2015-08-28,MIDDAY,885,9,1,0.05,1249,1,1,0
2015-08-28,EVENING,142,9,2,0.09,1259,3,1,1
2015-08-29,MIDDAY,292,8,1,0.05,1249,2,1,1
2015-08-29,EVENING,124,1,2,0.09,1249,3,1,1
2015-08-30,MIDDAY,264,2,1,0.05,1249,2,1,1
2015-08-30,EVENING,360,1,2,0.09,1249,1,1,0
2015-08-31,MIDDAY,133,2,1,0.05,1249,2,1,1
2015-08-31,EVENING,809,3,2,0.09,1249,1,1,0
2015-09-01,MIDDAY,527,1,1,0.05,1249,2,1,1
2015-09-01,EVENING,690,8,0,0.02,1259,1,1,0
2015-09-02,MIDDAY,782,5,0,0.02,1249,1,1,0
2015-09-02,EVENING,390,6,1,0.05,1259,1,1,0
2015-09-03,MIDDAY,579,7,0,0.02,1239,1,1,0
2015-09-03,EVENING,632,3,1,0.05,1239,2,1,1
2015-09-04,MIDDAY,200,5,0,0.02,1239,1,1,0
2015-09-04,EVENING,317,6,1,0.05,0129,1,1,0
2015-09-05,MIDDAY,897,2,0,0.02,1239,2,1,1
2015-09-05,EVENING,417,3,1,0.05,1239,2,1,1
2015-09-06,MIDDAY,967,8,1,0.05,1279,2,1,1
2015-09-06,EVENING,447,4,1,0.05,1279,1,1,0
2015-09-07,MIDDAY,418,9,1,0.05,1279,2,1,1
2015-09-07,EVENING,224,4,1,0.05,1279,1,1,0
2015-09-08,MIDDAY,742,4,1,0.05,1279,2,1,1
2015-09-08,EVENING,075,2,2,0.09,1279,2,1,1
2015-09-09,MIDDAY,512,7,2,0.09,1279,3,1,1
2015-09-09,EVENING,641,0,3,0.04,1279,1,1,0
2015-09-10,MIDDAY,575,5,1,0.05,1279,1,1,0
2015-09-10,EVENING,734,6,0,0.02,1279,1,1,0
2015-09-11,MIDDAY,713,5,1,0.05,1247,2,1,1
2015-09-11,EVENING,196,7,2,0.09,1257,2,1,1
2015-09-12,MIDDAY,402,7,2,0.09,1279,2,1,1
2015-09-12,EVENING,233,1,1,0.05,1279,2,1,1
2015-09-13,MIDDAY,583,4,1,0.05,1279,0,0,0
2015-09-13,EVENING,722,2,1,0.05,1257,2,1,1
2015-09-14,MIDDAY,042,5,0,0.02,1257,2,1,1
2015-09-14,EVENING,379,7,1,0.05,2457,1,1,0
2015-09-15,MIDDAY,604,0,0,0.02,2347,1,1,0
2015-09-15,EVENING,090,3,0,0.02,2347,1,1,0
2015-09-16,MIDDAY,699,6,1,0.05,2347,0,0,0
2015-09-16,EVENING,712,0,1,0.05,2479,2,1,1
2015-09-17,MIDDAY,120,6,0,0.02,1247,2,1,1
2015-09-17,EVENING,313,7,3,0.04,1247,2,1,1
2015-09-18,MIDDAY,847,1,1,0.05,1247,3,1,1
2015-09-18,EVENING,084,3,2,0.09,1247,1,1,0
2015-09-19,MIDDAY,171,8,2,0.09,1247,2,1,1
2015-09-19,EVENING,751,0,1,0.05,1247,2,1,1
2015-09-20,MIDDAY,799,1,2,0.09,0127,2,1,1
2015-09-20,EVENING,412,7,2,0.09,0127,3,1,1
2015-09-21,MIDDAY,475,7,2,0.09,0127,1,1,0
2015-09-21,EVENING,393,4,2,0.09,1247,1,1,0
2015-09-22,MIDDAY,117,4,1,0.05,1347,3,1,1
2015-09-22,EVENING,353,3,1,0.05,1347,1,1,0
2015-09-23,MIDDAY,378,1,0,0.02,1347,3,1,1
2015-09-23,EVENING,095,3,1,0.05,1347,1,1,0
2015-09-24,MIDDAY,429,3,1,0.05,1347,2,1,1
2015-09-24,EVENING,786,0,2,0.09,1347,1,1,0
2015-09-25,MIDDAY,557,4,0,0.02,1347,2,1,1
2015-09-25,EVENING,976,7,1,0.05,1347,1,1,0
2015-09-26,MIDDAY,315,5,1,0.05,1347,2,1,1
2015-09-26,EVENING,533,9,0,0.02,1347,1,1,0
2015-09-27,MIDDAY,967,3,2,0.09,1347,2,1,1
2015-09-27,EVENING,667,5,2,0.09,1379,1,1,0
2015-09-28,MIDDAY,327,9,2,0.09,1379,3,1,1
2015-09-28,EVENING,098,6,1,0.05,1379,1,1,0
2015-09-29,MIDDAY,102,3,1,0.05,1379,2,1,1
2015-09-29,EVENING,597,0,1,0.05,1379,2,1,1
2015-09-30,MIDDAY,758,1,1,0.05,1379,2,1,1
2015-09-30,EVENING,014,5,2,0.09,1379,1,1,0
2015-10-01,MIDDAY,147,7,2,0.09,1357,2,1,1
2015-10-01,EVENING,125,0,2,0.09,1357,2,1,1
2015-10-02,MIDDAY,924,1,1,0.05,1357,1,1,0
2015-10-02,EVENING,335,1,2,0.09,1579,2,1,1
2015-10-03,MIDDAY,945,9,1,0.05,1357,1,1,0
2015-10-03,EVENING,188,3,1,0.05,1579,1,1,0
2015-10-04,MIDDAY,497,9,0,0.02,1357,1,1,0
2015-10-04,EVENING,980,1,0,0.02,1579,2,1,1
2015-10-05,MIDDAY,749,4,1,0.05,1579,2,1,1
2015-10-05,EVENING,168,9,1,0.05,1579,2,1,1
2015-10-06,MIDDAY,525,7,1,0.05,1579,2,1,1
2015-10-06,EVENING,447,1,0,0.02,1579,2,1,1
2015-10-07,MIDDAY,259,5,1,0.05,1579,2,1,1
2015-10-07,EVENING,757,4,0,0.02,1579,2,1,1
2015-10-08,MIDDAY,147,2,1,0.05,1579,2,1,1
2015-10-08,EVENING,030,7,2,0.09,1579,1,1,0
2015-10-09,MIDDAY,956,1,1,0.05,1579,3,1,1
2015-10-09,EVENING,089,0,0,0.02,1579,1,1,0
2015-10-10,MIDDAY,225,9,1,0.05,1579,2,1,1
2015-10-10,EVENING,879,0,1,0.05,1579,2,1,1
2015-10-11,MIDDAY,066,2,1,0.05,1579,0,0,0
2015-10-11,EVENING,414,8,1,0.05,1579,1,1,0
2015-10-12,MIDDAY,193,0,0,0.02,1579,2,1,1
2015-10-12,EVENING,009,4,1,0.05,1579,1,1,0
2015-10-13,MIDDAY,408,1,2,0.09,1479,2,1,1
2015-10-13,EVENING,440,0,2,0.09,0149,2,1,1
2015-10-14,MIDDAY,068,4,2,0.09,0149,2,1,1
2015-10-14,EVENING,182,4,2,0.09,0149,2,1,1
2015-10-15,MIDDAY,705,0,2,0.09,0149,1,1,0
2015-10-15,EVENING,089,1,0,0.02,0149,3,1,1
2015-10-16,MIDDAY,893,7,1,0.05,0149,1,1,0
2015-10-16,EVENING,787,0,2,0.09,0149,1,1,0
2015-10-17,MIDDAY,695,8,2,0.09,0179,1,1,0
2015-10-17,EVENING,007,7,1,0.05,0789,2,1,1
2015-10-18,MIDDAY,527,6,0,0.02,0789,1,1,0
2015-10-18,EVENING,747,0,1,0.05,0789,2,1,1
2015-10-19,MIDDAY,271,5,1,0.05,0789,1,1,0
2015-10-19,EVENING,901,7,1,0.05,0789,3,1,1
2015-10-20,MIDDAY,957,2,2,0.09,0179,2,1,1
2015-10-20,EVENING,823,9,2,0.09,0179,1,1,0
2015-10-21,MIDDAY,092,9,2,0.09,0789,2,1,1
2015-10-21,EVENING,897,8,2,0.09,0789,3,1,1
2015-10-22,MIDDAY,860,0,1,0.05,0789,2,1,1
2015-10-22,EVENING,422,8,1,0.05,0789,1,1,0
2015-10-23,MIDDAY,626,8,1,0.05,0789,1,1,0
2015-10-23,EVENING,044,4,2,0.09,0789,1,1,0
2015-10-24,MIDDAY,290,6,0,0.02,0789,2,1,1
2015-10-24,EVENING,530,0,1,0.05,0789,1,1,0
2015-10-25,MIDDAY,830,2,1,0.05,0289,3,1,1
2015-10-25,EVENING,315,5,2,0.09,0289,0,0,0
2015-10-26,MIDDAY,666,8,1,0.05,0289,1,1,0
2015-10-26,EVENING,186,3,0,0.02,0289,1,1,0
2015-10-27,MIDDAY,663,6,2,0.09,0289,0,0,0
2015-10-27,EVENING,473,1,2,0.09,0789,1,1,0
2015-10-28,MIDDAY,541,6,1,0.05,0789,0,0,0
2015-10-28,EVENING,825,4,2,0.09,0678,1,1,0
2015-10-29,MIDDAY,688,5,2,0.09,0278,1,1,0
2015-10-29,EVENING,874,8,2,0.09,0268,1,1,0
2015-10-30,MIDDAY,376,6,1,0.05,0278,1,1,0
2015-10-30,EVENING,598,8,1,0.05,2678,1,1,0
2015-10-31,MIDDAY,579,3,0,0.02,0678,1,1,0
2015-10-31,EVENING,643,5,2,0.09,5678,2,1,1
2015-11-01,MIDDAY,049,5,2,0.09,3568,1,1,0
2015-11-01,EVENING,816,6,2,0.09,4568,2,1,1
2015-11-02,MIDDAY,428,0,0,0.02,4568,2,1,1
2015-11-02,EVENING,478,8,1,0.05,0568,1,1,0
2015-11-03,MIDDAY,485,4,2,0.09,4568,3,1,1
2015-11-03,EVENING,781,4,2,0.09,4568,2,1,1
2015-11-04,MIDDAY,213,4,2,0.09,4568,1,1,0
2015-11-04,EVENING,744,7,2,0.09,4568,1,1,0
2015-11-05,MIDDAY,161,2,1,0.05,3458,0,0,0
2015-11-05,EVENING,702,7,0,0.02,4568,0,0,0
2015-11-06,MIDDAY,449,1,1,0.05,4578,1,1,0
2015-11-06,EVENING,994,7,0,0.02,1478,2,1,1
2015-11-07,MIDDAY,002,4,2,0.09,1478,1,1,0
2015-11-07,EVENING,522,9,1,0.05,4678,0,0,0
2015-11-08,MIDDAY,758,0,1,0.05,2478,2,1,1
2015-11-08,EVENING,121,5,1,0.05,4578,1,1,0
2015-11-09,MIDDAY,517,7,1,0.05,4578,2,1,1
2015-11-09,EVENING,283,1,2,0.09,4578,1,1,0
2015-11-10,MIDDAY,086,5,1,0.05,4578,2,1,1
2015-11-10,EVENING,882,2,1,0.05,4578,1,1,0
2015-11-11,MIDDAY,578,0,1,0.05,2458,2,1,1
2015-11-11,EVENING,876,8,1,0.05,2578,2,1,1
2015-11-12,MIDDAY,378,5,2,0.09,2578,3,1,1
2015-11-12,EVENING,764,8,2,0.09,4578,3,1,1
2015-11-13,MIDDAY,597,3,2,0.09,4578,2,1,1
2015-11-13,EVENING,159,7,1,0.05,4578,2,1,1
2015-11-14,MIDDAY,710,5,3,0.04,1578,3,1,1
2015-11-14,EVENING,068,1,3,0.04,1578,2,1,1
2015-11-15,MIDDAY,846,7,2,0.09,1578,2,1,1
2015-11-15,EVENING,817,0,2,0.09,4578,2,1,1
2015-11-16,MIDDAY,424,8,2,0.09,1578,1,1,0
2015-11-16,EVENING,409,8,1,0.05,1578,1,1,0
2015-11-17,MIDDAY,692,4,2,0.09,4578,1,1,0
2015-11-17,EVENING,825,4,2,0.09,4578,3,1,1
2015-11-18,MIDDAY,729,6,2,0.09,4578,1,1,0
2015-11-18,EVENING,110,8,1,0.05,4578,1,1,0
2015-11-19,MIDDAY,691,7,0,0.02,4578,1,1,0
2015-11-19,EVENING,320,1,1,0.05,1578,1,1,0
2015-11-20,MIDDAY,470,6,1,0.05,1578,1,1,0
2015-11-20,EVENING,241,3,1,0.05,1478,2,1,1
2015-11-21,MIDDAY,884,4,1,0.05,1478,2,1,1
2015-11-21,EVENING,852,2,1,0.05,1478,1,1,0
2015-11-22,MIDDAY,610,8,1,0.05,2478,1,1,0
2015-11-22,EVENING,743,8,1,0.05,1478,3,1,1
2015-11-23,MIDDAY,554,6,1,0.05,1478,1,1,0
2015-11-23,EVENING,176,7,1,0.05,1478,2,1,1
2015-11-24,MIDDAY,369,5,1,0.05,4678,1,1,0
2015-11-24,EVENING,172,1,1,0.05,4678,1,1,0
2015-11-25,MIDDAY,031,3,0,0.02,1478,1,1,0
2015-11-25,EVENING,314,1,1,0.05,1478,2,1,1
2015-11-26,MIDDAY,129,0,2,0.09,1478,1,1,0
2015-11-26,EVENING,717,3,1,0.05,1478,2,1,1
2015-11-27,MIDDAY,420,1,1,0.05,1478,2,1,1
2015-11-27,EVENING,915,7,1,0.05,1478,2,1,1
2015-11-28,MIDDAY,435,4,1,0.05,1247,1,1,0
2015-11-28,EVENING,022,9,1,0.05,1247,1,1,0
2015-11-29,MIDDAY,844,4,0,0.02,1247,1,1,0
2015-11-29,EVENING,591,0,0,0.02,1247,1,1,0
2015-11-30,MIDDAY,926,8,0,0.02,0124,1,1,0
2015-11-30,EVENING,610,5,1,0.05,0124,2,1,1
2015-12-01,MIDDAY,045,9,1,0.05,0124,2,1,1
2015-12-01,EVENING,352,6,2,0.09,0145,1,1,0
2015-12-02,MIDDAY,181,0,1,0.05,0145,2,1,1
2015-12-02,EVENING,458,3,0,0.02,0145,2,1,1
2015-12-03,MIDDAY,995,1,1,0.05,0158,2,1,1
2015-12-03,EVENING,589,4,1,0.05,0158,2,1,1
2015-12-04,MIDDAY,959,9,2,0.09,1458,1,1,0
2015-12-04,EVENING,021,5,2,0.09,1589,2,1,1
2015-12-05,MIDDAY,047,9,1,0.05,0159,2,1,1
2015-12-05,EVENING,607,0,1,0.05,0159,1,1,0
2015-12-06,MIDDAY,501,0,2,0.09,0159,3,1,1
2015-12-06,EVENING,880,6,1,0.05,0159,1,1,0
2015-12-07,MIDDAY,760,5,1,0.05,0159,2,1,1
2015-12-07,EVENING,259,8,2,0.09,0159,2,1,1
2015-12-08,MIDDAY,038,7,1,0.05,0159,1,1,0
2015-12-08,EVENING,268,2,1,0.05,0159,0,0,0
2015-12-09,MIDDAY,830,0,1,0.05,0158,2,1,1
2015-12-09,EVENING,902,2,1,0.05,0158,1,1,0
2015-12-10,MIDDAY,663,8,1,0.05,0589,1,1,0
2015-12-10,EVENING,271,9,0,0.02,0589,1,1,0
2015-12-11,MIDDAY,692,6,0,0.02,0589,1,1,0
2015-12-11,EVENING,490,2,2,0.09,0589,2,1,1
2015-12-12,MIDDAY,351,6,2,0.09,0259,1,1,0
2015-12-12,EVENING,077,4,0,0.02,0259,1,1,0
2015-12-13,MIDDAY,149,3,0,0.02,0569,1,1,0
2015-12-13,EVENING,489,0,1,0.05,0159,2,1,1
2015-12-14,MIDDAY,507,1,2,0.09,0589,2,1,1
2015-12-14,EVENING,727,4,1,0.05,0159,0,0,0
2015-12-15,MIDDAY,339,5,1,0.05,0459,2,1,1
2015-12-15,EVENING,302,7,0,0.02,0159,1,1,0
2015-12-16,MIDDAY,227,3,1,0.05,0259,1,1,0
2015-12-16,EVENING,631,3,3,0.04,0279,0,0,0
2015-12-17,MIDDAY,854,2,1,0.05,0379,0,0,0
2015-12-17,EVENING,838,6,0,0.02,0237,1,1,0
2015-12-18,MIDDAY,009,8,1,0.05,0239,2,1,1
2015-12-18,EVENING,482,8,1,0.05,0239,1,1,0
2015-12-19,MIDDAY,775,0,1,0.05,0238,1,1,0
2015-12-19,EVENING,369,4,0,0.02,0238,1,1,0
2015-12-20,MIDDAY,744,7,0,0.02,0239,0,0,0
2015-12-20,EVENING,913,3,1,0.05,0239,2,1,1
2015-12-21,MIDDAY,350,7,0,0.02,0239,2,1,1
2015-12-21,EVENING,741,9,1,0.05,0349,2,1,1
2015-12-22,MIDDAY,394,3,1,0.05,0349,3,1,1
2015-12-22,EVENING,431,7,2,0.09,0349,2,1,1
2015-12-23,MIDDAY,822,3,2,0.09,3479,1,1,0
2015-12-23,EVENING,592,4,1,0.05,0349,2,1,1
2015-12-24,MIDDAY,082,8,1,0.05,0349,1,1,0
2015-12-24,EVENING,615,5,1,0.05,0349,0,0,0
2015-12-25,MIDDAY,514,0,0,0.02,0349,2,1,1
2015-12-25,EVENING,032,6,2,0.09,0349,2,1,1
2015-12-26,MIDDAY,760,5,1,0.05,0234,1,1,0
2015-12-26,EVENING,438,0,2,0.09,0345,3,1,1
2015-12-27,MIDDAY,663,7,1,0.05,0234,1,1,0
2015-12-27,EVENING,853,4,1,0.05,0345,3,1,1
2015-12-28,MIDDAY,943,6,1,0.05,0345,2,1,1
2015-12-28,EVENING,688,8,2,0.09,0345,0,0,0
2015-12-29,MIDDAY,686,9,1,0.05,0346,1,1,0
2015-12-29,EVENING,626,6,2,0.09,0346,1,1,0
2015-12-30,MIDDAY,943,6,1,0.05,0346,3,1,1
2015-12-30,EVENING,532,6,1,0.05,0346,2,1,1
2015-12-31,MIDDAY,125,9,2,0.09,3469,1,1,0
2015-12-31,EVENING,311,5,2,0.09,3469,1,1,0
2016-01-01,MIDDAY,300,,2,0.09,3469,1,1,0
2016-01-01,EVENING,373,,1,0.05,3469,1,1,0
2016-01-02,MIDDAY,075,3,1,0.05,3469,1,1,0
2016-01-02,EVENING,043,3,2,0.09,3456,2,1,1
2016-01-03,MIDDAY,986,0,2,0.09,3456,1,1,0
2016-01-03,EVENING,030,0,1,0.05,0346,2,1,1
2016-01-04,MIDDAY,813,9,1,0.05,0356,1,1,0
2016-01-04,EVENING,395,0,1,0.05,0356,3,1,1
2016-01-05,MIDDAY,767,8,2,0.09,0356,1,1,0
2016-01-05,EVENING,679,3,0,0.02,0356,2,1,1
2016-01-06,MIDDAY,028,7,2,0.09,0369,1,1,0
2016-01-06,EVENING,205,6,1,0.05,0369,2,1,1
2016-01-07,MIDDAY,856,0,2,0.09,0369,2,1,1
2016-01-07,EVENING,018,2,3,0.04,0356,1,1,0
2016-01-08,MIDDAY,841,8,2,0.09,0368,1,1,0
2016-01-08,EVENING,223,0,2,0.09,0368,2,1,1
2016-01-09,MIDDAY,837,8,0,0.02,0368,2,1,1
2016-01-09,EVENING,163,2,1,0.05,0368,2,1,1
2016-01-10,MIDDAY,947,8,1,0.05,0368,1,1,0
2016-01-10,EVENING,806,1,0,0.02,0368,3,1,1
2016-01-11,MIDDAY,363,9,1,0.05,0368,2,1,1
2016-01-11,EVENING,479,8,1,0.05,0368,1,1,0
2016-01-12,MIDDAY,091,3,1,0.05,0368,2,1,1
2016-01-12,EVENING,065,4,1,0.05,0389,1,1,0
2016-01-13,MIDDAY,939,0,1,0.05,0368,2,1,1
2016-01-13,EVENING,457,0,1,0.05,0368,1,1,0
2016-01-14,MIDDAY,571,9,1,0.05,0368,0,0,0
2016-01-14,EVENING,104,4,2,0.09,0389,1,1,0
2016-01-15,MIDDAY,888,5,1,0.05,0389,1,1,0
2016-01-15,EVENING,179,1,0,0.02,0389,1,1,0
2016-01-16,MIDDAY,734,8,0,0.02,0389,2,1,1
2016-01-16,EVENING,193,1,1,0.05,0389,2,1,1
2016-01-17,MIDDAY,279,7,1,0.05,0389,1,1,0
2016-01-17,EVENING,737,1,1,0.05,0379,2,1,1
2016-01-18,MIDDAY,930,2,1,0.05,0379,3,1,1
2016-01-18,EVENING,051,7,1,0.05,0379,2,1,1
2016-01-19,MIDDAY,021,9,1,0.05,0137,2,1,1
2016-01-19,EVENING,775,0,2,0.09,0139,1,1,0
2016-01-20,MIDDAY,920,0,1,0.05,0379,2,1,1
2016-01-20,EVENING,876,7,1,0.05,0379,1,1,0
2016-01-21,MIDDAY,893,9,0,0.02,0379,2,1,1
2016-01-21,EVENING,764,8,1,0.05,0379,1,1,0
2016-01-22,MIDDAY,197,8,1,0.05,0379,2,1,1
2016-01-22,EVENING,753,7,2,0.09,0789,1,1,0
2016-01-23,MIDDAY,826,1,1,0.05,0379,0,0,0
2016-01-23,EVENING,813,7,0,0.02,0379,2,1,1
2016-01-24,MIDDAY,269,8,2,0.09,1789,2,1,1
2016-01-24,EVENING,294,8,1,0.05,1789,2,1,1
2016-01-25,MIDDAY,929,2,3,0.04,1789,1,1,0
2016-01-25,EVENING,780,2,2,0.09,3789,2,1,1
2016-01-26,MIDDAY,576,9,1,0.05,1789,2,1,1
2016-01-26,EVENING,665,7,1,0.05,1789,1,1,0
2016-01-27,MIDDAY,230,5,3,0.04,1789,0,0,0
2016-01-27,EVENING,821,6,1,0.05,2789,2,1,1
2016-01-28,MIDDAY,840,2,1,0.05,2789,2,1,1
2016-01-28,EVENING,526,8,2,0.09,2789,2,1,1
2016-01-29,MIDDAY,649,8,2,0.09,2789,2,1,1
2016-01-29,EVENING,361,5,2,0.09,2789,0,0,0
2016-01-30,MIDDAY,039,6,1,0.05,2678,1,1,0
2016-01-30,EVENING,888,3,2,0.09,2689,1,1,0
2016-01-31,MIDDAY,583,0,1,0.05,2689,1,1,0
2016-01-31,EVENING,895,8,2,0.09,2689,2,1,1
2016-02-01,MIDDAY,083,5,2,0.09,2689,1,1,0
2016-02-01,EVENING,154,8,2,0.09,3689,1,1,0
2016-02-02,MIDDAY,514,0,2,0.09,3589,1,1,0
2016-02-02,EVENING,712,1,3,0.04,3589,0,0,0
2016-02-03,MIDDAY,303,5,1,0.05,3589,2,1,1
2016-02-03,EVENING,817,7,0,0.02,0358,1,1,0
2016-02-04,MIDDAY,284,3,0,0.02,0358,2,1,1
2016-02-04,EVENING,166,8,1,0.05,0358,1,1,0
2016-02-05,MIDDAY,163,2,1,0.05,1358,2,1,1
2016-02-05,EVENING,567,1,2,0.09,1258,2,1,1
2016-02-06,MIDDAY,483,1,2,0.09,1358,3,1,1
2016-02-06,EVENING,075,5,1,0.05,1358,1,1,0
2016-02-07,MIDDAY,869,4,0,0.02,1358,1,1,0
2016-02-07,EVENING,453,0,0,0.02,1358,2,1,1
2016-02-08,MIDDAY,114,8,1,0.05,1358,2,1,1
2016-02-08,EVENING,740,4,1,0.05,1358,0,0,0
2016-02-09,MIDDAY,380,1,1,0.05,1358,3,1,1
2016-02-09,EVENING,292,7,1,0.05,1358,0,0,0
2016-02-10,MIDDAY,471,3,0,0.02,1358,2,1,1
2016-02-10,EVENING,570,2,1,0.05,1358,1,1,0
2016-02-11,MIDDAY,758,4,1,0.05,0138,1,1,0
2016-02-11,EVENING,385,5,2,0.09,1578,2,1,1
2016-02-12,MIDDAY,736,7,2,0.09,3578,2,1,1
2016-02-12,EVENING,156,3,1,0.05,3578,2,1,1
2016-02-13,MIDDAY,614,7,2,0.09,3578,1,1,0
2016-02-13,EVENING,646,1,2,0.09,1378,1,1,0
2016-02-14,MIDDAY,000,6,3,0.04,1378,0,0,0
2016-02-14,EVENING,712,6,1,0.05,1678,3,1,1
2016-02-15,MIDDAY,319,0,1,0.05,1678,1,1,0
2016-02-15,EVENING,523,7,1,0.05,1367,2,1,1
2016-02-16,MIDDAY,163,3,1,0.05,1367,3,1,1
2016-02-16,EVENING,989,5,1,0.05,1367,0,0,0
2016-02-17,MIDDAY,491,1,0,0.02,1367,1,1,0
2016-02-17,EVENING,105,9,1,0.05,1367,1,1,0
2016-02-18,MIDDAY,603,4,2,0.09,1356,2,1,1
2016-02-18,EVENING,434,1,1,0.05,1346,3,1,1
2016-02-19,MIDDAY,132,6,2,0.09,1345,2,1,1
2016-02-19,EVENING,463,4,2,0.09,1346,3,1,1
2016-02-20,MIDDAY,303,1,2,0.09,1346,2,1,1
2016-02-20,EVENING,767,4,1,0.05,1346,2,1,1
2016-02-21,MIDDAY,509,3,0,0.02,1346,1,1,0
2016-02-21,EVENING,574,7,0,0.02,1346,1,1,0
2016-02-22,MIDDAY,693,5,1,0.05,1346,2,1,1
2016-02-22,EVENING,001,5,1,0.05,1356,2,1,1
2016-02-23,MIDDAY,934,6,1,0.05,1356,2,1,1
2016-02-23,EVENING,812,0,0,0.02,1356,1,1,0
2016-02-24,MIDDAY,318,9,0,0.02,1356,2,1,1
2016-02-24,EVENING,340,8,2,0.09,1346,2,1,1
2016-02-25,MIDDAY,926,3,2,0.09,1346,2,1,1
2016-02-25,EVENING,776,3,1,0.05,1346,2,1,1
2016-02-26,MIDDAY,421,9,2,0.09,1346,2,1,1
2016-02-26,EVENING,999,7,0,0.02,1346,0,0,0
2016-02-27,MIDDAY,960,4,1,0.05,1369,2,1,1
2016-02-27,EVENING,807,9,1,0.05,1349,1,1,0
2016-02-28,MIDDAY,557,9,2,0.09,1349,1,1,0
2016-02-28,EVENING,898,8,2,0.09,1349,1,1,0
2016-02-29,MIDDAY,550,5,1,0.05,1349,0,0,0
2016-02-29,EVENING,456,8,0,0.02,0349,1,1,0
2016-03-01,MIDDAY,626,5,1,0.05,3469,1,1,0
2016-03-01,EVENING,380,4,2,0.09,3469,2,1,1
2016-03-02,MIDDAY,255,6,0,0.02,3469,1,1,0
2016-03-02,EVENING,118,3,0,0.02,3569,1,1,0
2016-03-03,MIDDAY,957,2,0,0.02,3569,2,1,1
2016-03-03,EVENING,671,1,0,0.02,3569,1,1,0
2016-03-04,MIDDAY,683,9,1,0.05,3569,3,1,1
2016-03-04,EVENING,661,6,1,0.05,3569,1,1,0
2016-03-05,MIDDAY,104,6,1,0.05,3569,1,1,0
2016-03-05,EVENING,745,6,2,0.09,1369,1,1,0
2016-03-06,MIDDAY,546,1,2,0.09,1369,2,1,1
2016-03-06,EVENING,819,7,3,0.04,1469,2,1,1
2016-03-07,MIDDAY,401,5,1,0.05,1689,1,1,0
2016-03-07,EVENING,707,8,1,0.05,1469,0,0,0
2016-03-08,MIDDAY,948,4,1,0.05,1469,2,1,1
2016-03-08,EVENING,748,7,1,0.05,1469,1,1,0
2016-03-09,MIDDAY,967,9,2,0.09,1469,2,1,1
2016-03-09,EVENING,933,7,1,0.05,1469,1,1,0
2016-03-10,MIDDAY,437,9,2,0.09,4679,3,1,1
2016-03-10,EVENING,869,9,3,0.04,4679,2,1,1
2016-03-11,MIDDAY,085,4,1,0.05,6789,1,1,0
2016-03-11,EVENING,237,8,1,0.05,4689,1,1,0
2016-03-12,MIDDAY,019,0,1,0.05,4689,1,1,0
2016-03-12,EVENING,721,2,0,0.02,4689,0,0,0
2016-03-13,MIDDAY,639,0,1,0.05,4679,2,1,1
2016-03-13,EVENING,599,7,0,0.02,6789,2,1,1
2016-03-14,MIDDAY,425,6,1,0.05,6789,1,1,0
2016-03-14,EVENING,777,5,1,0.05,4679,1,1,0
2016-03-15,MIDDAY,419,4,1,0.05,4679,2,1,1
2016-03-15,EVENING,527,7,0,0.02,4679,1,1,0
2016-03-16,MIDDAY,283,4,0,0.02,4579,1,1,0
2016-03-16,EVENING,268,5,1,0.05,4579,1,1,0
2016-03-17,MIDDAY,271,2,2,0.09,4579,1,1,0
2016-03-17,EVENING,590,2,1,0.05,4579,2,1,1
2016-03-18,MIDDAY,160,2,1,0.05,4579,0,0,0
2016-03-18,EVENING,670,5,2,0.09,2579,2,1,1
2016-03-19,MIDDAY,969,1,2,0.09,2579,1,1,0
2016-03-19,EVENING,363,6,1,0.05,5679,1,1,0
2016-03-20,MIDDAY,888,9,1,0.05,2679,1,1,0
2016-03-20,EVENING,076,3,0,0.02,2679,2,1,1
2016-03-21,MIDDAY,758,8,0,0.02,2679,1,1,0
2016-03-21,EVENING,302,0,1,0.05,5679,0,0,0
2016-03-22,MIDDAY,147,7,0,0.02,2679,1,1,0
2016-03-22,EVENING,245,3,0,0.02,5679,1,1,0
2016-03-23,MIDDAY,730,1,1,0.05,2567,1,1,0
2016-03-23,EVENING,373,2,1,0.05,2567,2,1,1
2016-03-24,MIDDAY,586,7,2,0.09,2357,2,1,1
2016-03-24,EVENING,593,3,1,0.05,2567,1,1,0
2016-03-25,MIDDAY,344,5,1,0.05,2567,1,1,0
2016-03-25,EVENING,243,5,2,0.09,3567,2,1,1
2016-03-26,MIDDAY,031,3,3,0.04,2357,1,1,0
2016-03-26,EVENING,943,2,1,0.05,2357,2,1,1
2016-03-27,MIDDAY,009,0,1,0.05,2357,0,0,0
2016-03-27,EVENING,468,9,1,0.05,2357,0,0,0
2016-03-28,MIDDAY,903,0,1,0.05,2357,1,1,0
2016-03-28,EVENING,911,4,1,0.05,3579,1,1,0
2016-03-29,MIDDAY,430,9,1,0.05,3579,2,1,1
2016-03-29,EVENING,640,9,2,0.09,0349,3,1,1
2016-03-30,MIDDAY,915,4,3,0.04,0349,2,1,1
2016-03-30,EVENING,339,6,2,0.09,0349,2,1,1
2016-03-31,MIDDAY,889,9,1,0.05,0349,1,1,0
2016-03-31,EVENING,963,3,1,0.05,0349,2,1,1
2016-04-01,MIDDAY,479,8,1,0.05,0349,2,1,1
2016-04-01,EVENING,703,9,1,0.05,3479,3,1,1
2016-04-02,MIDDAY,015,4,2,0.09,3479,1,1,0
2016-04-02,EVENING,555,7,1,0.05,0349,0,0,0
2016-04-03,MIDDAY,779,0,1,0.05,0349,2,1,1
2016-04-03,EVENING,316,5,1,0.05,3479,1,1,0
2016-04-04,MIDDAY,688,7,0,0.02,3459,0,0,0
2016-04-04,EVENING,437,3,1,0.05,0379,2,1,1
2016-04-05,MIDDAY,917,6,1,0.05,3479,2,1,1
2016-04-05,EVENING,958,4,1,0.05,3479,2,1,1
2016-04-06,MIDDAY,229,9,1,0.05,3479,1,1,0
2016-04-06,EVENING,615,9,1,0.05,3479,1,1,0
2016-04-07,MIDDAY,543,2,1,0.05,3459,3,1,1
2016-04-07,EVENING,280,6,1,0.05,3459,0,0,0
2016-04-08,MIDDAY,414,5,1,0.05,3469,1,1,0
2016-04-08,EVENING,062,2,0,0.02,4569,1,1,0
2016-04-09,MIDDAY,823,4,0,0.02,4569,1,1,0
2016-04-09,EVENING,298,0,1,0.05,3469,1,1,0
2016-04-10,MIDDAY,972,8,2,0.09,3469,1,1,0
2016-04-10,EVENING,416,2,3,0.04,3469,2,1,1
2016-04-11,MIDDAY,871,9,1,0.05,2469,1,1,0
2016-04-11,EVENING,807,4,1,0.05,2469,1,1,0
2016-04-12,MIDDAY,304,8,2,0.09,4789,2,1,1
2016-04-12,EVENING,591,8,3,0.04,4789,2,1,1
2016-04-13,MIDDAY,113,3,1,0.05,4789,0,0,0
2016-04-13,EVENING,869,5,1,0.05,4789,2,1,1
2016-04-14,MIDDAY,768,1,0,0.02,4789,2,1,1
2016-04-14,EVENING,953,8,2,0.09,1489,2,1,1
2016-04-15,MIDDAY,356,7,1,0.05,1789,1,1,0
2016-04-15,EVENING,155,9,2,0.09,3689,1,1,0
2016-04-16,MIDDAY,447,3,1,0.05,1589,0,0,0
2016-04-16,EVENING,650,1,0,0.02,3589,1,1,0
2016-04-17,MIDDAY,466,4,0,0.02,1589,0,0,0
2016-04-17,EVENING,780,6,1,0.05,5689,2,1,1
2016-04-18,MIDDAY,019,4,1,0.05,5689,1,1,0
2016-04-18,EVENING,864,7,1,0.05,1689,2,1,1
2016-04-19,MIDDAY,620,0,1,0.05,4689,1,1,0
2016-04-19,EVENING,646,8,1,0.05,4689,3,1,1
2016-04-20,MIDDAY,070,6,1,0.05,4689,1,1,0
2016-04-20,EVENING,827,6,1,0.05,4689,2,1,1
2016-04-21,MIDDAY,507,0,2,0.09,4678,1,1,0
2016-04-21,EVENING,360,8,1,0.05,4678,2,1,1
2016-04-22,MIDDAY,466,5,1,0.05,0678,1,1,0
2016-04-22,EVENING,568,3,1,0.05,4678,2,1,1
2016-04-23,MIDDAY,675,4,2,0.09,4678,3,1,1
2016-04-23,EVENING,064,5,2,0.09,5678,2,1,1
2016-04-24,MIDDAY,521,6,3,0.04,4568,2,1,1
2016-04-24,EVENING,126,0,2,0.09,5678,1,1,0
2016-04-25,MIDDAY,257,5,3,0.04,0456,1,1,0
2016-04-25,EVENING,015,1,1,0.05,5678,1,1,0
2016-04-26,MIDDAY,455,2,1,0.05,0567,1,1,0
2016-04-26,EVENING,935,0,1,0.05,0567,2,1,1
2016-04-27,MIDDAY,560,4,1,0.05,0456,4,1,1
2016-04-27,EVENING,006,9,2,0.09,0456,2,1,1
2016-04-28,MIDDAY,453,5,2,0.09,0456,2,1,1
2016-04-28,EVENING,117,0,0,0.02,0456,1,1,0
2016-04-29,MIDDAY,126,4,0,0.02,0456,2,1,1
2016-04-29,EVENING,534,1,1,0.05,0456,2,1,1
2016-04-30,MIDDAY,604,1,2,0.09,0456,3,1,1
2016-04-30,EVENING,037,5,2,0.09,0456,2,1,1
2016-05-01,MIDDAY,802,6,1,0.05,0456,2,1,1
2016-05-01,EVENING,563,0,1,0.05,0456,3,1,1
2016-05-02,MIDDAY,743,8,2,0.09,0456,1,1,0
2016-05-02,EVENING,287,5,1,0.05,0456,1,1,0
2016-05-03,MIDDAY,764,7,2,0.09,0456,2,1,1
2016-05-03,EVENING,958,2,1,0.05,0456,1,1,0
2016-05-04,MIDDAY,410,7,0,0.02,0456,2,1,1
2016-05-04,EVENING,970,9,0,0.02,0456,1,1,0
2016-05-05,MIDDAY,973,4,2,0.09,0456,1,1,0
2016-05-05,EVENING,272,9,2,0.09,0567,1,1,0
2016-05-06,MIDDAY,811,9,2,0.09,0457,0,0,0
2016-05-06,EVENING,728,2,1,0.05,0457,1,1,0
2016-05-07,MIDDAY,842,8,1,0.05,0457,1,1,0
2016-05-07,EVENING,198,7,2,0.09,0457,1,1,0
2016-05-08,MIDDAY,579,8,1,0.05,0457,2,1,1
2016-05-08,EVENING,356,1,3,0.04,0457,1,1,0
2016-05-09,MIDDAY,549,5,1,0.05,0457,2,1,1
2016-05-09,EVENING,900,3,1,0.05,4578,0,0,0
2016-05-10,MIDDAY,283,5,1,0.05,4579,1,1,0
2016-05-10,EVENING,091,9,1,0.05,4578,0,0,0
2016-05-11,MIDDAY,262,2,0,0.02,5789,0,0,0
2016-05-11,EVENING,959,0,0,0.02,5789,2,1,1
2016-05-12,MIDDAY,640,2,0,0.02,0579,1,1,0
2016-05-12,EVENING,029,9,1,0.05,0579,2,1,1
2016-05-13,MIDDAY,875,6,2,0.09,0259,1,1,0
2016-05-13,EVENING,318,0,0,0.02,0259,1,1,0
2016-05-14,MIDDAY,603,8,1,0.05,0589,2,1,1
2016-05-14,EVENING,864,3,3,0.04,0789,1,1,0
2016-05-15,MIDDAY,785,6,3,0.04,0589,2,1,1
2016-05-15,EVENING,717,8,2,0.09,0689,1,1,0
2016-05-16,MIDDAY,318,7,2,0.09,0578,2,1,1
2016-05-16,EVENING,669,7,3,0.04,0678,2,1,1
2016-05-17,MIDDAY,109,3,1,0.05,6789,1,1,0
2016-05-17,EVENING,480,6,1,0.05,0789,2,1,1
2016-05-18,MIDDAY,998,1,1,0.05,0678,1,1,0
2016-05-18,EVENING,189,4,1,0.05,0689,2,1,1
2016-05-19,MIDDAY,214,9,3,0.04,0189,2,1,1
2016-05-19,EVENING,087,1,3,0.04,0189,3,1,1
2016-05-20,MIDDAY,150,2,1,0.05,0189,2,1,1
2016-05-20,EVENING,581,0,2,0.09,0189,3,1,1
2016-05-21,MIDDAY,735,1,3,0.04,0189,1,1,0
2016-05-21,EVENING,455,5,2,0.09,0189,0,0,0
2016-05-22,MIDDAY,353,7,1,0.05,0189,0,0,0
2016-05-22,EVENING,465,4,1,0.05,0158,1,1,0
2016-05-23,MIDDAY,095,3,1,0.05,0158,2,1,1
2016-05-23,EVENING,108,4,1,0.05,0158,3,1,1
2016-05-24,MIDDAY,147,0,1,0.05,0158,2,1,1
2016-05-24,EVENING,524,1,3,0.04,0158,2,1,1
2016-05-25,MIDDAY,487,1,2,0.09,0158,2,1,1
2016-05-25,EVENING,284,5,2,0.09,1578,2,1,1
2016-05-26,MIDDAY,568,4,2,0.09,1458,3,1,1
2016-05-26,EVENING,567,2,3,0.04,1458,1,1,0
2016-05-27,MIDDAY,581,5,2,0.09,1458,3,1,1
2016-05-27,EVENING,344,5,1,0.05,1458,2,1,1
2016-05-28,MIDDAY,006,5,1,0.05,1458,1,1,0
2016-05-28,EVENING,032,3,1,0.05,1458,0,0,0
2016-05-29,MIDDAY,377,0,1,0.05,1458,0,0,0
2016-05-29,EVENING,805,0,2,0.09,1458,2,1,1
2016-05-30,MIDDAY,917,3,1,0.05,0158,1,1,0
2016-05-30,EVENING,525,8,0,0.02,0158,2,1,1
2016-05-31,MIDDAY,025,9,0,0.02,0158,2,1,1
2016-05-31,EVENING,141,5,2,0.09,0158,2,1,1
2016-06-01,MIDDAY,822,0,1,0.05,0158,2,1,1
2016-06-01,EVENING,450,1,0,0.02,0158,3,1,1
2016-06-02,MIDDAY,201,8,1,0.05,0158,3,1,1
2016-06-02,EVENING,442,4,2,0.09,0158,0,0,0
2016-06-03,MIDDAY,643,2,1,0.05,0458,1,1,0
2016-06-03,EVENING,417,4,2,0.09,0458,1,1,0
2016-06-04,MIDDAY,298,6,1,0.05,0145,0,0,0
2016-06-04,EVENING,889,4,0,0.02,0245,1,1,0
2016-06-05,MIDDAY,008,2,2,0.09,1458,1,1,0
2016-06-05,EVENING,522,8,1,0.05,2458,3,1,1
2016-06-06,MIDDAY,663,0,2,0.09,2458,0,0,0
2016-06-06,EVENING,839,5,0,0.02,0258,2,1,1
2016-06-07,MIDDAY,748,6,1,0.05,0258,1,1,0
2016-06-07,EVENING,330,8,1,0.05,2458,1,1,0
2016-06-08,MIDDAY,576,7,1,0.05,0258,1,1,0
2016-06-08,EVENING,612,3,0,0.02,0258,1,1,0
2016-06-09,MIDDAY,384,5,1,0.05,0258,2,1,1
2016-06-09,EVENING,928,6,1,0.05,0258,2,1,1
2016-06-10,MIDDAY,174,3,1,0.05,0258,0,0,0
2016-06-10,EVENING,383,9,0,0.02,2458,1,1,0
2016-06-11,MIDDAY,960,1,1,0.05,2358,0,0,0
2016-06-11,EVENING,875,3,1,0.05,2348,2,1,1
2016-06-12,MIDDAY,706,9,0,0.02,2358,0,0,0
2016-06-12,EVENING,914,8,1,0.05,0358,1,1,0
2016-06-13,MIDDAY,462,7,1,0.05,3458,1,1,0
2016-06-13,EVENING,128,9,1,0.05,2468,2,1,1
2016-06-14,MIDDAY,069,4,1,0.05,2468,2,1,1
2016-06-14,EVENING,489,1,1,0.05,4689,3,1,1
2016-06-15,MIDDAY,016,0,2,0.09,4689,1,1,0
2016-06-15,EVENING,068,4,1,0.05,4689,3,1,1
2016-06-16,MIDDAY,123,0,2,0.09,4689,0,0,0
2016-06-16,EVENING,109,0,1,0.05,0468,1,1,0
2016-06-17,MIDDAY,400,1,2,0.09,0489,2,1,1
2016-06-17,EVENING,144,1,2,0.09,0148,2,1,1
2016-06-18,MIDDAY,726,4,2,0.09,0148,1,1,0
2016-06-18,EVENING,451,1,1,0.05,1468,2,1,1
2016-06-19,MIDDAY,810,7,1,0.05,1468,2,1,1
2016-06-19,EVENING,153,4,1,0.05,0148,2,1,1
2016-06-20,MIDDAY,578,8,1,0.05,0148,1,1,0
2016-06-20,EVENING,480,1,1,0.05,0148,4,1,1
2016-06-21,MIDDAY,506,5,1,0.05,0148,1,1,0
2016-06-21,EVENING,740,4,1,0.05,0148,2,1,1
2016-06-22,MIDDAY,966,5,1,0.05,0148,0,0,0
2016-06-22,EVENING,680,7,0,0.02,0148,2,1,1
2016-06-23,MIDDAY,254,9,1,0.05,0148,1,1,0
2016-06-23,EVENING,528,6,0,0.02,0148,1,1,0
2016-06-24,MIDDAY,237,2,2,0.09,0148,0,0,0
2016-06-24,EVENING,760,5,1,0.05,0148,1,1,0
2016-06-25,MIDDAY,364,2,1,0.05,0468,2,1,1
2016-06-25,EVENING,920,7,1,0.05,0146,1,1,0
2016-06-26,MIDDAY,895,3,1,0.05,0468,1,1,0
2016-06-26,EVENING,012,9,1,0.05,0468,1,1,0
2016-06-27,MIDDAY,977,8,1,0.05,0468,1,1,0
2016-06-27,EVENING,820,0,1,0.05,0468,2,1,1
2016-06-28,MIDDAY,991,9,1,0.05,0248,0,0,0
2016-06-28,EVENING,378,8,0,0.02,0128,1,1,0
2016-06-29,MIDDAY,317,9,0,0.02,0789,2,1,1
2016-06-29,EVENING,580,3,2,0.09,0789,2,1,1
2016-06-30,MIDDAY,359,3,1,0.05,0789,1,1,0
2016-06-30,EVENING,800,5,2,0.09,0789,2,1,1
2016-07-01,MIDDAY,350,3,1,0.05,0589,2,1,1
2016-07-01,EVENING,656,8,2,0.09,0589,2,1,1
2016-07-02,MIDDAY,682,3,1,0.05,0589,1,1,0
2016-07-02,EVENING,674,6,2,0.09,0358,0,0,0
2016-07-03,MIDDAY,181,6,1,0.05,0568,2,1,1
2016-07-03,EVENING,992,6,1,0.05,0568,1,1,0
2016-07-04,MIDDAY,813,1,1,0.05,0689,1,1,0
2016-07-04,EVENING,167,9,0,0.02,3689,2,1,1
2016-07-05,MIDDAY,704,8,1,0.05,3689,1,1,0
2016-07-05,EVENING,260,1,1,0.05,0689,2,1,1
2016-07-06,MIDDAY,904,7,1,0.05,0678,2,1,1
2016-07-06,EVENING,801,2,1,0.05,0678,2,1,1
2016-07-07,MIDDAY,516,9,1,0.05,0689,2,1,1
2016-07-07,EVENING,630,8,1,0.05,0189,2,1,1
2016-07-08,MIDDAY,971,5,1,0.05,0168,1,1,0
2016-07-08,EVENING,114,6,0,0.02,0189,1,1,0
2016-07-09,MIDDAY,796,9,1,0.05,0168,1,1,0
2016-07-09,EVENING,775,1,1,0.05,0168,1,1,0
2016-07-10,MIDDAY,004,7,1,0.05,0168,1,1,0
2016-07-10,EVENING,864,7,1,0.05,0167,2,1,1
2016-07-11,MIDDAY,908,0,2,0.09,1678,1,1,0
2016-07-11,EVENING,309,8,1,0.05,0678,2,1,1
2016-07-12,MIDDAY,686,9,3,0.04,0678,2,1,1
2016-07-12,EVENING,403,3,2,0.09,0689,1,1,0
2016-07-13,MIDDAY,722,6,0,0.02,0678,2,1,1
2016-07-13,EVENING,391,4,0,0.02,0678,0,0,0
2016-07-14,MIDDAY,235,7,0,0.02,6789,1,1,0
2016-07-14,EVENING,253,3,1,0.05,6789,0,0,0
2016-07-15,MIDDAY,573,2,3,0.04,6789,1,1,0
2016-07-15,EVENING,679,2,3,0.04,6789,3,1,1
2016-07-16,MIDDAY,665,5,2,0.09,0679,1,1,0
2016-07-16,EVENING,468,6,1,0.05,3679,1,1,0
2016-07-17,MIDDAY,289,6,1,0.05,6789,3,1,1
2016-07-17,EVENING,800,4,2,0.09,6789,1,1,0
2016-07-18,MIDDAY,364,2,1,0.05,6789,1,1,0
2016-07-18,EVENING,241,8,1,0.05,6789,1,1,0
2016-07-19,MIDDAY,304,3,2,0.09,2678,0,0,0
2016-07-19,EVENING,800,2,1,0.05,3468,1,1,0
2016-07-20,MIDDAY,277,3,1,0.05,2468,1,1,0
2016-07-20,EVENING,915,8,1,0.05,2678,1,1,0
2016-07-21,MIDDAY,328,2,0,0.02,2368,3,1,1
2016-07-21,EVENING,790,9,1,0.05,2368,0,0,0
2016-07-22,MIDDAY,230,3,0,0.02,2378,2,1,1
2016-07-22,EVENING,159,7,1,0.05,0238,0,0,0
2016-07-23,MIDDAY,978,2,0,0.02,2389,3,1,1
2016-07-23,EVENING,584,1,2,0.09,2389,1,1,0
2016-07-24,MIDDAY,077,9,1,0.05,2389,1,1,0
2016-07-24,EVENING,416,5,0,0.02,2789,0,0,0
2016-07-25,MIDDAY,462,0,0,0.02,2789,1,1,0
2016-07-25,EVENING,697,4,2,0.09,2789,2,1,1
2016-07-26,MIDDAY,739,4,2,0.09,2479,3,1,1
2016-07-26,EVENING,717,6,3,0.04,2479,1,1,0
2016-07-27,MIDDAY,501,7,1,0.05,2467,1,1,0
2016-07-27,EVENING,569,7,2,0.09,2467,2,1,1
2016-07-28,MIDDAY,246,5,2,0.09,4679,2,1,1
2016-07-28,EVENING,649,5,2,0.09,4679,3,1,1
2016-07-29,MIDDAY,422,2,3,0.04,4679,1,1,0
2016-07-29,EVENING,441,6,1,0.05,4679,2,1,1
2016-07-30,MIDDAY,870,4,1,0.05,2467,2,1,1
2016-07-30,EVENING,292,4,1,0.05,4679,2,1,1
2016-07-31,MIDDAY,334,8,1,0.05,2479,1,1,0
2016-07-31,EVENING,007,2,1,0.05,4679,1,1,0
2016-08-01,MIDDAY,409,3,0,0.02,2479,2,1,1
2016-08-01,EVENING,551,0,1,0.05,2479,0,0,0
2016-08-02,MIDDAY,770,4,1,0.05,0479,3,1,1
2016-08-02,EVENING,278,5,1,0.05,0479,1,1,0
2016-08-03,MIDDAY,901,7,1,0.05,0247,2,1,1
2016-08-03,EVENING,096,2,1,0.05,0479,2,1,1
2016-08-04,MIDDAY,136,9,2,0.09,0479,1,1,0
2016-08-04,EVENING,903,0,2,0.09,0479,2,1,1
2016-08-05,MIDDAY,029,1,2,0.09,0479,2,1,1
2016-08-05,EVENING,001,9,2,0.09,0479,2,1,1
2016-08-06,MIDDAY,523,0,3,0.04,0479,1,1,0
2016-08-06,EVENING,347,0,1,0.05,0249,2,1,1
2016-08-07,MIDDAY,642,5,2,0.09,0479,1,1,0
2016-08-07,EVENING,377,3,1,0.05,0249,0,0,0
2016-08-08,MIDDAY,731,6,0,0.02,0249,0,0,0
2016-08-08,EVENING,268,3,2,0.09,0249,1,1,0
2016-08-09,MIDDAY,258,7,2,0.09,0249,1,1,0
2016-08-09,EVENING,785,2,2,0.09,0247,2,1,1
2016-08-10,MIDDAY,079,2,4,0.08,0123,2,1,1
2016-08-10,EVENING,873,7,2,0.09,0247,1,1,0
2016-08-11,MIDDAY,202,0,1,0.05,0237,2,1,1
2016-08-11,EVENING,806,8,0,0.02,0237,1,1,0
2016-08-12,MIDDAY,709,2,1,0.05,0237,3,1,1
2016-08-12,EVENING,948,8,1,0.05,0279,1,1,0
2016-08-13,MIDDAY,663,7,1,0.05,0279,1,1,0
2016-08-13,EVENING,000,9,0,0.02,0279,2,1,1
2016-08-14,MIDDAY,619,6,0,0.02,0279,1,1,0
2016-08-14,EVENING,353,0,1,0.05,0279,1,1,0
2016-08-15,MIDDAY,645,6,0,0.02,0279,0,0,0
2016-08-15,EVENING,279,3,1,0.05,0679,2,1,1
2016-08-16,MIDDAY,346,6,0,0.02,0279,0,0,0
2016-08-16,EVENING,246,2,1,0.05,0379,0,0,0
2016-08-17,MIDDAY,001,3,2,0.09,0279,1,1,0
2016-08-17,EVENING,150,2,0,0.02,0367,1,1,0
2016-08-18,MIDDAY,493,0,2,0.09,0236,2,1,1
2016-08-18,EVENING,433,1,1,0.05,0236,1,1,0
2016-08-19,MIDDAY,454,4,2,0.09,0234,1,1,0
2016-08-19,EVENING,807,4,1,0.05,0234,2,1,1
2016-08-20,MIDDAY,799,4,1,0.05,0347,2,1,1
2016-08-20,EVENING,895,8,2,0.09,0347,0,0,0
2016-08-21,MIDDAY,011,7,1,0.05,0349,1,1,0
2016-08-21,EVENING,391,8,0,0.02,0479,1,1,0
2016-08-22,MIDDAY,352,0,1,0.05,0349,2,1,1
2016-08-22,EVENING,776,3,1,0.05,0349,1,1,0
2016-08-23,MIDDAY,541,3,1,0.05,0349,2,1,1
2016-08-23,EVENING,283,7,1,0.05,0349,1,1,0
2016-08-24,MIDDAY,481,5,1,0.05,0347,1,1,0
2016-08-24,EVENING,130,2,1,0.05,0347,2,1,1
2016-08-25,MIDDAY,027,4,1,0.05,0134,2,1,1
2016-08-25,EVENING,542,1,2,0.09,0347,1,1,0
2016-08-26,MIDDAY,407,0,2,0.09,0134,2,1,1
2016-08-26,EVENING,729,5,1,0.05,0134,0,0,0
2016-08-27,MIDDAY,162,4,1,0.05,0234,2,1,1
2016-08-27,EVENING,323,7,1,0.05,2347,3,1,1
2016-08-28,MIDDAY,356,1,1,0.05,2347,1,1,0
2016-08-28,EVENING,205,3,1,0.05,1234,2,1,1
2016-08-29,MIDDAY,152,3,2,0.09,0234,2,1,1
2016-08-29,EVENING,733,2,3,0.04,0123,2,1,1
2016-08-30,MIDDAY,941,1,2,0.09,2357,0,0,0
2016-08-30,EVENING,312,7,0,0.02,2347,3,1,1
2016-08-31,MIDDAY,226,9,1,0.05,1237,1,1,0
2016-08-31,EVENING,473,3,1,0.05,1237,2,1,1
2016-09-01,MIDDAY,185,2,0,0.02,1237,2,1,1
2016-09-01,EVENING,661,4,0,0.02,1237,1,1,0
2016-09-02,MIDDAY,769,1,1,0.05,1237,2,1,1
2016-09-02,EVENING,286,6,2,0.09,1237,1,1,0
2016-09-03,MIDDAY,062,7,1,0.05,1237,2,1,1
2016-09-03,EVENING,542,2,2,0.09,1237,1,1,0
2016-09-04,MIDDAY,006,0,1,0.05,1237,0,0,0
2016-09-04,EVENING,882,5,0,0.02,1237,1,1,0
2016-09-05,MIDDAY,558,0,0,0.02,1247,0,0,0
2016-09-05,EVENING,330,8,2,0.09,1245,0,0,0
2016-09-06,MIDDAY,491,5,2,0.09,1235,2,1,1
2016-09-06,EVENING,058,3,0,0.02,1245,1,1,0
2016-09-07,MIDDAY,018,4,1,0.05,1235,1,1,0
2016-09-07,EVENING,880,0,2,0.09,1235,0,0,0
2016-09-08,MIDDAY,371,0,2,0.09,1235,2,1,1
2016-09-08,EVENING,300,8,1,0.05,0123,2,1,1
2016-09-09,MIDDAY,944,3,2,0.09,0123,1,1,0
2016-09-09,EVENING,777,3,1,0.05,0123,1,1,0
2016-09-10,MIDDAY,440,9,1,0.05,0123,1,1,0
2016-09-10,EVENING,270,7,0,0.02,0134,1,1,0
2016-09-11,MIDDAY,029,4,1,0.05,0234,3,1,1
2016-09-11,EVENING,476,2,2,0.09,0234,2,1,1
2016-09-12,MIDDAY,470,0,2,0.09,0234,2,1,1
2016-09-12,EVENING,445,4,2,0.09,0247,1,1,0
2016-09-13,MIDDAY,202,4,1,0.05,0247,3,1,1
2016-09-13,EVENING,330,4,1,0.05,0247,2,1,1
2016-09-14,MIDDAY,701,2,2,0.09,0234,2,1,1
2016-09-14,EVENING,434,3,1,0.05,0247,1,1,0
2016-09-15,MIDDAY,186,7,0,0.02,0234,0,0,0
2016-09-15,EVENING,186,4,0,0.02,0247,1,1,0
2016-09-16,MIDDAY,358,1,3,0.04,0234,1,1,0
2016-09-16,EVENING,337,1,2,0.09,0134,2,1,1
2016-09-17,MIDDAY,949,3,2,0.09,0134,2,1,1
2016-09-17,EVENING,129,3,1,0.05,0134,2,1,1
2016-09-18,MIDDAY,007,9,2,0.09,0134,1,1,0
2016-09-18,EVENING,640,1,1,0.05,0134,3,1,1
2016-09-19,MIDDAY,852,0,1,0.05,0134,1,1,0
2016-09-19,EVENING,175,6,1,0.05,0134,1,1,0
2016-09-20,MIDDAY,505,8,1,0.05,0134,1,1,0
2016-09-20,EVENING,260,1,1,0.05,0134,2,1,1
2016-09-21,MIDDAY,424,5,1,0.05,0134,1,1,0
2016-09-21,EVENING,530,2,1,0.05,0124,2,1,1
2016-09-22,MIDDAY,066,4,2,0.09,0124,2,1,1
2016-09-22,EVENING,614,5,1,0.05,0124,2,1,1
2016-09-23,MIDDAY,744,0,2,0.09,0124,2,1,1
2016-09-23,EVENING,883,6,1,0.05,0124,0,0,0
2016-09-24,MIDDAY,512,7,0,0.02,0146,1,1,0
2016-09-24,EVENING,358,8,0,0.02,0145,1,1,0
2016-09-25,MIDDAY,384,5,1,0.05,0145,2,1,1
2016-09-25,EVENING,056,3,3,0.04,0145,2,1,1
2016-09-26,MIDDAY,620,3,2,0.09,0345,2,1,1
2016-09-26,EVENING,519,0,3,0.04,0345,2,1,1
2016-09-27,MIDDAY,496,6,1,0.05,0135,0,0,0
2016-09-27,EVENING,020,5,1,0.05,0356,2,1,1
2016-09-28,MIDDAY,508,4,0,0.02,0345,3,1,1
2016-09-28,EVENING,968,0,2,0.09,0345,1,1,0
2016-09-29,MIDDAY,465,5,2,0.09,0345,2,1,1
2016-09-29,EVENING,071,9,1,0.05,0456,1,1,0
2016-09-30,MIDDAY,667,4,0,0.02,0456,2,1,1
2016-09-30,EVENING,237,0,1,0.05,0456,1,1,0
2016-10-01,MIDDAY,643,6,1,0.05,0456,2,1,1
2016-10-01,EVENING,295,2,1,0.05,0456,1,1,0
2016-10-02,MIDDAY,222,6,0,0.02,0456,1,1,0
2016-10-02,EVENING,747,2,1,0.05,0456,1,1,0
2016-10-03,MIDDAY,546,2,1,0.05,0456,3,1,1
2016-10-03,EVENING,993,7,2,0.09,0456,0,0,0
2016-10-04,MIDDAY,121,5,0,0.02,0456,1,1,0
2016-10-04,EVENING,417,9,0,0.02,2456,1,1,0
2016-10-05,MIDDAY,217,1,1,0.05,2456,1,1,0
2016-10-05,EVENING,548,4,2,0.09,2456,2,1,1
2016-10-06,MIDDAY,303,2,0,0.02,2456,1,1,0
2016-10-06,EVENING,708,5,0,0.02,0245,2,1,1
2016-10-07,MIDDAY,146,3,1,0.05,0245,1,1,0
2016-10-07,EVENING,687,7,0,0.02,0245,0,0,0
2016-10-08,MIDDAY,876,1,1,0.05,2456,1,1,0
2016-10-08,EVENING,948,6,3,0.04,4567,2,1,1
2016-10-09,MIDDAY,787,8,2,0.09,4567,1,1,0
2016-10-09,EVENING,630,9,1,0.05,4678,1,1,0
2016-10-10,MIDDAY,883,7,0,0.02,4678,2,1,1
2016-10-10,EVENING,307,6,1,0.05,4678,2,1,1
2016-10-11,MIDDAY,693,8,2,0.09,0367,2,1,1
2016-10-11,EVENING,613,3,2,0.09,3467,2,1,1
2016-10-12,MIDDAY,234,6,2,0.09,3467,3,1,1
2016-10-12,EVENING,983,6,2,0.09,3467,2,1,1
2016-10-13,MIDDAY,067,2,2,0.09,3678,2,1,1
2016-10-13,EVENING,875,9,1,0.05,3678,2,1,1
2016-10-14,MIDDAY,538,0,1,0.05,3678,2,1,1
2016-10-14,EVENING,435,8,2,0.09,3678,2,1,1
2016-10-15,MIDDAY,631,5,3,0.04,3678,2,1,1
2016-10-15,EVENING,499,4,2,0.09,3678,0,0,0
2016-10-16,MIDDAY,705,6,0,0.02,3678,2,1,1
2016-10-16,EVENING,287,4,0,0.02,3678,2,1,1
2016-10-17,MIDDAY,672,7,1,0.05,3678,2,1,1
2016-10-17,EVENING,928,2,2,0.09,3678,1,1,0
2016-10-18,MIDDAY,859,6,1,0.05,3678,2,1,1
2016-10-18,EVENING,744,9,2,0.09,3678,1,1,0
2016-10-19,MIDDAY,398,8,1,0.05,3678,2,1,1
2016-10-19,EVENING,945,7,1,0.05,3678,1,1,0
2016-10-20,MIDDAY,781,3,1,0.05,6789,2,1,1
2016-10-20,EVENING,046,9,1,0.05,6789,2,1,1
2016-10-21,MIDDAY,784,7,0,0.02,6789,2,1,1
2016-10-21,EVENING,206,0,1,0.05,6789,1,1,0
2016-10-22,MIDDAY,135,7,0,0.02,6789,1,1,0
2016-10-22,EVENING,492,2,0,0.02,3678,0,0,0
2016-10-23,MIDDAY,661,1,0,0.02,6789,1,1,0
2016-10-23,EVENING,996,4,0,0.02,6789,2,1,1
2016-10-24,MIDDAY,366,6,1,0.05,4679,1,1,0
2016-10-24,EVENING,913,9,1,0.05,4679,1,1,0
2016-10-25,MIDDAY,305,3,1,0.05,3679,1,1,0
2016-10-25,EVENING,970,9,1,0.05,3679,2,1,1
2016-10-26,MIDDAY,304,3,1,0.05,3679,1,1,0
2016-10-26,EVENING,584,9,1,0.05,3469,2,1,1
2016-10-27,MIDDAY,750,3,1,0.05,3469,1,1,0
2016-10-27,EVENING,462,5,1,0.05,3479,1,1,0
2016-10-28,MIDDAY,105,7,1,0.05,4679,1,1,0
2016-10-28,EVENING,199,4,1,0.05,4679,2,1,1
2016-10-29,MIDDAY,749,1,1,0.05,3479,3,1,1
2016-10-29,EVENING,641,1,3,0.04,3479,1,1,0
2016-10-30,MIDDAY,668,7,2,0.09,4679,2,1,1
2016-10-30,EVENING,270,6,1,0.05,4679,2,1,1
2016-10-31,MIDDAY,619,6,2,0.09,4679,2,1,1
2016-10-31,EVENING,153,2,1,0.05,4679,0,0,0
2016-11-01,MIDDAY,102,6,1,0.05,4679,1,1,0
2016-11-01,EVENING,730,1,2,0.09,1467,2,1,1
2016-11-02,MIDDAY,201,1,2,0.09,1679,1,1,0
2016-11-02,EVENING,181,7,2,0.09,0167,2,1,1
2016-11-03,MIDDAY,455,2,1,0.05,0167,0,0,0
2016-11-03,EVENING,863,1,0,0.02,1367,3,1,1
2016-11-04,MIDDAY,642,4,0,0.02,1367,1,1,0
2016-11-04,EVENING,307,8,1,0.05,1346,1,1,0
2016-11-05,MIDDAY,992,6,0,0.02,1367,1,1,0
2016-11-05,EVENING,584,3,0,0.02,1367,1,1,0
2016-11-06,MIDDAY,454,9,0,0.02,1467,1,1,0
2016-11-06,EVENING,523,5,2,0.09,1467,0,0,0
2016-11-07,MIDDAY,653,4,1,0.05,1456,3,1,1
2016-11-07,EVENING,382,5,2,0.09,3456,2,1,1
2016-11-08,MIDDAY,244,6,2,0.09,3456,2,1,1
2016-11-08,EVENING,215,3,1,0.05,2456,2,1,1
2016-11-09,MIDDAY,533,2,1,0.05,2456,2,1,1
2016-11-09,EVENING,170,2,3,0.04,2345,1,1,0
2016-11-10,MIDDAY,169,5,1,0.05,1235,2,1,1
2016-11-10,EVENING,087,1,1,0.05,1256,1,1,0
2016-11-11,MIDDAY,890,1,1,0.05,1256,1,1,0
2016-11-11,EVENING,106,0,3,0.04,1235,1,1,0
2016-11-12,MIDDAY,849,8,2,0.09,1256,0,0,0
2016-11-12,EVENING,080,1,0,0.02,1235,1,1,0
2016-11-13,MIDDAY,359,8,1,0.05,0123,1,1,0
2016-11-13,EVENING,179,0,1,0.05,1235,1,1,0
2016-11-14,MIDDAY,558,3,1,0.05,0135,2,1,1
2016-11-14,EVENING,459,1,0,0.02,1358,2,1,1
2016-11-15,MIDDAY,834,5,1,0.05,1358,3,1,1
2016-11-15,EVENING,365,4,2,0.09,1358,2,1,1
2016-11-16,MIDDAY,852,8,3,0.04,1358,2,1,1
2016-11-16,EVENING,181,3,1,0.05,1358,3,1,1
2016-11-17,MIDDAY,645,8,1,0.05,1358,2,1,1
2016-11-17,EVENING,158,1,1,0.05,1358,3,1,1
2016-11-18,MIDDAY,247,6,2,0.09,1358,0,0,0
2016-11-18,EVENING,291,1,0,0.02,1358,1,1,0
2016-11-19,MIDDAY,537,2,1,0.05,1358,2,1,1
2016-11-19,EVENING,288,2,1,0.05,1358,1,1,0
2016-11-20,MIDDAY,717,5,1,0.05,1258,2,1,1
2016-11-20,EVENING,351,2,0,0.02,1258,3,1,1
2016-11-21,MIDDAY,756,7,2,0.09,1258,1,1,0
2016-11-21,EVENING,507,3,1,0.05,1258,1,1,0
2016-11-22,MIDDAY,646,7,2,0.09,1258,0,0,0
2016-11-22,EVENING,330,5,1,0.05,1578,1,1,0
2016-11-23,MIDDAY,648,6,0,0.02,1358,1,1,0
2016-11-23,EVENING,162,3,0,0.02,1358,2,1,1
2016-11-24,MIDDAY,005,6,1,0.05,1358,1,1,0
2016-11-24,EVENING,743,1,1,0.05,1358,2,1,1
2016-11-25,MIDDAY,030,0,0,0.02,1356,1,1,0
2016-11-25,EVENING,616,7,1,0.05,1356,2,1,1
2016-11-26,MIDDAY,013,0,0,0.02,1356,2,1,1
2016-11-26,EVENING,550,6,1,0.05,1356,2,1,1
2016-11-27,MIDDAY,448,0,1,0.05,1356,0,0,0
2016-11-27,EVENING,238,5,1,0.05,1356,2,1,1
2016-11-28,MIDDAY,054,4,1,0.05,1356,1,1,0
2016-11-28,EVENING,021,2,1,0.05,1356,1,1,0
2016-11-29,MIDDAY,279,0,1,0.05,0135,1,1,0
2016-11-29,EVENING,460,0,2,0.09,0135,1,1,0
2016-11-30,MIDDAY,322,2,1,0.05,0135,1,1,0
2016-11-30,EVENING,331,4,0,0.02,0235,1,1,0
2016-12-01,MIDDAY,374,3,1,0.05,0135,1,1,0
2016-12-01,EVENING,989,3,2,0.09,0345,1,1,0
2016-12-02,MIDDAY,833,3,1,0.05,0345,1,1,0
2016-12-02,EVENING,890,9,2,0.09,0135,1,1,0
2016-12-03,MIDDAY,379,8,1,0.05,0345,1,1,0
2016-12-03,EVENING,567,8,2,0.09,0358,2,1,1
2016-12-04,MIDDAY,651,3,2,0.09,0358,2,1,1
2016-12-04,EVENING,559,5,2,0.09,0358,1,1,0
2016-12-05,MIDDAY,919,6,1,0.05,0358,0,0,0
2016-12-05,EVENING,117,5,1,0.05,0138,1,1,0
2016-12-06,MIDDAY,275,9,1,0.05,0135,1,1,0
2016-12-06,EVENING,564,1,2,0.09,0135,2,1,1
2016-12-07,MIDDAY,677,2,1,0.05,1357,1,1,0
2016-12-07,EVENING,277,5,1,0.05,1356,1,1,0
2016-12-08,MIDDAY,339,6,2,0.09,3567,2,1,1
2016-12-08,EVENING,870,2,0,0.02,3567,1,1,0
2016-12-09,MIDDAY,691,3,0,0.02,3567,2,1,1
2016-12-09,EVENING,495,8,0,0.02,3567,1,1,0
2016-12-10,MIDDAY,880,6,1,0.05,3579,0,0,0
2016-12-10,EVENING,604,4,1,0.05,3567,1,1,0
2016-12-11,MIDDAY,084,8,2,0.09,3567,0,0,0
2016-12-11,EVENING,799,6,2,0.09,3568,1,1,0
2016-12-12,MIDDAY,095,0,0,0.02,3567,1,1,0
2016-12-12,EVENING,363,7,1,0.05,5679,2,1,1
2016-12-13,MIDDAY,224,0,0,0.02,3679,0,0,0
2016-12-13,EVENING,731,3,0,0.02,5679,1,1,0
2016-12-14,MIDDAY,753,2,0,0.02,3679,2,1,1
2016-12-14,EVENING,437,7,2,0.09,3567,2,1,1
2016-12-15,MIDDAY,709,7,2,0.09,3567,1,1,0
2016-12-15,EVENING,474,4,1,0.05,3567,1,1,0
2016-12-16,MIDDAY,691,7,1,0.05,3567,2,1,1
2016-12-16,EVENING,991,4,1,0.05,3679,1,1,0
2016-12-17,MIDDAY,794,6,2,0.09,4679,4,1,1
2016-12-17,EVENING,355,9,2,0.09,4679,1,1,0
2016-12-18,MIDDAY,330,7,1,0.05,4679,1,1,0
2016-12-18,EVENING,426,3,1,0.05,3679,2,1,1
2016-12-19,MIDDAY,018,3,1,0.05,3679,1,1,0
2016-12-19,EVENING,429,4,1,0.05,3679,1,1,0
2016-12-20,MIDDAY,434,0,0,0.02,3479,2,1,1
2016-12-20,EVENING,625,4,1,0.05,3479,1,1,0
2016-12-21,MIDDAY,955,4,1,0.05,3479,2,1,1
2016-12-21,EVENING,411,6,2,0.09,3479,1,1,0
2016-12-22,MIDDAY,936,9,1,0.05,3479,2,1,1
2016-12-22,EVENING,178,4,1,0.05,3469,1,1,0
2016-12-23,MIDDAY,483,9,0,0.02,3479,3,1,1
2016-12-23,EVENING,375,1,2,0.09,3479,2,1,1
2016-12-24,MIDDAY,041,4,1,0.05,3479,1,1,0
2016-12-24,EVENING,892,3,1,0.05,3479,2,1,1
2016-12-25,MIDDAY,347,0,0,0.02,3479,3,1,1
2016-12-25,EVENING,981,8,1,0.05,3479,1,1,0
2016-12-26,MIDDAY,046,3,0,0.02,3479,2,1,1
2016-12-26,EVENING,981,9,0,0.02,3479,1,1,0
2016-12-27,MIDDAY,651,0,0,0.02,3479,0,0,0
2016-12-27,EVENING,106,9,1,0.05,1349,2,1,1
2016-12-28,MIDDAY,437,6,3,0.04,1349,2,1,1
2016-12-28,EVENING,555,1,1,0.05,1349,1,1,0
2016-12-29,MIDDAY,361,4,0,0.02,1349,3,1,1
2016-12-29,EVENING,543,5,1,0.05,1346,2,1,1
2016-12-30,MIDDAY,037,3,2,0.09,1346,1,1,0
2016-12-30,EVENING,068,5,1,0.05,1346,1,1,0
2016-12-31,MIDDAY,605,0,1,0.05,1346,1,1,0
2016-12-31,EVENING,016,0,3,0.04,0346,2,1,1
2017-01-01,MIDDAY,692,,2,0.09,0346,1,1,0
2017-01-01,EVENING,718,,1,0.05,0346,0,0,0
2017-01-02,MIDDAY,946,6,0,0.02,1346,2,1,1
2017-01-02,EVENING,611,7,0,0.02,1346,2,1,1
2017-01-03,MIDDAY,745,9,1,0.05,1346,1,1,0
2017-01-03,EVENING,337,6,1,0.05,0146,1,1,0
2017-01-04,MIDDAY,113,7,1,0.05,1467,2,1,1
2017-01-04,EVENING,728,3,2,0.09,1367,2,1,1
2017-01-05,MIDDAY,948,1,2,0.09,1367,1,1,0
2017-01-05,EVENING,883,7,1,0.05,1367,2,1,1
2017-01-06,MIDDAY,107,9,1,0.05,1367,2,1,1
2017-01-06,EVENING,747,8,1,0.05,1367,1,1,0
2017-01-07,MIDDAY,909,1,1,0.05,1367,1,1,0
2017-01-07,EVENING,867,7,0,0.02,1367,2,1,1
2017-01-08,MIDDAY,818,9,0,0.02,1367,1,1,0
2017-01-08,EVENING,602,8,1,0.05,1679,1,1,0
2017-01-09,MIDDAY,233,8,1,0.05,1678,1,1,0
2017-01-09,EVENING,268,6,2,0.09,1678,2,1,1
2017-01-10,MIDDAY,072,2,2,0.09,1678,1,1,0
2017-01-10,EVENING,154,2,1,0.05,1678,1,1,0
2017-01-11,MIDDAY,847,0,1,0.05,1678,2,1,1
2017-01-11,EVENING,156,1,1,0.05,1678,2,1,1
2017-01-12,MIDDAY,112,8,0,0.02,1678,2,1,1
2017-01-12,EVENING,281,1,1,0.05,1678,2,1,1
2017-01-13,MIDDAY,116,1,3,0.04,1678,2,1,1
2017-01-13,EVENING,586,2,1,0.05,1678,2,1,1
2017-01-14,MIDDAY,375,1,1,0.05,1678,2,1,1
2017-01-14,EVENING,641,5,1,0.05,1678,2,1,1
2017-01-15,MIDDAY,299,3,2,0.09,1678,0,0,0
2017-01-15,EVENING,071,6,0,0.02,1678,3,1,1
2017-01-16,MIDDAY,051,2,0,0.02,1678,1,1,0
2017-01-16,EVENING,978,0,2,0.09,1678,2,1,1
2017-01-17,MIDDAY,269,0,1,0.05,1278,1,1,0
2017-01-17,EVENING,478,9,2,0.09,1268,1,1,0
2017-01-18,MIDDAY,441,2,1,0.05,1678,1,1,0
2017-01-18,EVENING,681,4,1,0.05,1268,3,1,1
2017-01-19,MIDDAY,919,4,2,0.09,1268,1,1,0
2017-01-19,EVENING,653,6,2,0.09,1268,1,1,0
2017-01-20,MIDDAY,218,9,0,0.02,1268,3,1,1
2017-01-20,EVENING,361,6,0,0.02,1268,2,1,1
2017-01-21,MIDDAY,307,2,1,0.05,1268,1,1,0
2017-01-21,EVENING,945,3,1,0.05,1268,0,0,0
2017-01-22,MIDDAY,224,3,1,0.05,1268,1,1,0
2017-01-22,EVENING,902,9,2,0.09,1246,1,1,0
2017-01-23,MIDDAY,689,2,1,0.05,1246,2,1,1
2017-01-23,EVENING,131,9,2,0.09,1268,1,1,0
2017-01-24,MIDDAY,918,6,1,0.05,1269,3,1,1
2017-01-24,EVENING,295,1,2,0.09,1269,3,1,1
2017-01-25,MIDDAY,419,9,2,0.09,1269,2,1,1
2017-01-25,EVENING,933,2,2,0.09,1269,2,1,1
2017-01-26,MIDDAY,907,4,1,0.05,1239,1,1,0
2017-01-26,EVENING,053,9,1,0.05,1249,1,1,0
2017-01-27,MIDDAY,058,9,2,0.09,1239,1,1,0
2017-01-27,EVENING,137,0,3,0.04,0129,2,1,1
2017-01-28,MIDDAY,350,0,1,0.05,0129,1,1,0
2017-01-28,EVENING,430,1,2,0.09,1239,2,1,1
2017-01-29,MIDDAY,649,3,2,0.09,0139,2,1,1
2017-01-29,EVENING,814,4,2,0.09,0139,1,1,0
2017-01-30,MIDDAY,425,6,1,0.05,1349,1,1,0
2017-01-30,EVENING,289,8,1,0.05,1349,1,1,0
2017-01-31,MIDDAY,265,4,1,0.05,1349,1,1,0
2017-01-31,EVENING,239,2,1,0.05,1239,3,1,1
2017-02-01,MIDDAY,858,2,1,0.05,1239,1,1,0
2017-02-01,EVENING,991,2,1,0.05,1239,3,1,1
2017-02-02,MIDDAY,984,8,1,0.05,1239,1,1,0
2017-02-02,EVENING,206,9,1,0.05,1249,2,1,1
2017-02-03,MIDDAY,551,9,1,0.05,1249,2,1,1
2017-02-03,EVENING,532,2,1,0.05,1249,1,1,0
2017-02-04,MIDDAY,224,5,1,0.05,1259,2,1,1
2017-02-04,EVENING,011,5,2,0.09,1259,2,1,1
2017-02-05,MIDDAY,136,2,1,0.05,1259,2,1,1
2017-02-05,EVENING,167,0,1,0.05,1259,1,1,0
2017-02-06,MIDDAY,496,1,2,0.09,1259,2,1,1
2017-02-06,EVENING,179,1,2,0.09,1259,2,1,1
2017-02-07,MIDDAY,489,4,2,0.09,1259,1,1,0
2017-02-07,EVENING,596,1,1,0.05,1259,3,1,1
2017-02-08,MIDDAY,842,4,1,0.05,1259,1,1,0
2017-02-08,EVENING,623,5,0,0.02,1249,1,1,0
2017-02-09,MIDDAY,405,8,1,0.05,1249,1,1,0
2017-02-09,EVENING,502,6,1,0.05,1249,1,1,0
2017-02-10,MIDDAY,337,4,2,0.09,1249,1,1,0
2017-02-10,EVENING,054,5,0,0.02,2459,2,1,1
2017-02-11,MIDDAY,061,3,1,0.05,2459,0,0,0
2017-02-11,EVENING,246,0,1,0.05,2459,2,1,1
2017-02-12,MIDDAY,596,0,2,0.09,2459,2,1,1
2017-02-12,EVENING,792,2,2,0.09,2569,2,1,1
2017-02-13,MIDDAY,723,5,1,0.05,2569,2,1,1
2017-02-13,EVENING,399,7,2,0.09,2569,1,1,0
2017-02-14,MIDDAY,590,7,2,0.09,0259,3,1,1
2017-02-14,EVENING,577,3,2,0.09,0259,1,1,0
2017-02-15,MIDDAY,214,5,2,0.09,0259,2,1,1
2017-02-15,EVENING,704,5,1,0.05,0259,2,1,1
2017-02-16,MIDDAY,238,2,2,0.09,0259,1,1,0
2017-02-16,EVENING,593,7,0,0.02,0259,2,1,1
2017-02-17,MIDDAY,043,2,1,0.05,2359,2,1,1
2017-02-17,EVENING,792,5,1,0.05,2359,3,1,1
2017-02-18,MIDDAY,930,0,1,0.05,2579,1,1,0
2017-02-18,EVENING,003,7,1,0.05,2359,1,1,0
2017-02-19,MIDDAY,964,9,2,0.09,0359,1,1,0
2017-02-19,EVENING,042,0,0,0.02,0359,1,1,0
2017-02-20,MIDDAY,020,9,1,0.05,0235,2,1,1
2017-02-20,EVENING,437,0,2,0.09,0235,2,1,1
2017-02-21,MIDDAY,301,0,1,0.05,0235,2,1,1
2017-02-21,EVENING,282,4,2,0.09,0234,2,1,1
2017-02-22,MIDDAY,191,3,0,0.02,0234,1,1,0
2017-02-22,EVENING,734,2,0,0.02,0239,2,1,1
2017-02-23,MIDDAY,841,1,1,0.05,0234,1,1,0
2017-02-23,EVENING,696,7,1,0.05,0234,0,0,0
2017-02-24,MIDDAY,718,8,0,0.02,2349,0,0,0
2017-02-24,EVENING,076,6,1,0.05,2379,1,1,0
2017-02-25,MIDDAY,600,7,1,0.05,0237,2,1,1
2017-02-25,EVENING,928,0,3,0.04,0237,2,1,1
2017-02-26,MIDDAY,210,6,1,0.05,0279,2,1,1
2017-02-26,EVENING,249,9,2,0.09,0279,2,1,1
2017-02-27,MIDDAY,363,2,1,0.05,0279,1,1,0
2017-02-27,EVENING,922,2,1,0.05,0247,1,1,0
2017-02-28,MIDDAY,958,3,1,0.05,0279,1,1,0
2017-02-28,EVENING,114,9,1,0.05,0239,1,1,0
2017-03-01,MIDDAY,801,9,1,0.05,0239,2,1,1
2017-03-01,EVENING,181,1,2,0.09,0239,0,0,0
2017-03-02,MIDDAY,744,8,2,0.09,0249,1,1,0
2017-03-02,EVENING,856,1,1,0.05,0249,0,0,0
2017-03-03,MIDDAY,969,7,1,0.05,0249,1,1,0
2017-03-03,EVENING,356,8,1,0.05,0249,0,0,0
2017-03-04,MIDDAY,440,9,1,0.05,0289,2,1,1
2017-03-04,EVENING,196,3,0,0.02,0489,1,1,0
2017-03-05,MIDDAY,647,4,1,0.05,0389,0,0,0
2017-03-05,EVENING,671,1,1,0.05,4679,2,1,1
2017-03-06,MIDDAY,069,6,2,0.09,1679,2,1,1
2017-03-06,EVENING,121,6,1,0.05,1679,2,1,1
2017-03-07,MIDDAY,376,0,1,0.05,1679,2,1,1
2017-03-07,EVENING,960,1,1,0.05,0679,3,1,1
2017-03-08,MIDDAY,657,3,2,0.09,0679,2,1,1
2017-03-08,EVENING,068,9,1,0.05,0679,3,1,1
2017-03-09,MIDDAY,873,6,1,0.05,0679,2,1,1
2017-03-09,EVENING,929,0,2,0.09,0679,2,1,1
2017-03-10,MIDDAY,863,8,0,0.02,0679,1,1,0
2017-03-10,EVENING,526,9,0,0.02,0369,2,1,1
2017-03-11,MIDDAY,562,8,1,0.05,0369,1,1,0
2017-03-11,EVENING,906,5,3,0.04,0369,3,1,1
2017-03-12,MIDDAY,733,5,2,0.09,0689,0,0,0
2017-03-12,EVENING,535,9,1,0.05,0689,1,1,0
2017-03-13,MIDDAY,496,7,2,0.09,0369,2,1,1
2017-03-13,EVENING,055,5,1,0.05,3679,0,0,0
2017-03-14,MIDDAY,928,4,0,0.02,0679,1,1,0
2017-03-14,EVENING,086,0,0,0.02,0679,2,1,1
2017-03-15,MIDDAY,929,9,1,0.05,0689,1,1,0
2017-03-15,EVENING,554,0,0,0.02,0689,1,1,0
2017-03-16,MIDDAY,223,9,0,0.02,0569,1,1,0
2017-03-16,EVENING,230,5,0,0.02,0369,2,1,1
2017-03-17,MIDDAY,900,2,2,0.09,0369,2,1,1
2017-03-17,EVENING,615,2,2,0.09,0269,2,1,1
2017-03-18,MIDDAY,573,9,1,0.05,0269,1,1,0
2017-03-18,EVENING,900,6,1,0.05,0269,3,1,1
2017-03-19,MIDDAY,141,5,1,0.05,0269,0,0,0
2017-03-19,EVENING,858,9,0,0.02,0569,2,1,1
2017-03-20,MIDDAY,323,1,1,0.05,0569,0,0,0
2017-03-20,EVENING,200,8,0,0.02,2569,1,1,0
2017-03-21,MIDDAY,442,3,1,0.05,2569,1,1,0
2017-03-21,EVENING,256,2,1,0.05,2569,3,1,1
2017-03-22,MIDDAY,510,4,1,0.05,2569,1,1,0
2017-03-22,EVENING,690,2,1,0.05,2569,3,1,1
2017-03-23,MIDDAY,671,5,1,0.05,2569,2,1,1
2017-03-23,EVENING,277,6,1,0.05,2569,2,1,1
2017-03-24,MIDDAY,814,6,2,0.09,2569,1,1,0
2017-03-24,EVENING,730,2,1,0.05,2569,1,1,0
2017-03-25,MIDDAY,319,8,0,0.02,0256,0,0,0
2017-03-25,EVENING,645,7,1,0.05,0269,1,1,0
2017-03-26,MIDDAY,098,3,0,0.02,0256,1,1,0
2017-03-26,EVENING,195,6,0,0.02,2569,3,1,1
2017-03-27,MIDDAY,203,0,1,0.05,2569,1,1,0
2017-03-27,EVENING,920,1,0,0.02,2569,2,1,1
2017-03-28,MIDDAY,170,2,2,0.09,0269,2,1,1
2017-03-28,EVENING,620,9,3,0.04,0269,4,1,1
2017-03-29,MIDDAY,084,1,2,0.09,0269,1,1,0
2017-03-29,EVENING,592,6,1,0.05,0269,3,1,1
2017-03-30,MIDDAY,437,0,0,0.02,0269,1,1,0
2017-03-30,EVENING,023,5,0,0.02,0269,2,1,1
2017-03-31,MIDDAY,985,4,2,0.09,0269,1,1,0
2017-03-31,EVENING,282,0,1,0.05,0259,2,1,1
2017-04-01,MIDDAY,715,9,1,0.05,0259,2,1,1
2017-04-01,EVENING,272,2,0,0.02,0259,1,1,0
2017-04-02,MIDDAY,436,7,1,0.05,0259,0,0,0
2017-04-02,EVENING,786,2,1,0.05,0259,1,1,0
2017-04-03,MIDDAY,339,4,2,0.09,0256,0,0,0
2017-04-03,EVENING,091,7,0,0.02,0269,2,1,1
2017-04-04,MIDDAY,280,3,1,0.05,0279,2,1,1
2017-04-04,EVENING,987,0,1,0.05,0279,3,1,1
2017-04-05,MIDDAY,323,2,2,0.09,0279,1,1,0
2017-04-05,EVENING,085,9,0,0.02,0279,2,1,1
2017-04-06,MIDDAY,540,3,0,0.02,0279,1,1,0
2017-04-06,EVENING,643,0,2,0.09,0239,2,1,1
2017-04-07,MIDDAY,117,5,3,0.04,0239,0,0,0
2017-04-07,EVENING,831,6,0,0.02,0239,1,1,0
2017-04-08,MIDDAY,285,1,1,0.05,0239,1,1,0
2017-04-08,EVENING,329,8,2,0.09,0239,3,1,1
2017-04-09,MIDDAY,029,2,2,0.09,0239,3,1,1
2017-04-09,EVENING,237,3,2,0.09,0239,2,1,1
2017-04-10,MIDDAY,984,0,1,0.05,0239,2,1,1
2017-04-10,EVENING,322,2,0,0.02,0238,2,1,1
2017-04-11,MIDDAY,449,9,0,0.02,0239,1,1,0
2017-04-11,EVENING,700,3,0,0.02,0239,2,1,1
2017-04-12,MIDDAY,289,4,0,0.02,0239,2,1,1
2017-04-12,EVENING,978,7,0,0.02,0239,1,1,0
2017-04-13,MIDDAY,673,2,2,0.09,0289,1,1,0
2017-04-13,EVENING,327,9,1,0.05,2379,4,1,1
2017-04-14,MIDDAY,187,6,3,0.04,2379,1,1,0
2017-04-14,EVENING,260,3,1,0.05,2379,2,1,1
2017-04-15,MIDDAY,040,1,1,0.05,0239,1,1,0
2017-04-15,EVENING,213,2,1,0.05,0239,2,1,1
2017-04-16,MIDDAY,833,0,1,0.05,0239,2,1,1
2017-04-16,EVENING,649,2,1,0.05,0238,1,1,0
2017-04-17,MIDDAY,662,8,0,0.02,0239,1,1,0
2017-04-17,EVENING,969,6,2,0.09,0238,0,0,0
2017-04-18,MIDDAY,261,6,1,0.05,2389,1,1,0
2017-04-18,EVENING,961,9,1,0.05,2369,2,1,1
2017-04-19,MIDDAY,228,2,2,0.09,2369,1,1,0
2017-04-19,EVENING,699,9,0,0.02,2389,1,1,0
2017-04-20,MIDDAY,129,2,0,0.02,2369,2,1,1
2017-04-20,EVENING,690,6,1,0.05,2369,2,1,1
2017-04-21,MIDDAY,952,1,1,0.05,2369,2,1,1
2017-04-21,EVENING,644,6,1,0.05,0269,1,1,0
2017-04-22,MIDDAY,666,9,0,0.02,2369,2,1,1
2017-04-22,EVENING,014,6,1,0.05,2369,1,1,0
2017-04-23,MIDDAY,567,6,1,0.05,1269,1,1,0
2017-04-23,EVENING,638,0,1,0.05,1269,1,1,0
2017-04-24,MIDDAY,276,5,1,0.05,0269,2,1,1
2017-04-24,EVENING,843,6,1,0.05,0269,1,1,0
2017-04-25,MIDDAY,370,2,1,0.05,2369,2,1,1
2017-04-25,EVENING,363,8,1,0.05,2369,2,1,1
2017-04-26,MIDDAY,719,3,1,0.05,2369,2,1,1
2017-04-26,EVENING,771,3,1,0.05,2369,1,1,0
2017-04-27,MIDDAY,302,7,3,0.04,2369,2,1,1
2017-04-27,EVENING,823,7,2,0.09,2369,2,1,1
2017-04-28,MIDDAY,824,3,3,0.04,2369,2,1,1
2017-04-28,EVENING,047,8,3,0.04,2368,1,1,0
2017-04-29,MIDDAY,624,8,2,0.09,2368,3,1,1
2017-04-29,EVENING,303,0,2,0.09,2368,1,1,0
2017-04-30,MIDDAY,240,6,0,0.02,2368,2,1,1
2017-04-30,EVENING,638,3,1,0.05,2368,3,1,1
2017-05-01,MIDDAY,549,2,1,0.05,2368,1,1,0
2017-05-01,EVENING,441,6,0,0.02,2368,1,1,0
2017-05-02,MIDDAY,743,5,1,0.05,2346,2,1,1
2017-05-02,EVENING,587,4,1,0.05,2346,1,1,0
2017-05-03,MIDDAY,914,7,3,0.04,2346,1,1,0
2017-05-03,EVENING,576,5,2,0.09,3467,2,1,1
2017-05-04,MIDDAY,491,9,1,0.05,3467,1,1,0
2017-05-04,EVENING,735,5,0,0.02,3467,2,1,1
2017-05-05,MIDDAY,495,4,0,0.02,3467,1,1,0
2017-05-05,EVENING,596,7,1,0.05,3467,2,1,1
2017-05-06,MIDDAY,108,4,2,0.09,3467,1,1,0
2017-05-06,EVENING,483,5,0,0.02,3467,2,1,1
2017-05-07,MIDDAY,914,1,2,0.09,3467,1,1,0
2017-05-07,EVENING,280,4,1,0.05,3467,1,1,0
2017-05-08,MIDDAY,302,9,1,0.05,3467,1,1,0
2017-05-08,EVENING,725,2,2,0.09,3479,1,1,0
2017-05-09,MIDDAY,477,3,1,0.05,2347,3,1,1
2017-05-09,EVENING,856,7,1,0.05,2347,1,1,0
2017-05-10,MIDDAY,194,4,1,0.05,3478,1,1,0
2017-05-10,EVENING,663,8,0,0.02,4789,1,1,0
2017-05-11,MIDDAY,631,1,0,0.02,4678,1,1,0
2017-05-11,EVENING,927,6,2,0.09,3467,2,1,1
2017-05-12,MIDDAY,408,6,1,0.05,3467,2,1,1
2017-05-12,EVENING,341,9,1,0.05,3467,2,1,1
2017-05-13,MIDDAY,591,4,1,0.05,3467,1,1,0
2017-05-13,EVENING,671,3,3,0.04,4679,2,1,1
2017-05-14,MIDDAY,971,5,1,0.05,3467,1,1,0
2017-05-14,EVENING,390,6,2,0.09,4679,2,1,1
2017-05-15,MIDDAY,177,9,1,0.05,4679,2,1,1
2017-05-15,EVENING,493,3,1,0.05,4679,2,1,1
2017-05-16,MIDDAY,090,1,1,0.05,3479,1,1,0
2017-05-16,EVENING,285,4,1,0.05,1349,1,1,0
2017-05-17,MIDDAY,431,0,0,0.02,1349,3,1,1
2017-05-17,EVENING,012,2,1,0.05,1349,1,1,0
2017-05-18,MIDDAY,447,4,2,0.09,1349,1,1,0
2017-05-18,EVENING,484,0,0,0.02,1349,1,1,0
2017-05-19,MIDDAY,824,4,1,0.05,1349,1,1,0
2017-05-19,EVENING,287,4,2,0.09,1349,1,1,0
2017-05-20,MIDDAY,196,8,3,0.04,1479,2,1,1
2017-05-20,EVENING,062,2,1,0.05,1479,0,0,0
2017-05-21,MIDDAY,779,1,1,0.05,1479,3,1,1
2017-05-21,EVENING,697,0,0,0.02,1479,2,1,1
2017-05-22,MIDDAY,186,7,2,0.09,1479,2,1,1
2017-05-22,EVENING,898,6,2,0.09,1479,1,1,0
2017-05-23,MIDDAY,999,1,2,0.09,1469,2,1,1
2017-05-23,EVENING,476,8,1,0.05,1469,2,1,1
2017-05-24,MIDDAY,135,9,0,0.02,1469,2,1,1
2017-05-24,EVENING,983,4,0,0.02,1469,2,1,1
2017-05-25,MIDDAY,527,1,2,0.09,1479,2,1,1
2017-05-25,EVENING,659,9,0,0.02,1479,1,1,0
2017-05-26,MIDDAY,837,5,1,0.05,1479,1,1,0
2017-05-26,EVENING,544,6,1,0.05,1789,0,0,0
2017-05-27,MIDDAY,984,8,1,0.05,1489,3,1,1
2017-05-27,EVENING,464,5,1,0.05,1489,1,1,0
2017-05-28,MIDDAY,603,9,1,0.05,1489,1,1,0
2017-05-28,EVENING,907,4,1,0.05,4689,2,1,1
2017-05-29,MIDDAY,630,6,2,0.09,4689,1,1,0
2017-05-29,EVENING,836,9,1,0.05,4689,3,1,1
2017-05-30,MIDDAY,594,6,2,0.09,4689,3,1,1
2017-05-30,EVENING,840,8,2,0.09,4689,2,1,1
2017-05-31,MIDDAY,497,5,1,0.05,4689,2,1,1
2017-05-31,EVENING,758,8,1,0.05,4689,1,1,0
2017-06-01,MIDDAY,730,4,2,0.09,4689,1,1,0
2017-06-01,EVENING,283,7,1,0.05,4679,1,1,0
2017-06-02,MIDDAY,619,7,2,0.09,4679,3,1,1
2017-06-02,EVENING,534,2,1,0.05,4679,1,1,0
2017-06-03,MIDDAY,876,6,0,0.02,4679,2,1,1
2017-06-03,EVENING,361,5,0,0.02,4679,1,1,0
2017-06-04,MIDDAY,439,8,1,0.05,4679,2,1,1
2017-06-04,EVENING,954,3,1,0.05,4679,2,1,1
2017-06-05,MIDDAY,701,4,3,0.04,3479,2,1,1
2017-06-05,EVENING,593,9,1,0.05,3479,2,1,1
2017-06-06,MIDDAY,046,7,0,0.02,3479,2,1,1
2017-06-06,EVENING,933,5,0,0.02,3479,2,1,1
2017-06-07,MIDDAY,826,0,0,0.02,3459,0,0,0
2017-06-07,EVENING,858,9,0,0.02,3469,1,1,0
2017-06-08,MIDDAY,832,8,1,0.05,3469,1,1,0
2017-06-08,EVENING,595,8,1,0.05,3489,2,1,1
2017-06-09,MIDDAY,303,8,1,0.05,3489,2,1,1
2017-06-09,EVENING,557,5,1,0.05,3489,0,0,0
2017-06-10,MIDDAY,877,3,0,0.02,3589,2,1,1
2017-06-10,EVENING,230,5,1,0.05,3589,2,1,1
2017-06-11,MIDDAY,633,8,1,0.05,3589,2,1,1
2017-06-11,EVENING,912,2,1,0.05,3589,1,1,0
2017-06-12,MIDDAY,115,6,0,0.02,3589,1,1,0
2017-06-12,EVENING,609,9,1,0.05,3589,1,1,0
2017-06-13,MIDDAY,607,1,1,0.05,3589,0,0,0
2017-06-13,EVENING,325,6,2,0.09,3568,3,1,1
2017-06-14,MIDDAY,932,6,1,0.05,3568,2,1,1
2017-06-14,EVENING,430,3,3,0.04,3569,1,1,0
2017-06-15,MIDDAY,297,9,1,0.05,3569,1,1,0
2017-06-15,EVENING,426,4,0,0.02,3569,1,1,0
2017-06-16,MIDDAY,490,2,1,0.05,3569,1,1,0
2017-06-16,EVENING,979,4,2,0.09,3569,1,1,0
2017-06-17,MIDDAY,744,4,2,0.09,3569,0,0,0
2017-06-17,EVENING,364,9,2,0.09,0369,3,1,1
2017-06-18,MIDDAY,000,7,1,0.05,3469,0,0,0
2017-06-18,EVENING,605,3,0,0.02,3469,2,1,1
2017-06-19,MIDDAY,717,0,1,0.05,0369,1,1,0
2017-06-19,EVENING,001,6,1,0.05,0369,2,1,1
2017-06-20,MIDDAY,981,7,2,0.09,0369,1,1,0
2017-06-20,EVENING,796,0,1,0.05,0369,3,1,1
2017-06-21,MIDDAY,400,9,2,0.09,0679,2,1,1
2017-06-21,EVENING,079,7,2,0.09,0679,3,1,1
2017-06-22,MIDDAY,652,4,2,0.09,0679,1,1,0
2017-06-22,EVENING,941,0,0,0.02,0679,2,1,1
2017-06-23,MIDDAY,552,6,1,0.05,0679,1,1,0
2017-06-23,EVENING,983,9,0,0.02,0679,1,1,0
2017-06-24,MIDDAY,998,5,0,0.02,0679,1,1,0
2017-06-24,EVENING,928,9,2,0.09,0679,1,1,0
2017-06-25,MIDDAY,204,9,2,0.09,0679,2,1,1
2017-06-25,EVENING,326,9,2,0.09,0469,2,1,1
2017-06-26,MIDDAY,017,2,2,0.09,0269,2,1,1
2017-06-26,EVENING,349,3,1,0.05,0269,1,1,0
2017-06-27,MIDDAY,479,0,0,0.02,0249,3,1,1
2017-06-27,EVENING,114,3,2,0.09,0249,1,1,0
2017-06-28,MIDDAY,471,4,1,0.05,0249,1,1,0
2017-06-28,EVENING,830,1,2,0.09,0479,1,1,0
2017-06-29,MIDDAY,811,4,1,0.05,0479,1,1,0
2017-06-29,EVENING,031,8,2,0.09,0479,1,1,0
2017-06-30,MIDDAY,813,8,2,0.09,0149,1,1,0
2017-06-30,EVENING,943,0,3,0.04,0139,3,1,1
2017-07-01,MIDDAY,356,8,1,0.05,0349,1,1,0
2017-07-01,EVENING,702,9,1,0.05,0349,2,1,1
2017-07-02,MIDDAY,914,3,0,0.02,0349,3,1,1
2017-07-02,EVENING,339,7,1,0.05,0349,2,1,1
2017-07-03,MIDDAY,176,9,2,0.09,0349,1,1,0
2017-07-03,EVENING,508,3,2,0.09,0139,2,1,1
2017-07-04,MIDDAY,815,1,0,0.02,0139,1,1,0
2017-07-04,EVENING,188,5,2,0.09,0139,1,1,0
2017-07-05,MIDDAY,749,8,3,0.04,0139,1,1,0
2017-07-05,EVENING,902,1,1,0.05,1389,2,1,1
2017-07-06,MIDDAY,251,7,1,0.05,1389,1,1,0
2017-07-06,EVENING,400,9,2,0.09,0139,2,1,1
2017-07-07,MIDDAY,784,2,0,0.02,0149,1,1,0
2017-07-07,EVENING,065,4,1,0.05,0149,2,1,1
2017-07-08,MIDDAY,188,7,1,0.05,0149,1,1,0
2017-07-08,EVENING,928,0,0,0.02,0149,2,1,1
2017-07-09,MIDDAY,577,1,1,0.05,1489,1,1,0
2017-07-09,EVENING,757,9,0,0.02,0189,1,1,0
2017-07-10,MIDDAY,443,5,2,0.09,1789,0,0,0
2017-07-10,EVENING,010,7,1,0.05,1479,2,1,1
2017-07-11,MIDDAY,917,4,0,0.02,0179,3,1,1
2017-07-11,EVENING,887,0,2,0.09,1479,1,1,0
2017-07-12,MIDDAY,437,9,1,0.05,0179,2,1,1
2017-07-12,EVENING,348,8,1,0.05,0179,0,0,0
2017-07-13,MIDDAY,355,4,2,0.09,1479,1,1,0
2017-07-13,EVENING,776,3,2,0.09,1479,1,1,0
2017-07-14,MIDDAY,800,3,1,0.05,1479,0,0,0
2017-07-14,EVENING,801,7,1,0.05,3479,1,1,0
2017-07-15,MIDDAY,969,8,2,0.09,1478,1,1,0
2017-07-15,EVENING,374,8,1,0.05,1789,2,1,1
2017-07-16,MIDDAY,305,9,1,0.05,4789,1,1,0
2017-07-16,EVENING,093,3,1,0.05,4789,1,1,0
2017-07-17,MIDDAY,181,3,3,0.04,3789,2,1,1
2017-07-17,EVENING,537,0,1,0.05,3789,2,1,1
2017-07-18,MIDDAY,728,1,1,0.05,0378,2,1,1
2017-07-18,EVENING,267,5,1,0.05,0378,1,1,0
2017-07-19,MIDDAY,586,7,2,0.09,0378,2,1,1
2017-07-19,EVENING,929,2,3,0.04,0378,0,0,0
2017-07-20,MIDDAY,804,5,0,0.02,3789,1,1,0
2017-07-20,EVENING,836,9,0,0.02,0378,2,1,1
2017-07-21,MIDDAY,693,8,1,0.05,0378,2,1,1
2017-07-21,EVENING,919,8,4,0.08,0138,2,1,1
2017-07-22,MIDDAY,145,6,2,0.09,3789,0,0,0
2017-07-22,EVENING,607,9,1,0.05,3789,2,1,1
2017-07-23,MIDDAY,929,1,1,0.05,3789,1,1,0
2017-07-23,EVENING,661,6,1,0.05,3789,0,0,0
2017-07-24,MIDDAY,695,9,1,0.05,3789,1,1,0
2017-07-24,EVENING,315,6,1,0.05,3689,2,1,1
2017-07-25,MIDDAY,122,6,2,0.09,3689,1,1,0
2017-07-25,EVENING,296,3,2,0.09,3689,3,1,1
2017-07-26,MIDDAY,962,1,2,0.09,3689,2,1,1
2017-07-26,EVENING,741,2,3,0.04,1689,1,1,0
2017-07-27,MIDDAY,924,9,2,0.09,1689,1,1,0
2017-07-27,EVENING,621,7,2,0.09,1689,2,1,1
2017-07-28,MIDDAY,579,9,1,0.05,1679,2,1,1
2017-07-28,EVENING,839,6,1,0.05,1679,2,1,1
2017-07-29,MIDDAY,777,5,1,0.05,1679,1,1,0
2017-07-29,EVENING,527,8,0,0.02,1679,1,1,0
2017-07-30,MIDDAY,211,7,2,0.09,2679,2,1,1
2017-07-30,EVENING,344,5,2,0.09,2679,0,0,0
2017-07-31,MIDDAY,264,2,0,0.02,2679,2,1,1
2017-07-31,EVENING,076,3,1,0.05,2679,2,1,1
2017-08-01,MIDDAY,518,2,1,0.05,2679,1,1,0
2017-08-01,EVENING,430,0,0,0.02,1679,0,0,0
2017-08-02,MIDDAY,187,5,0,0.02,2679,1,1,0
2017-08-02,EVENING,340,4,0,0.02,1567,0,0,0
2017-08-03,MIDDAY,819,1,0,0.02,1567,1,1,0
2017-08-03,EVENING,672,3,0,0.02,1267,3,1,1
2017-08-04,MIDDAY,752,8,0,0.02,1367,1,1,0
2017-08-04,EVENING,414,6,2,0.09,2367,1,1,0
2017-08-05,MIDDAY,082,7,0,0.02,1267,2,1,1
2017-08-05,EVENING,502,4,0,0.02,1267,1,1,0
2017-08-06,MIDDAY,081,0,2,0.09,1267,1,1,0
2017-08-06,EVENING,012,5,1,0.05,1278,2,1,1
2017-08-07,MIDDAY,797,0,2,0.09,1278,1,1,0
2017-08-07,EVENING,533,0,1,0.05,1278,0,0,0
2017-08-08,MIDDAY,222,7,1,0.05,1257,2,1,1
2017-08-08,EVENING,905,5,0,0.02,0257,2,1,1
2017-08-09,MIDDAY,038,2,0,0.02,0257,2,1,1
2017-08-09,EVENING,276,9,1,0.05,0257,2,1,1
2017-08-10,MIDDAY,272,0,1,0.05,0257,3,1,1
2017-08-10,EVENING,509,2,2,0.09,0257,3,1,1
2017-08-11,MIDDAY,859,2,2,0.09,0257,2,1,1
2017-08-11,EVENING,549,5,3,0.04,0257,1,1,0
2017-08-12,MIDDAY,818,8,2,0.09,0257,0,0,0
2017-08-12,EVENING,032,5,0,0.02,0257,3,1,1
2017-08-13,MIDDAY,296,8,0,0.02,0259,2,1,1
2017-08-13,EVENING,426,0,1,0.05,0259,2,1,1
2017-08-14,MIDDAY,528,2,2,0.09,0259,2,1,1
2017-08-14,EVENING,828,4,1,0.05,0259,1,1,0
2017-08-15,MIDDAY,711,5,2,0.09,0258,1,1,0
2017-08-15,EVENING,396,8,0,0.02,0258,1,1,0
2017-08-16,MIDDAY,880,7,0,0.02,0258,2,1,1
2017-08-16,EVENING,430,3,1,0.05,0258,1,1,0
2017-08-17,MIDDAY,209,8,1,0.05,0258,3,1,1
2017-08-17,EVENING,176,4,1,0.05,0258,0,0,0
2017-08-18,MIDDAY,802,2,0,0.02,0258,3,1,1
2017-08-18,EVENING,435,1,0,0.02,0258,1,1,0
2017-08-19,MIDDAY,041,8,0,0.02,0258,2,1,1
2017-08-19,EVENING,350,4,2,0.09,0258,2,1,1
2017-08-20,MIDDAY,513,0,2,0.09,0258,2,1,1
2017-08-20,EVENING,035,3,3,0.04,0258,2,1,1
2017-08-21,MIDDAY,029,5,3,0.04,0258,3,1,1
2017-08-21,EVENING,462,0,2,0.09,0258,2,1,1
2017-08-22,MIDDAY,627,0,2,0.09,0258,2,1,1
2017-08-22,EVENING,968,4,3,0.04,0125,0,0,0
2017-08-23,MIDDAY,365,6,1,0.05,0258,1,1,0
2017-08-23,EVENING,174,9,1,0.05,0258,0,0,0
2017-08-24,MIDDAY,461,3,0,0.02,0245,1,1,0
2017-08-24,EVENING,447,1,2,0.09,0245,1,1,0
2017-08-25,MIDDAY,039,4,2,0.09,0245,2,1,1
2017-08-25,EVENING,143,4,1,0.05,0234,2,1,1
2017-08-26,MIDDAY,944,0,2,0.09,0234,2,1,1
2017-08-26,EVENING,906,1,1,0.05,0134,2,1,1
2017-08-27,MIDDAY,546,9,2,0.09,0134,1,1,0
2017-08-27,EVENING,552,9,2,0.09,0149,1,1,0
2017-08-28,MIDDAY,670,5,2,0.09,0149,1,1,0
2017-08-28,EVENING,809,5,1,0.05,0459,3,1,1
2017-08-29,MIDDAY,952,6,2,0.09,0459,2,1,1
2017-08-29,EVENING,099,8,2,0.09,0459,2,1,1
2017-08-30,MIDDAY,192,9,1,0.05,0459,1,1,0
2017-08-30,EVENING,419,0,1,0.05,0459,3,1,1
2017-08-31,MIDDAY,855,1,2,0.09,0459,1,1,0
2017-08-31,EVENING,612,4,1,0.05,0459,1,1,0
2017-09-01,MIDDAY,569,8,1,0.05,0459,2,1,1
2017-09-01,EVENING,142,6,1,0.05,0459,1,1,0
2017-09-02,MIDDAY,924,5,1,0.05,0469,2,1,1
2017-09-02,EVENING,290,1,2,0.09,0459,2,1,1
2017-09-03,MIDDAY,060,9,2,0.09,0249,2,1,1
2017-09-03,EVENING,689,2,2,0.09,0469,2,1,1
2017-09-04,MIDDAY,482,0,2,0.09,1469,1,1,0
2017-09-04,EVENING,949,6,2,0.09,0249,2,1,1
2017-09-05,MIDDAY,339,4,1,0.05,0469,2,1,1
2017-09-05,EVENING,263,9,2,0.09,0469,2,1,1
2017-09-06,MIDDAY,505,3,2,0.09,2469,0,0,0
2017-09-06,EVENING,603,2,1,0.05,0469,2,1,1
2017-09-07,MIDDAY,126,5,2,0.09,0269,2,1,1
2017-09-07,EVENING,757,6,2,0.09,0269,1,1,0
2017-09-08,MIDDAY,011,1,2,0.09,0269,1,1,0
2017-09-08,EVENING,752,7,0,0.02,0269,1,1,0
2017-09-09,MIDDAY,068,0,0,0.02,0269,2,1,1
2017-09-09,EVENING,522,7,0,0.02,0269,1,1,0
2017-09-10,MIDDAY,850,0,0,0.02,0269,1,1,0
2017-09-10,EVENING,231,5,1,0.05,0256,2,1,1
2017-09-11,MIDDAY,615,8,1,0.05,0256,2,1,1
2017-09-11,EVENING,327,2,2,0.09,0256,1,1,0
2017-09-12,MIDDAY,767,6,0,0.02,0256,1,1,0
2017-09-12,EVENING,864,3,1,0.05,0256,1,1,0
2017-09-13,MIDDAY,502,7,1,0.05,0256,3,1,1
2017-09-13,EVENING,627,8,0,0.02,0256,2,1,1
2017-09-14,MIDDAY,969,5,2,0.09,0256,2,1,1
2017-09-14,EVENING,299,6,1,0.05,0256,2,1,1
2017-09-15,MIDDAY,349,9,2,0.09,2569,1,1,0
2017-09-15,EVENING,541,2,1,0.05,2569,2,1,1
2017-09-16,MIDDAY,289,3,1,0.05,2569,2,1,1
2017-09-16,EVENING,658,5,1,0.05,2569,2,1,1
2017-09-17,MIDDAY,029,2,1,0.05,2569,2,1,1
2017-09-17,EVENING,943,6,0,0.02,2569,2,1,1
2017-09-18,MIDDAY,326,0,1,0.05,2569,2,1,1
2017-09-18,EVENING,427,9,2,0.09,2569,2,1,1
2017-09-19,MIDDAY,933,3,1,0.05,2569,1,1,0
2017-09-19,EVENING,622,4,1,0.05,2569,2,1,1
2017-09-20,MIDDAY,349,9,0,0.02,2569,1,1,0
2017-09-20,EVENING,753,6,1,0.05,2569,2,1,1
2017-09-21,MIDDAY,222,3,1,0.05,2569,1,1,0
2017-09-21,EVENING,310,7,1,0.05,2369,1,1,0
2017-09-22,MIDDAY,956,2,1,0.05,2369,3,1,1
2017-09-22,EVENING,385,3,0,0.02,2369,1,1,0
2017-09-23,MIDDAY,492,9,1,0.05,2369,2,1,1
2017-09-23,EVENING,730,3,0,0.02,2369,1,1,0
2017-09-24,MIDDAY,668,4,0,0.02,2369,1,1,0
2017-09-24,EVENING,695,7,0,0.02,2369,2,1,1
2017-09-25,MIDDAY,244,6,1,0.05,2369,2,1,1
2017-09-25,EVENING,241,6,1,0.05,2369,2,1,1
2017-09-26,MIDDAY,416,2,3,0.04,2369,2,1,1
2017-09-26,EVENING,940,2,4,0.08,0126,2,1,1
2017-09-27,MIDDAY,805,4,2,0.09,2469,1,1,0
2017-09-27,EVENING,075,9,2,0.09,2469,1,1,0
2017-09-28,MIDDAY,538,8,2,0.09,2469,0,0,0
2017-09-28,EVENING,168,0,1,0.05,2469,1,1,0
2017-09-29,MIDDAY,445,5,1,0.05,2469,1,1,0
2017-09-29,EVENING,712,1,0,0.02,2456,1,1,0
2017-09-30,MIDDAY,674,4,0,0.02,2456,2,1,1
2017-09-30,EVENING,843,7,1,0.05,2456,1,1,0
2017-10-01,MIDDAY,130,6,2,0.09,2456,1,1,0
2017-10-01,EVENING,514,8,1,0.05,2346,1,1,0
2017-10-02,MIDDAY,619,1,1,0.05,2456,1,1,0
2017-10-02,EVENING,198,5,1,0.05,3456,1,1,0
2017-10-03,MIDDAY,606,6,2,0.09,1456,1,1,0
2017-10-03,EVENING,898,1,0,0.02,1456,1,1,0
2017-10-04,MIDDAY,563,6,0,0.02,1456,2,1,1
2017-10-04,EVENING,551,8,0,0.02,1456,2,1,1
2017-10-05,MIDDAY,660,5,1,0.05,4568,2,1,1
2017-10-05,EVENING,694,5,1,0.05,1456,3,1,1
2017-10-06,MIDDAY,699,6,2,0.09,1456,1,1,0
2017-10-06,EVENING,665,6,2,0.09,4569,2,1,1
2017-10-07,MIDDAY,504,6,1,0.05,4569,3,1,1
2017-10-07,EVENING,459,6,2,0.09,4569,4,1,1
2017-10-08,MIDDAY,637,5,3,0.04,0456,2,1,1
2017-10-08,EVENING,980,4,2,0.09,4569,2,1,1
2017-10-09,MIDDAY,369,6,0,0.02,4569,2,1,1
2017-10-09,EVENING,225,9,1,0.05,4569,2,1,1
2017-10-10,MIDDAY,000,3,1,0.05,4569,0,0,0
2017-10-10,EVENING,566,2,0,0.02,4569,2,1,1
2017-10-11,MIDDAY,932,0,0,0.02,4569,1,1,0
2017-10-11,EVENING,874,5,1,0.05,4569,2,1,1
2017-10-12,MIDDAY,668,9,0,0.02,4569,2,1,1
2017-10-12,EVENING,539,8,1,0.05,4569,2,1,1
2017-10-13,MIDDAY,306,6,2,0.09,3569,2,1,1
2017-10-13,EVENING,460,5,1,0.05,3569,2,1,1
2017-10-14,MIDDAY,862,3,2,0.09,3569,2,1,1
2017-10-14,EVENING,881,4,1,0.05,3569,0,0,0
2017-10-15,MIDDAY,743,8,1,0.05,5689,1,1,0
2017-10-15,EVENING,737,8,2,0.09,3568,2,1,1
2017-10-16,MIDDAY,284,7,3,0.04,3568,1,1,0
2017-10-16,EVENING,444,7,2,0.09,4568,1,1,0
2017-10-17,MIDDAY,845,2,2,0.09,4568,3,1,1
2017-10-17,EVENING,795,4,1,0.05,4568,2,1,1
2017-10-18,MIDDAY,032,8,2,0.09,4568,1,1,0
2017-10-18,EVENING,280,7,0,0.02,4568,1,1,0
2017-10-19,MIDDAY,996,0,3,0.04,4568,1,1,0
2017-10-19,EVENING,035,2,1,0.05,4568,1,1,0
2017-10-20,MIDDAY,257,9,1,0.05,3458,1,1,0
2017-10-20,EVENING,668,0,2,0.09,2458,1,1,0
2017-10-21,MIDDAY,464,2,0,0.02,0458,1,1,0
2017-10-21,EVENING,536,6,1,0.05,2568,2,1,1
2017-10-22,MIDDAY,545,4,1,0.05,2568,1,1,0
2017-10-22,EVENING,603,5,1,0.05,4568,2,1,1
2017-10-23,MIDDAY,581,5,1,0.05,3568,2,1,1
2017-10-23,EVENING,401,6,1,0.05,0568,2,1,1
2017-10-24,MIDDAY,988,5,1,0.05,4568,2,1,1
2017-10-24,EVENING,422,4,0,0.02,4568,1,1,0
2017-10-25,MIDDAY,194,9,0,0.02,4568,1,1,0
2017-10-25,EVENING,720,4,1,0.05,4568,1,1,0
2017-10-26,MIDDAY,768,1,1,0.05,4568,2,1,1
2017-10-26,EVENING,314,7,1,0.05,4568,1,1,0
2017-10-27,MIDDAY,630,7,2,0.09,4568,1,1,0
2017-10-27,EVENING,742,3,2,0.09,4568,1,1,0
2017-10-28,MIDDAY,054,6,2,0.09,4567,3,1,1
2017-10-28,EVENING,547,7,1,0.05,0456,2,1,1
2017-10-29,MIDDAY,971,0,2,0.09,4567,1,1,0
2017-10-29,EVENING,125,5,1,0.05,0457,1,1,0
2017-10-30,MIDDAY,520,9,1,0.05,0457,2,1,1
2017-10-30,EVENING,962,1,2,0.09,0457,0,0,0
2017-10-31,MIDDAY,555,5,2,0.09,0456,1,1,0
2017-10-31,EVENING,766,9,0,0.02,0456,1,1,0
2017-11-01,MIDDAY,127,5,0,0.02,4567,2,1,1
2017-11-01,EVENING,581,7,1,0.05,4567,2,1,1
2017-11-02,MIDDAY,930,1,3,0.04,4567,0,0,0
2017-11-02,EVENING,748,5,1,0.05,1457,3,1,1
2017-11-03,MIDDAY,903,9,0,0.02,1457,0,0,0
2017-11-03,EVENING,434,7,0,0.02,0457,2,1,1
2017-11-04,MIDDAY,783,9,1,0.05,0457,1,1,0
2017-11-04,EVENING,136,4,2,0.09,4579,1,1,0
2017-11-05,MIDDAY,471,7,1,0.05,3457,2,1,1
2017-11-05,EVENING,111,1,2,0.09,1457,1,1,0
2017-11-06,MIDDAY,268,4,1,0.05,1457,1,1,0
2017-11-06,EVENING,045,1,0,0.02,1347,2,1,1
2017-11-07,MIDDAY,004,2,1,0.05,1457,1,1,0
2017-11-07,EVENING,513,0,2,0.09,1457,2,1,1
2017-11-08,MIDDAY,237,0,1,0.05,1457,1,1,0
2017-11-08,EVENING,437,5,2,0.09,0147,2,1,1
2017-11-09,MIDDAY,316,2,2,0.09,1457,1,1,0
2017-11-09,EVENING,229,4,1,0.05,1457,1,1,0
2017-11-10,MIDDAY,300,3,1,0.05,1457,0,0,0
2017-11-10,EVENING,242,2,0,0.02,0134,1,1,0
2017-11-11,MIDDAY,156,3,0,0.02,1234,2,1,1
2017-11-11,EVENING,575,2,0,0.02,1345,1,1,0
2017-11-12,MIDDAY,785,1,1,0.05,1234,1,1,0
2017-11-12,EVENING,446,5,2,0.09,1357,1,1,0
2017-11-13,MIDDAY,312,7,1,0.05,3457,2,1,1
2017-11-13,EVENING,627,4,0,0.02,1345,1,1,0
2017-11-14,MIDDAY,489,3,2,0.09,1347,2,1,1
2017-11-14,EVENING,557,6,1,0.05,1347,1,1,0
2017-11-15,MIDDAY,304,4,0,0.02,3457,2,1,1
2017-11-15,EVENING,665,5,0,0.02,3457,1,1,0
2017-11-16,MIDDAY,694,3,0,0.02,3457,2,1,1
2017-11-16,EVENING,507,6,1,0.05,3457,2,1,1
2017-11-17,MIDDAY,850,6,1,0.05,3457,1,1,0
2017-11-17,EVENING,603,5,3,0.04,4567,2,1,1
2017-11-18,MIDDAY,104,8,3,0.04,3456,1,1,0
2017-11-18,EVENING,543,6,1,0.05,3456,4,1,1
2017-11-19,MIDDAY,223,1,1,0.05,3456,1,1,0
2017-11-19,EVENING,528,5,1,0.05,3456,1,1,0
2017-11-20,MIDDAY,732,2,1,0.05,3456,1,1,0
2017-11-20,EVENING,424,5,1,0.05,3456,2,1,1
2017-11-21,MIDDAY,675,7,1,0.05,3456,2,1,1
2017-11-21,EVENING,139,4,1,0.05,3456,2,1,1
2017-11-22,MIDDAY,886,6,0,0.02,3456,1,1,0
2017-11-22,EVENING,846,1,0,0.02,3456,2,1,1
2017-11-23,MIDDAY,751,8,2,0.09,3456,1,1,0
2017-11-23,EVENING,629,8,2,0.09,3456,1,1,0
2017-11-24,MIDDAY,679,7,1,0.05,3456,1,1,0
2017-11-24,EVENING,617,6,2,0.09,4567,2,1,1
2017-11-25,MIDDAY,442,6,2,0.09,4567,2,1,1
2017-11-25,EVENING,875,6,1,0.05,4567,3,1,1
2017-11-26,MIDDAY,104,4,1,0.05,4567,1,1,0
2017-11-26,EVENING,732,8,0,0.02,4567,1,1,0
2017-11-27,MIDDAY,602,1,0,0.02,4567,1,1,0
2017-11-27,EVENING,092,7,1,0.05,4567,1,1,0
2017-11-28,MIDDAY,608,6,2,0.09,2567,1,1,0
2017-11-28,EVENING,411,0,1,0.05,2678,0,0,0
2017-11-29,MIDDAY,365,6,1,0.05,1267,1,1,0
2017-11-29,EVENING,804,4,0,0.02,1246,1,1,0
2017-11-30,MIDDAY,610,3,0,0.02,2468,1,1,0
2017-11-30,EVENING,795,8,1,0.05,0146,0,0,0
2017-12-01,MIDDAY,663,6,0,0.02,0168,1,1,0
2017-12-01,EVENING,124,7,0,0.02,2678,2,1,1
2017-12-02,MIDDAY,888,6,0,0.02,1267,1,1,0
2017-12-02,EVENING,749,1,0,0.02,1678,2,1,1
2017-12-03,MIDDAY,839,8,0,0.02,1467,0,0,0
2017-12-03,EVENING,874,7,1,0.05,1678,2,1,1
2017-12-04,MIDDAY,350,8,1,0.05,4678,1,1,0
2017-12-04,EVENING,596,8,1,0.05,4678,2,1,1
2017-12-05,MIDDAY,847,3,2,0.09,4678,3,1,1
2017-12-05,EVENING,679,5,1,0.05,4678,2,1,1
2017-12-06,MIDDAY,180,5,1,0.05,4678,1,1,0
2017-12-06,EVENING,362,7,1,0.05,4678,2,1,1
2017-12-07,MIDDAY,860,2,0,0.02,3678,2,1,1
2017-12-07,EVENING,698,2,2,0.09,0678,2,1,1
2017-12-08,MIDDAY,790,9,3,0.04,0368,1,1,0
2017-12-08,EVENING,929,7,1,0.05,0678,1,1,0
2017-12-09,MIDDAY,710,6,2,0.09,0678,3,1,1
2017-12-09,EVENING,417,8,1,0.05,0678,2,1,1
2017-12-10,MIDDAY,253,0,2,0.09,0678,1,1,0
2017-12-10,EVENING,467,5,0,0.02,0678,2,1,1
2017-12-11,MIDDAY,402,4,1,0.05,0678,1,1,0
2017-12-11,EVENING,389,3,1,0.05,0678,1,1,0
2017-12-12,MIDDAY,395,5,0,0.02,0678,0,0,0
2017-12-12,EVENING,644,1,2,0.09,6789,1,1,0
2017-12-13,MIDDAY,107,1,0,0.02,6789,1,1,0
2017-12-13,EVENING,197,5,1,0.05,4678,1,1,0
2017-12-14,MIDDAY,207,7,2,0.09,1678,1,1,0
2017-12-14,EVENING,304,5,1,0.05,0678,1,1,0
2017-12-15,MIDDAY,679,6,1,0.05,0578,1,1,0
2017-12-15,EVENING,551,4,0,0.02,0679,0,0,0
2017-12-16,MIDDAY,189,4,0,0.02,0567,0,0,0
2017-12-16,EVENING,936,5,2,0.09,0679,2,1,1
2017-12-17,MIDDAY,722,3,1,0.05,5679,1,1,0
2017-12-17,EVENING,410,9,1,0.05,1679,2,1,1
2017-12-18,MIDDAY,935,3,0,0.02,0679,1,1,0
2017-12-18,EVENING,106,9,1,0.05,0579,2,1,1
2017-12-19,MIDDAY,306,8,1,0.05,0679,2,1,1
2017-12-19,EVENING,184,3,2,0.09,0679,0,0,0
2017-12-20,MIDDAY,707,4,2,0.09,0179,2,1,1
2017-12-20,EVENING,478,2,1,0.05,0179,1,1,0
2017-12-21,MIDDAY,342,5,2,0.09,0479,1,1,0
2017-12-21,EVENING,857,4,2,0.09,0347,2,1,1
2017-12-22,MIDDAY,508,7,2,0.09,0347,2,1,1
2017-12-22,EVENING,517,6,3,0.04,0457,2,1,1
2017-12-23,MIDDAY,147,7,2,0.09,0457,2,1,1
2017-12-23,EVENING,352,6,2,0.09,1457,1,1,0
2017-12-24,MIDDAY,219,4,0,0.02,3457,1,1,0
2017-12-24,EVENING,456,2,1,0.05,1457,2,1,1
2017-12-25,MIDDAY,431,1,2,0.09,1457,2,1,1
2017-12-25,EVENING,423,6,1,0.05,1457,1,1,0
2017-12-26,MIDDAY,412,2,2,0.09,3457,1,1,0
2017-12-26,EVENING,221,8,2,0.09,1457,1,1,0
2017-12-27,MIDDAY,057,7,2,0.09,1457,2,1,1
2017-12-27,EVENING,431,5,0,0.02,1457,3,1,1
2017-12-28,MIDDAY,824,2,1,0.05,1345,1,1,0
2017-12-28,EVENING,955,3,1,0.05,1245,1,1,0
2017-12-29,MIDDAY,657,3,0,0.02,1345,2,1,1
2017-12-29,EVENING,061,0,2,0.09,3457,0,0,0
2017-12-30,MIDDAY,143,5,1,0.05,1345,4,1,1
2017-12-30,EVENING,211,3,1,0.05,1345,2,1,1
2017-12-31,MIDDAY,471,3,2,0.09,1345,3,1,1
2017-12-31,EVENING,141,5,2,0.09,1345,3,1,1
2018-01-01,MIDDAY,490,9,2,0.09,1345,1,1,0
2018-01-01,EVENING,929,0,1,0.05,1345,0,0,0
2018-01-02,MIDDAY,784,6,2,0.09,1345,1,1,0
2018-01-02,EVENING,621,0,0,0.02,1345,1,1,0
2018-01-03,MIDDAY,858,1,1,0.05,1345,2,1,1
2018-01-03,EVENING,907,9,1,0.05,1345,0,0,0
2018-01-04,MIDDAY,071,3,0,0.02,1345,2,1,1
2018-01-04,EVENING,278,9,2,0.09,1345,0,0,0
2018-01-05,MIDDAY,926,4,1,0.05,1234,2,1,1
2018-01-05,EVENING,783,8,2,0.09,1234,1,1,0
2018-01-06,MIDDAY,833,1,0,0.02,1234,2,1,1
2018-01-06,EVENING,473,8,2,0.09,1347,3,1,1
2018-01-07,MIDDAY,718,5,2,0.09,1347,2,1,1
2018-01-07,EVENING,534,3,2,0.09,1347,2,1,1
2018-01-08,MIDDAY,149,1,1,0.05,1347,2,1,1
2018-01-08,EVENING,643,7,1,0.05,1347,3,1,1
2018-01-09,MIDDAY,868,4,1,0.05,1347,1,1,0
2018-01-09,EVENING,592,5,2,0.09,1347,0,0,0
2018-01-10,MIDDAY,541,5,0,0.02,1347,2,1,1
2018-01-10,EVENING,435,9,1,0.05,1347,2,1,1
2018-01-11,MIDDAY,950,5,2,0.09,1345,1,1,0
2018-01-11,EVENING,558,9,2,0.09,1345,1,1,0
2018-01-12,MIDDAY,440,7,2,0.09,1345,1,1,0
2018-01-12,EVENING,201,2,0,0.02,1457,1,1,0
2018-01-13,MIDDAY,333,3,1,0.05,1459,0,0,0
2018-01-13,EVENING,518,8,0,0.02,4579,1,1,0
2018-01-14,MIDDAY,745,2,0,0.02,1458,2,1,1
2018-01-14,EVENING,543,7,1,0.05,1457,3,1,1
2018-01-15,MIDDAY,681,9,3,0.04,1457,1,1,0
2018-01-15,EVENING,121,9,0,0.02,1457,1,1,0
2018-01-16,MIDDAY,353,6,2,0.09,1457,1,1,0
2018-01-16,EVENING,673,3,0,0.02,1345,1,1,0
2018-01-17,MIDDAY,800,7,2,0.09,1345,0,0,0
2018-01-17,EVENING,328,0,1,0.05,1345,1,1,0
2018-01-18,MIDDAY,573,0,2,0.09,3458,2,1,1
2018-01-18,EVENING,223,7,2,0.09,3457,2,1,1
2018-01-19,MIDDAY,687,0,2,0.09,3457,1,1,0
2018-01-19,EVENING,916,1,1,0.05,3457,0,0,0
2018-01-20,MIDDAY,549,7,1,0.05,3457,3,1,1
2018-01-20,EVENING,511,6,1,0.05,3457,1,1,0
2018-01-21,MIDDAY,410,6,1,0.05,3457,1,1,0
2018-01-21,EVENING,852,5,2,0.09,1357,1,1,0
2018-01-22,MIDDAY,308,1,0,0.02,1357,2,1,1
2018-01-22,EVENING,437,1,1,0.05,1357,3,1,1
2018-01-23,MIDDAY,194,9,2,0.09,1357,1,1,0
2018-01-23,EVENING,415,1,2,0.09,1357,2,1,1
2018-01-24,MIDDAY,784,1,2,0.09,1457,3,1,1
2018-01-24,EVENING,492,9,2,0.09,1457,1,1,0
2018-01-25,MIDDAY,155,4,1,0.05,1457,3,1,1
2018-01-25,EVENING,235,7,1,0.05,1457,2,1,1
2018-01-26,MIDDAY,543,4,1,0.05,1457,2,1,1
2018-01-26,EVENING,229,8,2,0.09,1457,0,0,0
2018-01-27,MIDDAY,262,1,0,0.02,1457,1,1,0
2018-01-27,EVENING,253,2,1,0.05,1457,1,1,0
2018-01-28,MIDDAY,014,6,1,0.05,1345,2,1,1
2018-01-28,EVENING,083,7,0,0.02,1345,1,1,0
2018-01-29,MIDDAY,370,1,1,0.05,1347,3,1,1
2018-01-29,EVENING,277,6,3,0.04,1347,1,1,0
2018-01-30,MIDDAY,437,4,1,0.05,1347,3,1,1
2018-01-30,EVENING,931,9,1,0.05,1347,2,1,1
2018-01-31,MIDDAY,853,7,1,0.05,1347,2,1,1
2018-01-31,EVENING,112,0,1,0.05,1347,1,1,0
2018-02-01,MIDDAY,630,9,0,0.02,1347,1,1,0
2018-02-01,EVENING,544,5,1,0.05,1347,1,1,0
2018-02-02,MIDDAY,246,7,0,0.02,1345,1,1,0
2018-02-02,EVENING,273,3,1,0.05,1347,2,1,1
2018-02-03,MIDDAY,375,5,2,0.09,1347,2,1,1
2018-02-03,EVENING,289,5,2,0.09,1347,0,0,0
2018-02-04,MIDDAY,401,5,1,0.05,3457,2,1,1
2018-02-04,EVENING,315,2,1,0.05,3457,2,1,1
2018-02-05,MIDDAY,500,7,2,0.09,2357,2,1,1
2018-02-05,EVENING,040,1,1,0.05,2357,0,0,0
2018-02-06,MIDDAY,736,7,1,0.05,2357,2,1,1
2018-02-06,EVENING,508,6,0,0.02,1357,1,1,0
2018-02-07,MIDDAY,867,0,1,0.05,2357,1,1,0
2018-02-07,EVENING,162,2,3,0.04,0357,0,0,0
2018-02-08,MIDDAY,178,1,1,0.05,0357,1,1,0
2018-02-08,EVENING,784,0,1,0.05,1357,1,1,0
2018-02-09,MIDDAY,386,9,2,0.09,0137,1,1,0
2018-02-09,EVENING,739,2,1,0.05,0137,2,1,1
2018-02-10,MIDDAY,730,1,2,0.09,0367,3,1,1
2018-02-10,EVENING,372,4,2,0.09,0137,2,1,1
2018-02-11,MIDDAY,186,5,2,0.09,0137,1,1,0
2018-02-11,EVENING,624,9,0,0.02,0137,0,0,0
2018-02-12,MIDDAY,483,1,1,0.05,1367,2,1,1
2018-02-12,EVENING,015,0,1,0.05,1237,1,1,0
2018-02-13,MIDDAY,756,5,1,0.05,0137,1,1,0
2018-02-13,EVENING,314,6,1,0.05,1357,2,1,1
2018-02-14,MIDDAY,315,5,1,0.05,1367,2,1,1
2018-02-14,EVENING,552,3,2,0.09,1357,2,1,1
2018-02-15,MIDDAY,207,4,2,0.09,1357,1,1,0
2018-02-15,EVENING,705,3,1,0.05,1357,3,1,1
2018-02-16,MIDDAY,574,0,2,0.09,1357,2,1,1
2018-02-16,EVENING,382,2,3,0.04,1357,1,1,0
2018-02-17,MIDDAY,020,5,0,0.02,1357,1,1,0
2018-02-17,EVENING,382,1,1,0.05,0357,1,1,0
2018-02-18,MIDDAY,235,5,1,0.05,2357,3,1,1
2018-02-18,EVENING,454,7,2,0.09,2357,2,1,1
2018-02-19,MIDDAY,297,6,1,0.05,2357,2,1,1
2018-02-19,EVENING,668,9,1,0.05,2357,0,0,0
2018-02-20,MIDDAY,493,9,2,0.09,2357,1,1,0
2018-02-20,EVENING,359,6,1,0.05,2357,2,1,1
2018-02-21,MIDDAY,465,5,2,0.09,2357,1,1,0
2018-02-21,EVENING,833,9,2,0.09,2357,1,1,0
2018-02-22,MIDDAY,841,6,0,0.02,2357,0,0,0
2018-02-22,EVENING,432,8,1,0.05,3456,2,1,1
2018-02-23,MIDDAY,169,7,2,0.09,2345,0,0,0
2018-02-23,EVENING,826,7,0,0.02,3456,1,1,0
2018-02-24,MIDDAY,019,6,2,0.09,2356,1,1,0
2018-02-24,EVENING,048,3,1,0.05,2356,1,1,0
2018-02-25,MIDDAY,463,3,1,0.05,3456,3,1,1
2018-02-25,EVENING,442,7,2,0.09,3456,1,1,0
2018-02-26,MIDDAY,633,7,1,0.05,2346,2,1,1
2018-02-26,EVENING,947,9,1,0.05,3467,2,1,1
2018-02-27,MIDDAY,200,7,1,0.05,3467,1,1,0
2018-02-27,EVENING,307,8,1,0.05,3467,2,1,1
2018-02-28,MIDDAY,606,2,2,0.09,3467,1,1,0
2018-02-28,EVENING,880,4,1,0.05,2367,0,0,0
2018-03-01,MIDDAY,224,5,1,0.05,3467,1,1,0
2018-03-01,EVENING,049,0,1,0.05,3467,1,1,0
2018-03-02,MIDDAY,617,5,1,0.05,3467,2,1,1
2018-03-02,EVENING,084,5,0,0.02,3467,1,1,0
2018-03-03,MIDDAY,695,2,1,0.05,0467,1,1,0
2018-03-03,EVENING,454,6,1,0.05,0467,2,1,1
2018-03-04,MIDDAY,764,7,2,0.09,0467,3,1,1
2018-03-04,EVENING,130,6,2,0.09,3467,2,1,1
2018-03-05,MIDDAY,286,3,1,0.05,0467,1,1,0
2018-03-05,EVENING,272,1,2,0.09,3467,1,1,0
2018-03-06,MIDDAY,493,3,1,0.05,2467,1,1,0
2018-03-06,EVENING,488,3,0,0.02,3467,2,1,1
2018-03-07,MIDDAY,976,0,2,0.09,3467,2,1,1
2018-03-07,EVENING,265,9,0,0.02,3467,1,1,0
2018-03-08,MIDDAY,339,0,2,0.09,2346,1,1,0
2018-03-08,EVENING,434,9,1,0.05,0346,2,1,1
2018-03-09,MIDDAY,509,3,2,0.09,0346,2,1,1
2018-03-09,EVENING,687,5,2,0.09,0346,1,1,0
2018-03-10,MIDDAY,150,8,1,0.05,3469,0,0,0
2018-03-10,EVENING,142,5,2,0.09,0346,1,1,0
2018-03-11,MIDDAY,290,7,2,0.09,0456,1,1,0
2018-03-11,EVENING,505,7,1,0.05,0456,2,1,1
2018-03-12,MIDDAY,095,0,2,0.09,0456,2,1,1
2018-03-12,EVENING,909,7,2,0.09,0569,2,1,1
2018-03-13,MIDDAY,237,4,2,0.09,0459,1,1,0
2018-03-13,EVENING,845,5,1,0.05,0459,2,1,1
2018-03-14,MIDDAY,305,4,1,0.05,0459,3,1,1
2018-03-14,EVENING,227,0,2,0.09,0459,1,1,0
2018-03-15,MIDDAY,318,0,1,0.05,0457,1,1,0
2018-03-15,EVENING,655,0,1,0.05,0459,2,1,1
2018-03-16,MIDDAY,025,8,1,0.05,0345,2,1,1
2018-03-16,EVENING,053,1,2,0.09,0345,3,1,1
2018-03-17,MIDDAY,512,3,2,0.09,0345,2,1,1
2018-03-17,EVENING,963,2,3,0.04,0235,2,1,1
2018-03-18,MIDDAY,958,6,2,0.09,0235,1,1,0
2018-03-18,EVENING,148,3,2,0.09,0359,1,1,0
2018-03-19,MIDDAY,231,3,1,0.05,0359,1,1,0
2018-03-19,EVENING,207,9,2,0.09,0235,2,1,1
2018-03-20,MIDDAY,018,9,1,0.05,0235,1,1,0
2018-03-20,EVENING,220,4,2,0.09,0235,2,1,1
2018-03-21,MIDDAY,218,1,1,0.05,0235,1,1,0
2018-03-21,EVENING,057,8,1,0.05,0235,2,1,1
2018-03-22,MIDDAY,822,2,1,0.05,0258,2,1,1
2018-03-22,EVENING,783,7,1,0.05,0258,1,1,0
2018-03-23,MIDDAY,665,4,1,0.05,0258,1,1,0
2018-03-23,EVENING,123,2,0,0.02,0258,1,1,0
2018-03-24,MIDDAY,221,9,0,0.02,0258,1,1,0
2018-03-24,EVENING,850,5,2,0.09,0258,3,1,1
2018-03-25,MIDDAY,048,5,0,0.02,0258,3,1,1
2018-03-25,EVENING,421,3,3,0.04,0258,1,1,0
2018-03-26,MIDDAY,311,6,1,0.05,0258,0,0,0
2018-03-26,EVENING,094,2,2,0.09,0235,2,1,1
2018-03-27,MIDDAY,776,7,0,0.02,0235,0,0,0
2018-03-27,EVENING,041,6,0,0.02,0123,2,1,1
2018-03-28,MIDDAY,960,8,1,0.05,0125,1,1,0
2018-03-28,EVENING,073,2,2,0.09,0128,2,1,1
2018-03-29,MIDDAY,619,6,1,0.05,0123,1,1,0
2018-03-29,EVENING,699,4,0,0.02,0123,0,0,0
2018-03-30,MIDDAY,937,9,2,0.09,0129,1,1,0
2018-03-30,EVENING,892,9,1,0.05,0129,2,1,1
2018-03-31,MIDDAY,288,9,1,0.05,0289,3,1,1
2018-03-31,EVENING,978,5,3,0.04,0289,2,1,1
2018-04-01,MIDDAY,142,0,2,0.09,0289,2,1,1
2018-04-01,EVENING,980,7,0,0.02,0289,3,1,1
2018-04-02,MIDDAY,368,3,1,0.05,0289,1,1,0
2018-04-02,EVENING,907,1,1,0.05,0289,2,1,1
2018-04-03,MIDDAY,621,9,0,0.02,0289,2,1,1
2018-04-03,EVENING,111,3,2,0.09,0289,0,0,0
2018-04-04,MIDDAY,941,8,1,0.05,0129,2,1,1
2018-04-04,EVENING,553,8,1,0.05,0189,1,1,0
2018-04-05,MIDDAY,526,8,1,0.05,0189,1,1,0
2018-04-05,EVENING,020,2,2,0.09,0189,1,1,0
2018-04-06,MIDDAY,129,9,1,0.05,0289,2,1,1
2018-04-06,EVENING,067,5,1,0.05,1289,0,0,0
2018-04-07,MIDDAY,584,6,0,0.02,1289,1,1,0
2018-04-07,EVENING,002,6,2,0.09,1289,1,1,0
2018-04-08,MIDDAY,767,4,1,0.05,0289,0,0,0
2018-04-08,EVENING,977,8,1,0.05,2689,2,1,1
2018-04-09,MIDDAY,360,5,1,0.05,2689,1,1,0
2018-04-09,EVENING,581,7,0,0.02,2689,1,1,0
2018-04-10,MIDDAY,068,3,1,0.05,2689,2,1,1
2018-04-10,EVENING,213,1,1,0.05,0689,0,0,0
2018-04-11,MIDDAY,945,7,1,0.05,2689,1,1,0
2018-04-11,EVENING,510,1,0,0.02,2689,0,0,0
2018-04-12,MIDDAY,329,1,1,0.05,0689,1,1,0
2018-04-12,EVENING,505,1,1,0.05,0189,2,1,1
2018-04-13,MIDDAY,606,5,1,0.05,0158,2,1,1
2018-04-13,EVENING,874,8,2,0.09,0158,1,1,0
2018-04-14,MIDDAY,680,9,0,0.02,0158,2,1,1
2018-04-14,EVENING,152,0,1,0.05,0168,2,1,1
2018-04-15,MIDDAY,605,7,1,0.05,0158,2,1,1
2018-04-15,EVENING,512,2,2,0.09,0156,2,1,1
2018-04-16,MIDDAY,853,7,1,0.05,0156,1,1,0
2018-04-16,EVENING,469,1,1,0.05,0156,2,1,1
2018-04-17,MIDDAY,507,1,0,0.02,0156,3,1,1
2018-04-17,EVENING,889,6,1,0.05,0156,1,1,0
2018-04-18,MIDDAY,183,1,0,0.02,0156,1,1,0
2018-04-18,EVENING,092,4,1,0.05,0156,1,1,0
2018-04-19,MIDDAY,916,0,0,0.02,0156,3,1,1
2018-04-19,EVENING,567,5,2,0.09,0156,2,1,1
2018-04-20,MIDDAY,224,1,1,0.05,0156,1,1,0
2018-04-20,EVENING,863,0,0,0.02,0156,2,1,1
2018-04-21,MIDDAY,981,6,0,0.02,0156,2,1,1
2018-04-21,EVENING,835,9,2,0.09,0156,1,1,0
2018-04-22,MIDDAY,887,3,2,0.09,0168,1,1,0
2018-04-22,EVENING,105,5,2,0.09,1689,1,1,0
2018-04-23,MIDDAY,530,3,0,0.02,0158,2,1,1
2018-04-23,EVENING,317,5,2,0.09,0158,2,1,1
2018-04-24,MIDDAY,371,1,2,0.09,0158,1,1,0
2018-04-24,EVENING,825,5,3,0.04,0158,2,1,1
2018-04-25,MIDDAY,564,8,0,0.02,0158,2,1,1
2018-04-25,EVENING,250,8,2,0.09,0158,3,1,1
2018-04-26,MIDDAY,725,5,2,0.09,0158,1,1,0
2018-04-26,EVENING,125,8,2,0.09,0158,3,1,1
2018-04-27,MIDDAY,278,2,2,0.09,0158,1,1,0
2018-04-27,EVENING,265,2,2,0.09,1578,1,1,0
2018-04-28,MIDDAY,398,7,1,0.05,1258,1,1,0
2018-04-28,EVENING,164,2,0,0.02,1578,1,1,0
2018-04-29,MIDDAY,172,5,0,0.02,1258,3,1,1
2018-04-29,EVENING,396,5,2,0.09,1258,1,1,0
2018-04-30,MIDDAY,866,0,1,0.05,1258,1,1,0
2018-04-30,EVENING,444,1,1,0.05,1258,1,1,0
2018-05-01,MIDDAY,017,0,0,0.02,1258,1,1,0
2018-05-01,EVENING,239,5,1,0.05,1568,1,1,0
2018-05-02,MIDDAY,054,3,0,0.02,1258,1,1,0
2018-05-02,EVENING,092,6,2,0.09,1235,1,1,0
2018-05-03,MIDDAY,218,4,1,0.05,1235,2,1,1
2018-05-03,EVENING,050,4,1,0.05,1258,1,1,0
2018-05-04,MIDDAY,119,8,1,0.05,0125,1,1,0
2018-05-04,EVENING,557,4,0,0.02,1258,1,1,0
2018-05-05,MIDDAY,309,7,0,0.02,0125,1,1,0
2018-05-05,EVENING,532,1,1,0.05,0125,3,1,1
2018-05-06,MIDDAY,542,2,1,0.05,0125,2,1,1
2018-05-06,EVENING,063,8,2,0.09,1258,1,1,0
2018-05-07,MIDDAY,971,1,0,0.02,0258,0,0,0
2018-05-07,EVENING,611,8,0,0.02,0125,1,1,0
2018-05-08,MIDDAY,941,4,1,0.05,1258,1,1,0
2018-05-08,EVENING,662,0,1,0.05,1258,1,1,0
2018-05-09,MIDDAY,427,8,0,0.02,1258,2,1,1
2018-05-09,EVENING,247,5,1,0.05,1245,3,1,1
2018-05-10,MIDDAY,465,4,3,0.04,1245,2,1,1
2018-05-10,EVENING,696,6,2,0.09,1245,0,0,0
2018-05-11,MIDDAY,375,0,1,0.05,1245,1,1,0
2018-05-11,EVENING,705,9,0,0.02,1456,1,1,0
2018-05-12,MIDDAY,240,1,3,0.04,0457,2,1,1
2018-05-12,EVENING,208,2,1,0.05,0245,2,1,1
2018-05-13,MIDDAY,324,5,2,0.09,0245,3,1,1
2018-05-13,EVENING,684,0,1,0.05,0245,2,1,1
2018-05-14,MIDDAY,342,9,1,0.05,0245,2,1,1
2018-05-14,EVENING,742,0,1,0.05,0245,3,1,1
2018-05-15,MIDDAY,697,1,2,0.09,0245,0,0,0
2018-05-15,EVENING,149,6,1,0.05,0245,1,1,0
2018-05-16,MIDDAY,287,5,3,0.04,0245,2,1,1
2018-05-16,EVENING,818,3,0,0.02,2457,0,0,0
2018-05-17,MIDDAY,117,4,1,0.05,2457,2,1,1
2018-05-17,EVENING,368,6,1,0.05,1247,0,0,0
2018-05-18,MIDDAY,693,3,0,0.02,1247,0,0,0
2018-05-18,EVENING,234,9,2,0.09,2467,2,1,1
2018-05-19,MIDDAY,492,8,2,0.09,2467,2,1,1
2018-05-19,EVENING,570,7,3,0.04,2469,0,0,0
2018-05-20,MIDDAY,326,6,0,0.02,2479,1,1,0
2018-05-20,EVENING,784,3,0,0.02,2469,1,1,0
2018-05-21,MIDDAY,695,7,1,0.05,2347,1,1,0
2018-05-21,EVENING,186,6,1,0.05,2347,0,0,0
2018-05-22,MIDDAY,973,1,1,0.05,2467,1,1,0
2018-05-22,EVENING,169,2,1,0.05,3469,2,1,1
2018-05-23,MIDDAY,461,7,2,0.09,2469,2,1,1
2018-05-23,EVENING,144,9,2,0.09,2467,1,1,0
2018-05-24,MIDDAY,841,2,2,0.09,1469,2,1,1
2018-05-24,EVENING,565,4,2,0.09,1246,2,1,1
2018-05-25,MIDDAY,679,9,1,0.05,1246,1,1,0
2018-05-25,EVENING,979,2,1,0.05,1469,1,1,0
2018-05-26,MIDDAY,858,6,2,0.09,4679,1,1,0
2018-05-26,EVENING,651,4,0,0.02,4679,2,1,1
2018-05-27,MIDDAY,179,0,2,0.09,1469,2,1,1
2018-05-27,EVENING,238,5,1,0.05,1469,0,0,0
2018-05-28,MIDDAY,967,2,0,0.02,1469,2,1,1
2018-05-28,EVENING,995,2,1,0.05,4679,1,1,0
2018-05-29,MIDDAY,261,4,2,0.09,2679,2,1,1
2018-05-29,EVENING,580,7,1,0.05,2469,0,0,0
2018-05-30,MIDDAY,193,7,0,0.02,2679,2,1,1
2018-05-30,EVENING,139,7,1,0.05,2679,2,1,1
2018-05-31,MIDDAY,937,8,4,0.08,0179,2,1,1
2018-05-31,EVENING,672,2,3,0.04,1679,2,1,1
2018-06-01,MIDDAY,551,7,1,0.05,1679,2,1,1
2018-06-01,EVENING,888,6,1,0.05,1679,1,1,0
2018-06-02,MIDDAY,462,3,0,0.02,1679,1,1,0
2018-06-02,EVENING,071,5,1,0.05,1679,2,1,1
2018-06-03,MIDDAY,878,5,0,0.02,1679,1,1,0
2018-06-03,EVENING,146,6,2,0.09,1679,2,1,1
2018-06-04,MIDDAY,651,5,0,0.02,1679,2,1,1
2018-06-04,EVENING,303,4,2,0.09,1567,0,0,0
2018-06-05,MIDDAY,349,7,0,0.02,1567,1,1,0
2018-06-05,EVENING,734,7,2,0.09,1467,2,1,1
2018-06-06,MIDDAY,214,0,3,0.04,1467,2,1,1
2018-06-06,EVENING,559,8,1,0.05,1467,0,0,0
2018-06-07,MIDDAY,476,6,0,0.02,1467,3,1,1
2018-06-07,EVENING,584,0,0,0.02,1467,1,1,0
2018-06-08,MIDDAY,972,7,1,0.05,1467,1,1,0
2018-06-08,EVENING,001,9,0,0.02,1479,2,1,1
2018-06-09,MIDDAY,701,7,1,0.05,1479,2,1,1
2018-06-09,EVENING,380,5,2,0.09,1479,0,0,0
2018-06-10,MIDDAY,696,7,1,0.05,1479,2,1,1
2018-06-10,EVENING,000,0,0,0.02,1479,0,0,0
2018-06-11,MIDDAY,357,3,0,0.02,0179,1,1,0
2018-06-11,EVENING,703,5,0,0.02,1579,2,1,1
2018-06-12,MIDDAY,686,8,3,0.04,0357,0,0,0
2018-06-12,EVENING,699,2,0,0.02,0567,1,1,0
2018-06-13,MIDDAY,961,3,1,0.05,0567,1,1,0
2018-06-13,EVENING,820,8,2,0.09,1567,0,0,0
2018-06-14,MIDDAY,715,5,0,0.02,0367,1,1,0
2018-06-14,EVENING,774,8,0,0.02,0567,1,1,0
2018-06-15,MIDDAY,668,9,1,0.05,0567,1,1,0
2018-06-15,EVENING,509,4,1,0.05,6789,1,1,0
2018-06-16,MIDDAY,488,8,1,0.05,0679,0,0,0
2018-06-16,EVENING,986,0,1,0.05,4789,2,1,1
2018-06-17,MIDDAY,579,6,1,0.05,0789,2,1,1
2018-06-17,EVENING,635,7,2,0.09,6789,2,1,1
2018-06-18,MIDDAY,703,4,3,0.04,5679,1,1,0
2018-06-18,EVENING,602,8,2,0.09,0679,2,1,1
2018-06-19,MIDDAY,802,9,1,0.05,0679,2,1,1
2018-06-19,EVENING,977,5,3,0.04,0679,2,1,1
2018-06-20,MIDDAY,395,4,1,0.05,0679,1,1,0
2018-06-20,EVENING,051,1,2,0.09,0579,2,1,1
2018-06-21,MIDDAY,464,4,1,0.05,0579,0,0,0
2018-06-21,EVENING,479,2,0,0.02,0579,2,1,1
2018-06-22,MIDDAY,681,8,1,0.05,5679,1,1,0
2018-06-22,EVENING,100,1,0,0.02,5679,0,0,0
2018-06-23,MIDDAY,789,9,1,0.05,0679,2,1,1
2018-06-23,EVENING,100,0,0,0.02,0789,1,1,0
2018-06-24,MIDDAY,041,5,0,0.02,0789,1,1,0
2018-06-24,EVENING,328,4,2,0.09,0679,0,0,0
2018-06-25,MIDDAY,925,6,1,0.05,0489,1,1,0
2018-06-25,EVENING,557,8,1,0.05,0489,1,1,0
2018-06-26,MIDDAY,453,9,1,0.05,0578,1,1,0
2018-06-26,EVENING,370,8,1,0.05,4589,1,1,0
2018-06-27,MIDDAY,549,8,1,0.05,0589,3,1,1
2018-06-27,EVENING,755,0,1,0.05,0589,2,1,1
2018-06-28,MIDDAY,126,3,1,0.05,0589,0,0,0
2018-06-28,EVENING,225,0,0,0.02,0589,2,1,1
2018-06-29,MIDDAY,958,2,1,0.05,0579,2,1,1
2018-06-29,EVENING,723,6,2,0.09,0589,0,0,0
2018-06-30,MIDDAY,387,0,1,0.05,0579,2,1,1
2018-06-30,EVENING,474,3,2,0.09,0578,1,1,0
2018-07-01,MIDDAY,624,6,2,0.09,0578,0,0,0
2018-07-01,EVENING,186,6,1,0.05,0578,1,1,0
2018-07-02,MIDDAY,162,5,1,0.05,0578,1,1,0
2018-07-02,EVENING,519,8,2,0.09,2578,2,1,1
2018-07-03,MIDDAY,668,0,2,0.09,2568,2,1,1
2018-07-03,EVENING,426,9,1,0.05,2568,2,1,1
2018-07-04,MIDDAY,978,7,1,0.05,2568,1,1,0
2018-07-04,EVENING,894,3,1,0.05,5678,1,1,0
2018-07-05,MIDDAY,820,4,2,0.09,5689,1,1,0
2018-07-05,EVENING,192,3,2,0.09,2589,2,1,1
2018-07-06,MIDDAY,023,2,1,0.05,2589,1,1,0
2018-07-06,EVENING,460,9,2,0.09,2589,1,1,0
2018-07-07,MIDDAY,663,8,1,0.05,2689,2,1,1
2018-07-07,EVENING,430,9,1,0.05,2689,1,1,0
2018-07-08,MIDDAY,925,9,1,0.05,0389,1,1,0
2018-07-08,EVENING,114,7,1,0.05,2389,0,0,0
2018-07-09,MIDDAY,844,8,0,0.02,2489,2,1,1
2018-07-09,EVENING,901,1,1,0.05,2489,1,1,0
2018-07-10,MIDDAY,379,5,0,0.02,2489,1,1,0
2018-07-10,EVENING,212,1,1,0.05,2389,1,1,0
2018-07-11,MIDDAY,438,5,0,0.02,2489,2,1,1
2018-07-11,EVENING,833,1,0,0.02,3489,2,1,1
2018-07-12,MIDDAY,758,1,2,0.09,3489,1,1,0
2018-07-12,EVENING,445,1,2,0.09,3489,1,1,0
2018-07-13,MIDDAY,458,3,2,0.09,1489,2,1,1
2018-07-13,EVENING,440,8,2,0.09,1489,2,1,1
2018-07-14,MIDDAY,112,5,2,0.09,1489,1,1,0
2018-07-14,EVENING,901,1,0,0.02,1458,1,1,0
2018-07-15,MIDDAY,990,8,1,0.05,1489,2,1,1
2018-07-15,EVENING,102,2,2,0.09,1489,1,1,0
2018-07-16,MIDDAY,137,1,1,0.05,1489,1,1,0
2018-07-16,EVENING,862,5,1,0.05,1489,1,1,0
2018-07-17,MIDDAY,460,0,0,0.02,1458,1,1,0
2018-07-17,EVENING,345,3,1,0.05,0148,1,1,0
2018-07-18,MIDDAY,589,6,1,0.05,1458,2,1,1
2018-07-18,EVENING,825,5,1,0.05,1458,2,1,1
2018-07-19,MIDDAY,317,8,2,0.09,1458,2,1,1
2018-07-19,EVENING,172,9,1,0.05,1358,1,1,0
2018-07-20,MIDDAY,582,9,2,0.09,1258,3,1,1
2018-07-20,EVENING,514,8,2,0.09,1258,3,1,1
2018-07-21,MIDDAY,216,1,2,0.09,1458,1,1,0
2018-07-21,EVENING,793,3,1,0.05,1258,0,0,0
2018-07-22,MIDDAY,512,9,0,0.02,1258,3,1,1
2018-07-22,EVENING,410,3,1,0.05,1258,1,1,0
2018-07-23,MIDDAY,841,0,1,0.05,1258,2,1,1
2018-07-23,EVENING,258,6,3,0.04,1258,3,1,1
2018-07-24,MIDDAY,737,1,1,0.05,1258,1,1,0
2018-07-24,EVENING,204,2,0,0.02,1258,1,1,0
2018-07-25,MIDDAY,336,1,0,0.02,1258,1,1,0
2018-07-25,EVENING,194,9,0,0.02,1258,1,1,0
2018-07-26,MIDDAY,108,3,1,0.05,1248,2,1,1
2018-07-26,EVENING,084,7,1,0.05,1238,1,1,0
2018-07-27,MIDDAY,519,3,2,0.09,0148,1,1,0
2018-07-27,EVENING,300,5,0,0.02,1348,1,1,0
2018-07-28,MIDDAY,316,6,2,0.09,1358,2,1,1
2018-07-28,EVENING,109,1,1,0.05,1358,1,1,0
2018-07-29,MIDDAY,683,2,1,0.05,1358,2,1,1
2018-07-29,EVENING,561,6,0,0.02,0138,1,1,0
2018-07-30,MIDDAY,519,4,1,0.05,1358,2,1,1
2018-07-30,EVENING,873,9,2,0.09,1358,2,1,1
2018-07-31,MIDDAY,309,3,1,0.05,1358,1,1,0
2018-07-31,EVENING,952,5,2,0.09,1389,1,1,0
2018-08-01,MIDDAY,649,5,1,0.05,1359,2,1,1
2018-08-01,EVENING,869,8,2,0.09,1359,1,1,0
2018-08-02,MIDDAY,175,2,2,0.09,1359,2,1,1
2018-08-02,EVENING,033,3,0,0.02,1359,1,1,0
2018-08-03,MIDDAY,721,0,0,0.02,1359,1,1,0
2018-08-03,EVENING,729,9,1,0.05,1359,1,1,0
2018-08-04,MIDDAY,163,9,2,0.09,1359,3,1,1
2018-08-04,EVENING,674,9,1,0.05,1359,1,1,0
2018-08-05,MIDDAY,445,3,2,0.09,1359,2,1,1
2018-08-05,EVENING,300,0,1,0.05,1359,1,1,0
2018-08-06,MIDDAY,427,0,1,0.05,1359,0,0,0
2018-08-06,EVENING,771,3,1,0.05,0139,2,1,1
2018-08-07,MIDDAY,740,2,1,0.05,0139,1,1,0
2018-08-07,EVENING,385,9,1,0.05,0139,2,1,1
2018-08-08,MIDDAY,452,5,0,0.02,0139,0,0,0
2018-08-08,EVENING,273,9,1,0.05,1359,2,1,1
2018-08-09,MIDDAY,499,6,1,0.05,1239,1,1,0
2018-08-09,EVENING,712,1,1,0.05,1239,2,1,1
2018-08-10,MIDDAY,101,2,0,0.02,2379,1,1,0
2018-08-10,EVENING,912,0,2,0.09,1239,3,1,1
2018-08-11,MIDDAY,478,9,3,0.04,1239,1,1,0
2018-08-11,EVENING,339,6,1,0.05,1279,1,1,0
2018-08-12,MIDDAY,813,5,1,0.05,2379,1,1,0
2018-08-12,EVENING,744,4,1,0.05,1239,0,0,0
2018-08-13,MIDDAY,268,9,0,0.02,1279,2,1,1
2018-08-13,EVENING,765,5,0,0.02,1279,1,1,0
2018-08-14,MIDDAY,851,8,1,0.05,1279,1,1,0
2018-08-14,EVENING,172,5,1,0.05,1279,3,1,1
2018-08-15,MIDDAY,211,4,2,0.09,1279,2,1,1
2018-08-15,EVENING,751,9,2,0.09,1279,3,1,1
2018-08-16,MIDDAY,229,7,1,0.05,1279,3,1,1
2018-08-16,EVENING,485,7,2,0.09,1279,1,1,0
2018-08-17,MIDDAY,502,3,1,0.05,1279,1,1,0
2018-08-17,EVENING,242,4,1,0.05,1257,1,1,0
2018-08-18,MIDDAY,373,6,1,0.05,1279,1,1,0
2018-08-18,EVENING,845,6,0,0.02,1257,1,1,0
2018-08-19,MIDDAY,617,9,1,0.05,1257,2,1,1
2018-08-19,EVENING,205,8,1,0.05,2579,2,1,1
2018-08-20,MIDDAY,193,1,0,0.02,2579,1,1,0
2018-08-20,EVENING,085,4,0,0.02,2579,1,1,0
2018-08-21,MIDDAY,155,8,0,0.02,2579,1,1,0
2018-08-21,EVENING,748,5,2,0.09,1257,2,1,1
2018-08-22,MIDDAY,532,6,2,0.09,1257,2,1,1
2018-08-22,EVENING,826,6,1,0.05,1257,1,1,0
2018-08-23,MIDDAY,239,1,2,0.09,2578,1,1,0
2018-08-23,EVENING,460,9,1,0.05,2578,0,0,0
2018-08-24,MIDDAY,371,7,1,0.05,2589,0,0,0
2018-08-24,EVENING,852,8,0,0.02,1257,2,1,1
2018-08-25,MIDDAY,162,1,0,0.02,2578,1,1,0
2018-08-25,EVENING,306,7,1,0.05,1258,0,0,0
2018-08-26,MIDDAY,694,9,1,0.05,1257,0,0,0
2018-08-26,EVENING,360,1,1,0.05,2567,1,1,0
2018-08-27,MIDDAY,844,7,1,0.05,1256,0,0,0
2018-08-27,EVENING,806,2,0,0.02,1267,2,1,1
2018-08-28,MIDDAY,880,8,1,0.05,2678,1,1,0
2018-08-28,EVENING,846,9,2,0.09,2678,2,1,1
2018-08-29,MIDDAY,630,0,1,0.05,2468,1,1,0
2018-08-29,EVENING,704,2,1,0.05,2468,2,1,1
2018-08-30,MIDDAY,952,9,1,0.05,2468,1,1,0
2018-08-30,EVENING,592,3,1,0.05,0268,1,1,0
2018-08-31,MIDDAY,493,6,3,0.04,2568,1,1,0
2018-08-31,EVENING,012,5,2,0.09,2689,1,1,0
2018-09-01,MIDDAY,497,5,0,0.02,2568,1,1,0
2018-09-01,EVENING,038,3,1,0.05,2569,0,0,0
2018-09-02,MIDDAY,030,3,0,0.02,2568,0,0,0
2018-09-02,EVENING,052,4,2,0.09,0236,2,1,1
2018-09-03,MIDDAY,379,8,1,0.05,0256,0,0,0
2018-09-03,EVENING,216,2,0,0.02,0239,1,1,0
2018-09-04,MIDDAY,074,7,0,0.02,0236,1,1,0
2018-09-04,EVENING,060,8,0,0.02,0236,2,1,1
2018-09-05,MIDDAY,712,9,1,0.05,0246,1,1,0
2018-09-05,EVENING,569,3,0,0.02,0268,1,1,0
2018-09-06,MIDDAY,537,3,1,0.05,0236,1,1,0
2018-09-06,EVENING,453,6,2,0.09,0236,2,1,1
2018-09-07,MIDDAY,797,6,2,0.09,0356,1,1,0
2018-09-07,EVENING,922,7,1,0.05,0356,0,0,0
2018-09-08,MIDDAY,114,5,2,0.09,2679,0,0,0
2018-09-08,EVENING,434,7,0,0.02,2567,1,1,0
2018-09-09,MIDDAY,206,4,1,0.05,3567,1,1,0
2018-09-09,EVENING,046,5,1,0.05,3467,2,1,1
2018-09-10,MIDDAY,125,2,3,0.04,3456,1,1,0
2018-09-10,EVENING,230,8,1,0.05,2456,1,1,0
2018-09-11,MIDDAY,634,9,1,0.05,2345,2,1,1
2018-09-11,EVENING,222,7,1,0.05,3456,0,0,0
2018-09-12,MIDDAY,345,7,0,0.02,2346,2,1,1
2018-09-12,EVENING,193,4,1,0.05,2345,2,1,1
2018-09-13,MIDDAY,047,5,2,0.09,2345,2,1,1
2018-09-13,EVENING,548,7,1,0.05,3457,3,1,1
2018-09-14,MIDDAY,611,8,3,0.04,3457,0,0,0
2018-09-14,EVENING,511,5,1,0.05,3457,1,1,0
2018-09-15,MIDDAY,843,1,1,0.05,3457,2,1,1
2018-09-15,EVENING,329,3,1,0.05,3457,1,1,0
2018-09-16,MIDDAY,239,5,1,0.05,3457,2,1,1
2018-09-16,EVENING,004,2,3,0.04,3457,1,1,0
2018-09-17,MIDDAY,600,4,1,0.05,2345,1,1,0
2018-09-17,EVENING,269,6,2,0.09,2345,1,1,0
2018-09-18,MIDDAY,676,3,1,0.05,2345,1,1,0
2018-09-18,EVENING,236,6,1,0.05,2346,3,1,1
2018-09-19,MIDDAY,649,1,2,0.09,2346,2,1,1
2018-09-19,EVENING,638,8,1,0.05,2346,2,1,1
2018-09-20,MIDDAY,830,8,1,0.05,2346,1,1,0
2018-09-20,EVENING,843,4,2,0.09,2346,2,1,1
2018-09-21,MIDDAY,375,6,2,0.09,2346,2,1,1
2018-09-21,EVENING,286,7,1,0.05,2346,2,1,1
2018-09-22,MIDDAY,979,5,2,0.09,2346,0,0,0
2018-09-22,EVENING,369,5,1,0.05,2346,2,1,1
2018-09-23,MIDDAY,332,3,2,0.09,3456,1,1,0
2018-09-23,EVENING,466,7,1,0.05,3456,2,1,1
2018-09-24,MIDDAY,711,1,0,0.02,3467,1,1,0
2018-09-24,EVENING,218,9,1,0.05,3467,0,0,0
2018-09-25,MIDDAY,949,2,1,0.05,3467,1,1,0
2018-09-25,EVENING,458,6,2,0.09,2346,2,1,1
2018-09-26,MIDDAY,867,5,1,0.05,2346,1,1,0
2018-09-26,EVENING,873,5,3,0.04,2346,1,1,0
2018-09-27,MIDDAY,860,1,3,0.04,3567,1,1,0
2018-09-27,EVENING,525,1,1,0.05,3678,0,0,0
2018-09-28,MIDDAY,875,4,1,0.05,2367,1,1,0
2018-09-28,EVENING,618,2,1,0.05,5678,2,1,1
2018-09-29,MIDDAY,841,9,1,0.05,5678,1,1,0
2018-09-29,EVENING,722,4,2,0.09,4568,1,1,0
2018-09-30,MIDDAY,932,2,1,0.05,4678,0,0,0
2018-09-30,EVENING,389,9,1,0.05,3678,2,1,1
2018-10-01,MIDDAY,743,6,2,0.09,3678,3,1,1
2018-10-01,EVENING,617,4,1,0.05,3468,2,1,1
2018-10-02,MIDDAY,020,0,3,0.04,4678,0,0,0
2018-10-02,EVENING,380,3,0,0.02,2478,1,1,0
2018-10-03,MIDDAY,553,4,1,0.05,3478,2,1,1
2018-10-03,EVENING,830,8,1,0.05,3468,2,1,1
2018-10-04,MIDDAY,901,1,1,0.05,3478,0,0,0
2018-10-04,EVENING,938,1,1,0.05,3478,2,1,1
2018-10-05,MIDDAY,602,9,2,0.09,1348,0,0,0
2018-10-05,EVENING,486,8,1,0.05,3468,3,1,1
2018-10-06,MIDDAY,903,0,1,0.05,3468,1,1,0
2018-10-06,EVENING,243,8,0,0.02,3489,3,1,1
2018-10-07,MIDDAY,333,9,1,0.05,3489,2,1,1
2018-10-07,EVENING,101,5,1,0.05,3489,0,0,0
2018-10-08,MIDDAY,345,3,0,0.02,3489,2,1,1
2018-10-08,EVENING,438,5,1,0.05,3489,3,1,1
2018-10-09,MIDDAY,777,9,3,0.04,0348,0,0,0
2018-10-09,EVENING,454,3,0,0.02,3489,2,1,1
2018-10-10,MIDDAY,434,5,0,0.02,3489,2,1,1
2018-10-10,EVENING,676,2,3,0.04,0348,0,0,0
2018-10-11,MIDDAY,668,9,0,0.02,3489,2,1,1
2018-10-11,EVENING,255,8,1,0.05,3489,1,1,0
2018-10-12,MIDDAY,121,2,1,0.05,3489,0,0,0
2018-10-12,EVENING,571,6,1,0.05,3458,1,1,0
2018-10-13,MIDDAY,907,5,1,0.05,3458,1,1,0
2018-10-13,EVENING,701,6,2,0.09,3458,0,0,0
2018-10-14,MIDDAY,822,7,2,0.09,3568,1,1,0
2018-10-14,EVENING,848,1,1,0.05,3578,1,1,0
2018-10-15,MIDDAY,180,9,1,0.05,3458,1,1,0
2018-10-15,EVENING,338,5,2,0.09,3589,3,1,1
2018-10-16,MIDDAY,959,9,1,0.05,3589,2,1,1
2018-10-16,EVENING,654,8,1,0.05,3589,2,1,1
2018-10-17,MIDDAY,460,1,1,0.05,3589,0,0,0
2018-10-17,EVENING,026,1,2,0.09,4568,1,1,0
2018-10-18,MIDDAY,965,2,3,0.04,1458,1,1,0
2018-10-18,EVENING,877,6,2,0.09,1568,2,1,1
2018-10-19,MIDDAY,734,1,1,0.05,1568,1,1,0
2018-10-19,EVENING,620,0,1,0.05,1568,1,1,0
2018-10-20,MIDDAY,215,5,0,0.02,1568,2,1,1
2018-10-20,EVENING,770,2,1,0.05,1568,0,0,0
2018-10-21,MIDDAY,455,6,1,0.05,1568,2,1,1
2018-10-21,EVENING,741,2,0,0.02,1568,1,1,0
2018-10-22,MIDDAY,447,0,1,0.05,1256,0,0,0
2018-10-22,EVENING,094,7,2,0.09,1246,1,1,0
2018-10-23,MIDDAY,379,4,3,0.04,2467,2,1,1
2018-10-23,EVENING,805,1,3,0.04,1467,1,1,0
2018-10-24,MIDDAY,027,3,0,0.02,0147,2,1,1
2018-10-24,EVENING,985,4,1,0.05,0247,1,1,0
2018-10-25,MIDDAY,459,9,0,0.02,0457,2,1,1
2018-10-25,EVENING,400,9,3,0.04,0457,2,1,1
2018-10-26,MIDDAY,407,2,2,0.09,0457,3,1,1
2018-10-26,EVENING,778,8,2,0.09,0457,1,1,0
2018-10-27,MIDDAY,096,4,1,0.05,0457,2,1,1
2018-10-27,EVENING,980,9,0,0.02,0479,2,1,1
2018-10-28,MIDDAY,457,5,2,0.09,0479,2,1,1
2018-10-28,EVENING,348,2,0,0.02,0479,1,1,0
2018-10-29,MIDDAY,988,0,1,0.05,0479,2,1,1
2018-10-29,EVENING,972,2,1,0.05,0479,2,1,1
2018-10-30,MIDDAY,429,1,1,0.05,0479,2,1,1
2018-10-30,EVENING,359,8,2,0.09,0479,1,1,0
2018-10-31,MIDDAY,486,8,1,0.05,0479,1,1,0
2018-10-31,EVENING,180,5,1,0.05,4789,1,1,0
2018-11-01,MIDDAY,294,4,1,0.05,0489,2,1,1
2018-11-01,EVENING,148,6,0,0.02,0489,2,1,1
2018-11-02,MIDDAY,327,2,1,0.05,0489,0,0,0
2018-11-02,EVENING,525,4,0,0.02,4789,1,1,0
2018-11-03,MIDDAY,960,6,1,0.05,2489,1,1,0
2018-11-03,EVENING,122,1,0,0.02,2489,1,1,0
2018-11-04,MIDDAY,264,7,0,0.02,2489,2,1,1
2018-11-04,EVENING,325,6,1,0.05,2489,1,1,0
2018-11-05,MIDDAY,058,6,2,0.09,2489,1,1,0
2018-11-05,EVENING,630,4,2,0.09,2489,1,1,0
2018-11-06,MIDDAY,985,3,2,0.09,0249,1,1,0
2018-11-06,EVENING,395,9,1,0.05,2489,1,1,0
2018-11-07,MIDDAY,897,4,3,0.04,0249,2,1,1
2018-11-07,EVENING,539,1,1,0.05,2489,1,1,0
2018-11-08,MIDDAY,577,8,1,0.05,4589,2,1,1
2018-11-08,EVENING,853,7,1,0.05,4589,2,1,1
2018-11-09,MIDDAY,111,7,3,0.04,4589,0,0,0
2018-11-09,EVENING,981,2,1,0.05,4589,2,1,1
2018-11-10,MIDDAY,428,2,1,0.05,4589,2,1,1
2018-11-10,EVENING,847,8,2,0.09,4589,2,1,1
2018-11-11,MIDDAY,645,4,2,0.09,4589,2,1,1
2018-11-11,EVENING,935,3,1,0.05,4589,2,1,1
2018-11-12,MIDDAY,305,5,1,0.05,4589,1,1,0
2018-11-12,EVENING,104,9,2,0.09,4589,2,1,1
2018-11-13,MIDDAY,608,0,1,0.05,4589,1,1,0
2018-11-13,EVENING,740,0,1,0.05,4589,1,1,0
2018-11-14,MIDDAY,010,6,1,0.05,4589,0,0,0
2018-11-14,EVENING,613,4,1,0.05,0458,1,1,0
2018-11-15,MIDDAY,849,4,2,0.09,0458,2,1,1
2018-11-15,EVENING,472,6,1,0.05,4589,1,1,0
2018-11-16,MIDDAY,598,0,1,0.05,4589,3,1,1
2018-11-16,EVENING,624,8,0,0.02,4589,2,1,1
2018-11-17,MIDDAY,680,6,1,0.05,4589,1,1,0
2018-11-17,EVENING,861,8,2,0.09,0489,1,1,0
2018-11-18,MIDDAY,494,1,2,0.09,4689,2,1,1
2018-11-18,EVENING,774,9,1,0.05,4689,2,1,1
2018-11-19,MIDDAY,323,8,2,0.09,4689,1,1,0
2018-11-19,EVENING,712,6,0,0.02,4689,1,1,0
2018-11-20,MIDDAY,389,6,1,0.05,4689,3,1,1
2018-11-20,EVENING,884,6,1,0.05,4689,3,1,1
2018-11-21,MIDDAY,729,3,2,0.09,4689,1,1,0
2018-11-21,EVENING,676,4,0,0.02,4689,2,1,1
2018-11-22,MIDDAY,591,4,1,0.05,4689,2,1,1
2018-11-22,EVENING,490,4,1,0.05,4689,2,1,1
2018-11-23,MIDDAY,530,1,2,0.09,4689,0,0,0
2018-11-23,EVENING,785,4,1,0.05,4689,2,1,1
2018-11-24,MIDDAY,133,1,1,0.05,4689,0,0,0
2018-11-24,EVENING,160,5,0,0.02,4689,1,1,0
2018-11-25,MIDDAY,652,1,1,0.05,1468,2,1,1
2018-11-25,EVENING,726,2,3,0.04,1468,1,1,0
2018-11-26,MIDDAY,829,8,2,0.09,1468,1,1,0
2018-11-26,EVENING,939,3,1,0.05,1468,0,0,0
2018-11-27,MIDDAY,436,2,1,0.05,4689,2,1,1
2018-11-27,EVENING,689,5,1,0.05,4689,3,1,1
2018-11-28,MIDDAY,485,5,1,0.05,4689,2,1,1
2018-11-28,EVENING,144,7,2,0.09,4689,1,1,0
2018-11-29,MIDDAY,280,0,1,0.05,4689,1,1,0
2018-11-29,EVENING,718,9,0,0.02,4689,2,1,1
2018-11-30,MIDDAY,732,0,1,0.05,4689,0,0,0
2018-11-30,EVENING,072,5,1,0.05,4689,0,0,0
2018-12-01,MIDDAY,729,4,3,0.04,2789,3,1,1
2018-12-01,EVENING,420,6,2,0.09,2478,2,1,1
2018-12-02,MIDDAY,332,6,2,0.09,2467,2,1,1
2018-12-02,EVENING,963,5,2,0.09,2467,1,1,0
2018-12-03,MIDDAY,136,3,2,0.09,2467,1,1,0
2018-12-03,EVENING,824,4,2,0.09,2467,2,1,1
2018-12-04,MIDDAY,136,7,0,0.02,2469,1,1,0
2018-12-04,EVENING,121,4,0,0.02,2346,2,1,1
2018-12-05,MIDDAY,466,0,1,0.05,2346,2,1,1
2018-12-05,EVENING,703,8,1,0.05,2346,1,1,0
2018-12-06,MIDDAY,252,1,1,0.05,2346,1,1,0
2018-12-06,EVENING,761,8,0,0.02,1246,2,1,1
2018-12-07,MIDDAY,254,5,1,0.05,1246,2,1,1
2018-12-07,EVENING,161,1,0,0.02,1246,2,1,1
2018-12-08,MIDDAY,355,3,0,0.02,1246,0,0,0
2018-12-08,EVENING,111,5,0,0.02,1246,1,1,0
2018-12-09,MIDDAY,642,8,1,0.05,1246,3,1,1
2018-12-09,EVENING,474,9,0,0.02,1246,1,1,0
2018-12-10,MIDDAY,093,5,1,0.05,1246,0,0,0
2018-12-10,EVENING,822,3,1,0.05,1246,1,1,0
2018-12-11,MIDDAY,504,1,1,0.05,1246,2,1,1
2018-12-11,EVENING,116,2,0,0.02,1246,3,1,1
2018-12-12,MIDDAY,420,8,1,0.05,1246,2,1,1
2018-12-12,EVENING,649,3,1,0.05,1246,2,1,1
2018-12-13,MIDDAY,255,5,1,0.05,2346,1,1,0
2018-12-13,EVENING,974,3,0,0.02,2346,2,1,1
2018-12-14,MIDDAY,611,4,0,0.02,2346,2,1,1
2018-12-14,EVENING,779,5,1,0.05,2346,0,0,0
2018-12-15,MIDDAY,523,4,0,0.02,1246,2,1,1
2018-12-15,EVENING,925,1,1,0.05,1245,3,1,1
2018-12-16,MIDDAY,521,1,2,0.09,1245,3,1,1
2018-12-16,EVENING,539,1,3,0.04,1245,2,1,1
2018-12-17,MIDDAY,403,6,2,0.09,1245,1,1,0
2018-12-17,EVENING,909,7,1,0.05,1245,0,0,0
2018-12-18,MIDDAY,460,3,1,0.05,1245,1,1,0
2018-12-18,EVENING,442,2,1,0.05,1245,2,1,1
2018-12-19,MIDDAY,585,6,1,0.05,2345,1,1,0
2018-12-19,EVENING,723,2,0,0.02,2345,2,1,1
2018-12-20,MIDDAY,754,4,0,0.02,2345,2,1,1
2018-12-20,EVENING,875,5,1,0.05,2345,1,1,0
2018-12-21,MIDDAY,038,5,2,0.09,2345,2,1,1
2018-12-21,EVENING,335,4,2,0.09,2345,3,1,1
2018-12-22,MIDDAY,664,5,2,0.09,2345,2,1,1
2018-12-22,EVENING,714,0,2,0.09,2345,1,1,0
2018-12-23,MIDDAY,043,4,1,0.05,2345,2,1,1
2018-12-23,EVENING,987,8,2,0.09,2345,0,0,0
2018-12-24,MIDDAY,712,0,0,0.02,3457,1,1,0
2018-12-24,EVENING,280,5,1,0.05,3457,1,1,0
2018-12-25,MIDDAY,494,4,2,0.09,3457,1,1,0
2018-12-25,EVENING,478,5,0,0.02,3457,3,1,1
2018-12-26,MIDDAY,716,8,1,0.05,3457,1,1,0
2018-12-26,EVENING,137,4,2,0.09,3457,3,1,1
2018-12-27,MIDDAY,936,0,2,0.09,3457,1,1,0
2018-12-27,EVENING,986,9,1,0.05,3457,0,0,0
2018-12-28,MIDDAY,525,8,2,0.09,3457,1,1,0
2018-12-28,EVENING,602,8,1,0.05,4578,1,1,0
2018-12-29,MIDDAY,900,7,2,0.09,4578,1,1,0
2018-12-29,EVENING,605,2,1,0.05,0478,1,1,0
2018-12-30,MIDDAY,483,6,1,0.05,0457,1,1,0
2018-12-30,EVENING,405,2,1,0.05,4568,2,1,1
2018-12-31,MIDDAY,059,7,1,0.05,0458,2,1,1
2018-12-31,EVENING,320,8,2,0.09,0458,2,1,1
2019-01-01,MIDDAY,119,7,1,0.05,0458,0,0,0
2019-01-01,EVENING,931,4,0,0.02,0458,1,1,0
2019-01-02,MIDDAY,431,0,2,0.09,0458,2,1,1
2019-01-02,EVENING,831,3,3,0.04,0345,1,1,0
2019-01-03,MIDDAY,710,9,2,0.09,0348,1,1,0
2019-01-03,EVENING,747,8,1,0.05,0347,2,1,1
2019-01-04,MIDDAY,830,9,1,0.05,0478,2,1,1
2019-01-04,EVENING,065,3,1,0.05,0348,2,1,1
2019-01-05,MIDDAY,692,1,2,0.09,0378,0,0,0
2019-01-05,EVENING,389,4,1,0.05,0389,3,1,1
2019-01-06,MIDDAY,226,3,1,0.05,0389,1,1,0
2019-01-06,EVENING,737,2,1,0.05,0349,1,1,0
2019-01-07,MIDDAY,426,2,2,0.09,0389,0,0,0
2019-01-07,EVENING,587,0,1,0.05,0349,1,1,0
2019-01-08,MIDDAY,559,2,0,0.02,0389,1,1,0
2019-01-08,EVENING,960,1,1,0.05,0239,2,1,1
2019-01-09,MIDDAY,817,3,1,0.05,0239,1,1,0
2019-01-09,EVENING,674,7,1,0.05,0239,0,0,0
2019-01-10,MIDDAY,156,5,1,0.05,0379,0,0,0
2019-01-10,EVENING,677,7,1,0.05,0367,2,1,1
2019-01-11,MIDDAY,932,9,1,0.05,0367,1,1,0
2019-01-11,EVENING,186,4,0,0.02,0367,1,1,0
2019-01-12,MIDDAY,854,6,0,0.02,0367,1,1,0
2019-01-12,EVENING,315,6,3,0.04,3678,2,1,1
2019-01-13,MIDDAY,846,8,2,0.09,1368,2,1,1
2019-01-13,EVENING,763,2,1,0.05,3468,2,1,1
2019-01-14,MIDDAY,148,8,1,0.05,3468,2,1,1
2019-01-14,EVENING,902,3,0,0.02,3468,1,1,0
2019-01-15,MIDDAY,513,4,0,0.02,3468,2,1,1
2019-01-15,EVENING,702,2,1,0.05,3468,0,0,0
2019-01-16,MIDDAY,080,3,0,0.02,3468,2,1,1
2019-01-16,EVENING,096,7,1,0.05,3468,1,1,0
2019-01-17,MIDDAY,356,2,1,0.05,0368,2,1,1
2019-01-17,EVENING,748,1,1,0.05,2368,1,1,0
2019-01-18,MIDDAY,697,4,0,0.02,3678,2,1,1
2019-01-18,EVENING,596,1,2,0.09,3467,1,1,0
2019-01-19,MIDDAY,819,7,2,0.09,3467,1,1,0
2019-01-19,EVENING,454,3,2,0.09,1679,0,0,0
2019-01-20,MIDDAY,181,6,0,0.02,1367,2,1,1
2019-01-20,EVENING,154,7,0,0.02,1368,1,1,0
2019-01-21,MIDDAY,761,8,1,0.05,1678,4,1,1
2019-01-21,EVENING,058,9,2,0.09,1678,1,1,0
2019-01-22,MIDDAY,783,5,1,0.05,1678,2,1,1
2019-01-22,EVENING,214,2,2,0.09,1678,1,1,0
2019-01-23,MIDDAY,395,7,0,0.02,1678,1,1,0
2019-01-23,EVENING,993,8,0,0.02,1368,2,1,1
2019-01-24,MIDDAY,501,8,2,0.09,1378,2,1,1
2019-01-24,EVENING,041,3,1,0.05,1358,2,1,1
2019-01-25,MIDDAY,196,0,2,0.09,1378,1,1,0
2019-01-25,EVENING,126,2,2,0.09,1378,1,1,0
2019-01-26,MIDDAY,479,4,2,0.09,1368,0,0,0
2019-01-26,EVENING,003,8,0,0.02,1389,2,1,1
2019-01-27,MIDDAY,171,5,0,0.02,1389,1,1,0
2019-01-27,EVENING,710,9,0,0.02,1378,2,1,1
2019-01-28,MIDDAY,460,1,2,0.09,1789,1,1,0
2019-01-28,EVENING,234,7,2,0.09,1678,1,1,0
2019-01-29,MIDDAY,958,3,1,0.05,1679,1,1,0
2019-01-29,EVENING,367,4,1,0.05,1367,3,1,1
2019-01-30,MIDDAY,287,3,1,0.05,1367,2,1,1
2019-01-30,EVENING,080,0,2,0.09,1378,1,1,0
2019-01-31,MIDDAY,974,8,1,0.05,1378,2,1,1
2019-01-31,EVENING,846,6,1,0.05,1378,1,1,0
2019-02-01,MIDDAY,326,6,2,0.09,1478,0,0,0
2019-02-01,EVENING,023,3,1,0.05,1378,1,1,0
2019-02-02,MIDDAY,879,0,2,0.09,1378,2,1,1
2019-02-02,EVENING,644,2,1,0.05,0378,0,0,0
2019-02-03,MIDDAY,690,7,0,0.02,3478,1,1,0
2019-02-03,EVENING,803,1,1,0.05,3678,2,1,1
2019-02-04,MIDDAY,859,8,1,0.05,0378,1,1,0
2019-02-04,EVENING,695,6,1,0.05,0378,0,0,0
2019-02-05,MIDDAY,177,1,2,0.09,3689,0,0,0
2019-02-05,EVENING,686,3,0,0.02,0678,2,1,1
2019-02-06,MIDDAY,244,2,0,0.02,3678,0,0,0
2019-02-06,EVENING,029,3,0,0.02,3678,1,1,0
2019-02-07,MIDDAY,691,7,1,0.05,3789,2,1,1
2019-02-07,EVENING,494,6,1,0.05,3789,1,1,0
2019-02-08,MIDDAY,377,4,2,0.09,6789,1,1,0
2019-02-08,EVENING,035,5,1,0.05,3679,1,1,0
2019-02-09,MIDDAY,110,4,1,0.05,3679,0,0,0
2019-02-09,EVENING,190,4,1,0.05,3467,1,1,0
2019-02-10,MIDDAY,859,3,3,0.04,3479,2,1,1
2019-02-10,EVENING,053,8,1,0.05,3489,2,1,1
2019-02-11,MIDDAY,060,3,3,0.04,0389,2,1,1
2019-02-11,EVENING,885,8,2,0.09,0389,1,1,0
2019-02-12,MIDDAY,854,6,0,0.02,0389,1,1,0
2019-02-12,EVENING,012,2,2,0.09,0389,1,1,0
2019-02-13,MIDDAY,677,4,0,0.02,0368,1,1,0
2019-02-13,EVENING,374,2,0,0.02,0368,1,1,0
2019-02-14,MIDDAY,234,1,2,0.09,0348,2,1,1
2019-02-14,EVENING,253,5,3,0.04,0348,1,1,0
2019-02-15,MIDDAY,511,0,2,0.09,0346,1,1,0
2019-02-15,EVENING,764,5,1,0.05,0345,2,1,1
2019-02-16,MIDDAY,789,9,1,0.05,0345,0,0,0
2019-02-16,EVENING,769,1,1,0.05,0345,0,0,0
2019-02-17,MIDDAY,888,7,2,0.09,3467,1,1,0
2019-02-17,EVENING,319,0,1,0.05,0347,2,1,1
2019-02-18,MIDDAY,816,0,0,0.02,0347,1,1,0
2019-02-18,EVENING,117,6,2,0.09,0134,1,1,0
2019-02-19,MIDDAY,590,8,2,0.09,0137,1,1,0
2019-02-19,EVENING,707,3,0,0.02,0167,2,1,1
2019-02-20,MIDDAY,954,4,1,0.05,0137,0,0,0
2019-02-20,EVENING,384,2,0,0.02,0378,2,1,1
2019-02-21,MIDDAY,683,9,1,0.05,0378,2,1,1
2019-02-21,EVENING,033,0,2,0.09,0389,2,1,1
2019-02-22,MIDDAY,371,2,1,0.05,0389,1,1,0
2019-02-22,EVENING,486,2,1,0.05,0378,1,1,0
2019-02-23,MIDDAY,540,3,1,0.05,0368,2,1,1
2019-02-23,EVENING,740,2,1,0.05,0348,2,1,1
2019-02-24,MIDDAY,051,8,2,0.09,0347,1,1,0
2019-02-24,EVENING,029,0,1,0.05,0348,1,1,0
2019-02-25,MIDDAY,951,7,1,0.05,0347,1,1,0
2019-02-25,EVENING,825,0,1,0.05,0347,1,1,0
2019-02-26,MIDDAY,387,2,1,0.05,0378,3,1,1
2019-02-26,EVENING,504,2,2,0.09,0378,1,1,0
2019-02-27,MIDDAY,086,6,1,0.05,0578,2,1,1
2019-02-27,EVENING,800,5,1,0.05,0578,3,1,1
2019-02-28,MIDDAY,682,8,2,0.09,0578,1,1,0
2019-02-28,EVENING,146,1,1,0.05,0258,0,0,0
2019-03-01,MIDDAY,624,9,1,0.05,0258,1,1,0
2019-03-01,EVENING,524,6,2,0.09,0248,2,1,1
2019-03-02,MIDDAY,336,0,3,0.04,0248,1,1,0
2019-03-02,EVENING,826,0,1,0.05,0268,4,1,1
2019-03-03,MIDDAY,079,6,2,0.09,0268,2,1,1
2019-03-03,EVENING,431,7,2,0.09,0268,0,0,0
2019-03-04,MIDDAY,911,0,1,0.05,0246,1,1,0
2019-03-04,EVENING,209,6,1,0.05,0246,3,1,1
2019-03-05,MIDDAY,391,1,2,0.09,0246,0,0,0
2019-03-05,EVENING,277,6,1,0.05,0236,2,1,1
2019-03-06,MIDDAY,725,7,0,0.02,0246,1,1,0
2019-03-06,EVENING,674,0,2,0.09,0267,3,1,1
2019-03-07,MIDDAY,089,3,1,0.05,0267,1,1,0
2019-03-07,EVENING,246,5,1,0.05,0267,2,1,1
2019-03-08,MIDDAY,189,2,0,0.02,0267,1,1,0
2019-03-08,EVENING,212,2,1,0.05,0269,1,1,0
2019-03-09,MIDDAY,313,4,2,0.09,0269,0,0,0
2019-03-09,EVENING,130,6,1,0.05,0126,3,1,1
2019-03-10,MIDDAY,157,6,2,0.09,0126,2,1,1
2019-03-10,EVENING,286,2,2,0.09,0126,2,1,1
2019-03-11,MIDDAY,645,6,1,0.05,0126,1,1,0
2019-03-11,EVENING,911,7,1,0.05,0126,1,1,0
2019-03-12,MIDDAY,368,1,0,0.02,0126,2,1,1
2019-03-12,EVENING,030,8,1,0.05,0126,1,1,0
2019-03-13,MIDDAY,481,2,2,0.09,0126,2,1,1
2019-03-13,EVENING,614,6,1,0.05,0126,2,1,1
2019-03-14,MIDDAY,654,1,2,0.09,0126,2,1,1
2019-03-14,EVENING,646,9,3,0.04,0126,1,1,0
2019-03-15,MIDDAY,821,3,2,0.09,1246,2,1,1
2019-03-15,EVENING,192,6,0,0.02,1246,3,1,1
2019-03-16,MIDDAY,624,0,2,0.09,1246,3,1,1
2019-03-16,EVENING,416,2,2,0.09,1246,4,1,1
2019-03-17,MIDDAY,406,0,3,0.04,1246,2,1,1
2019-03-17,EVENING,185,0,2,0.09,1246,1,1,0
2019-03-18,MIDDAY,701,1,1,0.05,1246,1,1,0
2019-03-18,EVENING,067,6,2,0.09,1246,1,1,0
2019-03-19,MIDDAY,077,1,2,0.09,0146,2,1,1
2019-03-19,EVENING,555,5,2,0.09,0126,0,0,0
2019-03-20,MIDDAY,024,5,0,0.02,0126,2,1,1
2019-03-20,EVENING,251,9,1,0.05,0126,2,1,1
2019-03-21,MIDDAY,830,7,2,0.09,0126,1,1,0
2019-03-21,EVENING,644,5,0,0.02,0126,1,1,0
2019-03-22,MIDDAY,428,7,0,0.02,0146,1,1,0
2019-03-22,EVENING,767,7,1,0.05,0146,1,1,0
2019-03-23,MIDDAY,176,1,1,0.05,0146,2,1,1
2019-03-23,EVENING,949,6,2,0.09,0146,2,1,1
2019-03-24,MIDDAY,743,8,1,0.05,0146,1,1,0
2019-03-24,EVENING,216,8,1,0.05,1467,2,1,1
2019-03-25,MIDDAY,698,2,1,0.05,1246,2,1,1
2019-03-25,EVENING,130,3,3,0.04,1246,1,1,0
2019-03-26,MIDDAY,362,4,0,0.02,1246,3,1,1
2019-03-26,EVENING,788,0,1,0.05,1246,0,0,0
2019-03-27,MIDDAY,851,4,0,0.02,1246,2,1,1
2019-03-27,EVENING,813,2,1,0.05,1246,2,1,1
2019-03-28,MIDDAY,119,9,2,0.09,1246,1,1,0
2019-03-28,EVENING,980,8,1,0.05,1468,1,1,0
2019-03-29,MIDDAY,862,6,1,0.05,0168,2,1,1
2019-03-29,EVENING,415,5,1,0.05,0168,1,1,0
2019-03-30,MIDDAY,514,2,0,0.02,1268,2,1,1
2019-03-30,EVENING,151,5,3,0.04,1248,1,1,0
2019-03-31,MIDDAY,360,3,2,0.09,1248,0,0,0
2019-03-31,EVENING,382,7,0,0.02,1468,1,1,0
2019-04-01,MIDDAY,065,3,1,0.05,1268,1,1,0
2019-04-01,EVENING,796,6,1,0.05,1268,1,1,0
2019-04-02,MIDDAY,526,4,1,0.05,1268,2,1,1
2019-04-02,EVENING,210,2,1,0.05,1268,2,1,1
2019-04-03,MIDDAY,619,9,1,0.05,1246,2,1,1
2019-04-03,EVENING,574,5,1,0.05,1268,0,0,0
2019-04-04,MIDDAY,921,0,0,0.02,1246,2,1,1
2019-04-04,EVENING,197,7,0,0.02,1246,1,1,0
2019-04-05,MIDDAY,454,0,2,0.09,1246,1,1,0
2019-04-05,EVENING,435,7,0,0.02,0126,0,0,0
2019-04-06,MIDDAY,959,5,2,0.09,1256,1,1,0
2019-04-06,EVENING,923,1,1,0.05,1245,2,1,1
2019-04-07,MIDDAY,640,3,1,0.05,1245,1,1,0
2019-04-07,EVENING,315,9,1,0.05,1245,2,1,1
2019-04-08,MIDDAY,425,8,1,0.05,1459,2,1,1
2019-04-08,EVENING,384,5,1,0.05,1245,2,1,1
2019-04-09,MIDDAY,040,4,3,0.04,1245,1,1,0
2019-04-09,EVENING,498,0,1,0.05,0145,2,1,1
2019-04-10,MIDDAY,096,0,2,0.09,0145,1,1,0
2019-04-10,EVENING,228,0,2,0.09,0145,1,1,0
2019-04-11,MIDDAY,852,2,1,0.05,0145,1,1,0
2019-04-11,EVENING,366,9,2,0.09,0245,0,0,0
2019-04-12,MIDDAY,928,0,0,0.02,0459,2,1,1
2019-04-12,EVENING,262,7,1,0.05,0259,1,1,0
2019-04-13,MIDDAY,839,5,1,0.05,0259,2,1,1
2019-04-13,EVENING,058,4,0,0.02,0259,2,1,1
2019-04-14,MIDDAY,481,7,2,0.09,0459,1,1,0
2019-04-14,EVENING,520,1,2,0.09,4589,1,1,0
2019-04-15,MIDDAY,716,0,1,0.05,0258,1,1,0
2019-04-15,EVENING,532,0,2,0.09,0458,2,1,1
2019-04-16,MIDDAY,776,5,1,0.05,0258,1,1,0
2019-04-16,EVENING,338,3,1,0.05,0258,1,1,0
2019-04-17,MIDDAY,393,7,0,0.02,0258,0,0,0
2019-04-17,EVENING,166,8,1,0.05,0358,1,1,0
2019-04-18,MIDDAY,780,0,0,0.02,0358,2,1,1
2019-04-18,EVENING,166,9,1,0.05,0358,0,0,0
2019-04-19,MIDDAY,184,5,0,0.02,0158,3,1,1
2019-04-19,EVENING,744,2,1,0.05,0158,0,0,0
2019-04-20,MIDDAY,297,1,1,0.05,0158,1,1,0
2019-04-20,EVENING,759,3,2,0.09,0258,1,1,0
2019-04-21,MIDDAY,187,7,2,0.09,0589,1,1,0
2019-04-21,EVENING,382,6,1,0.05,1789,1,1,0
2019-04-22,MIDDAY,631,6,1,0.05,5789,0,0,0
2019-04-22,EVENING,058,6,2,0.09,1578,2,1,1
2019-04-23,MIDDAY,133,4,1,0.05,1578,1,1,0
2019-04-23,EVENING,626,2,0,0.02,1358,0,0,0
2019-04-24,MIDDAY,361,8,0,0.02,1568,3,1,1
2019-04-24,EVENING,817,4,1,0.05,1368,2,1,1
2019-04-25,MIDDAY,600,8,2,0.09,1368,2,1,1
2019-04-25,EVENING,432,1,1,0.05,1368,2,1,1
2019-04-26,MIDDAY,665,0,0,0.02,1368,1,1,0
2019-04-26,EVENING,384,3,0,0.02,1368,2,1,1
2019-04-27,MIDDAY,491,1,0,0.02,1368,1,1,0
2019-04-27,EVENING,897,8,1,0.05,1368,1,1,0
2019-04-28,MIDDAY,044,4,1,0.05,1368,0,0,0
2019-04-28,EVENING,659,7,0,0.02,1468,1,1,0
2019-04-29,MIDDAY,897,2,0,0.02,1468,1,1,0
2019-04-29,EVENING,531,6,2,0.09,1478,1,1,0
2019-04-30,MIDDAY,126,4,0,0.02,1468,3,1,1
2019-04-30,EVENING,388,9,2,0.09,1468,1,1,0
2019-05-01,MIDDAY,509,5,0,0.02,1689,1,1,0
2019-05-01,EVENING,839,2,1,0.05,1689,2,1,1
2019-05-02,MIDDAY,976,9,1,0.05,3689,2,1,1
2019-05-02,EVENING,819,3,1,0.05,3689,3,1,1
2019-05-03,MIDDAY,439,4,1,0.05,3689,2,1,1
2019-05-03,EVENING,774,0,2,0.09,3689,0,0,0
2019-05-04,MIDDAY,741,2,1,0.05,3689,0,0,0
2019-05-04,EVENING,927,3,2,0.09,1389,2,1,1
2019-05-05,MIDDAY,394,0,2,0.09,1389,2,1,1
2019-05-05,EVENING,256,9,2,0.09,3489,1,1,0
2019-05-06,MIDDAY,149,1,1,0.05,3489,2,1,1
2019-05-06,EVENING,408,1,1,0.05,1349,2,1,1
2019-05-07,MIDDAY,981,5,2,0.09,1489,3,1,1
2019-05-07,EVENING,143,2,2,0.09,1489,2,1,1
2019-05-08,MIDDAY,259,8,1,0.05,1349,1,1,0
2019-05-08,EVENING,360,4,1,0.05,1489,1,1,0
2019-05-09,MIDDAY,110,3,0,0.02,1349,2,1,1
2019-05-09,EVENING,209,6,2,0.09,1349,1,1,0
2019-05-10,MIDDAY,399,6,1,0.05,1349,2,1,1
2019-05-10,EVENING,220,3,2,0.09,1349,1,1,0
2019-05-11,MIDDAY,867,6,1,0.05,1239,0,0,0
2019-05-11,EVENING,498,9,0,0.02,1389,2,1,1
2019-05-12,MIDDAY,461,1,1,0.05,3489,1,1,0
2019-05-12,EVENING,737,1,1,0.05,1349,2,1,1
2019-05-13,MIDDAY,080,9,1,0.05,1349,1,1,0
2019-05-13,EVENING,391,5,0,0.02,1349,3,1,1
2019-05-14,MIDDAY,693,1,1,0.05,1349,3,1,1
2019-05-14,EVENING,546,2,3,0.04,1349,1,1,0
2019-05-15,MIDDAY,569,5,1,0.05,1349,1,1,0
2019-05-15,EVENING,480,8,2,0.09,1369,0,0,0
2019-05-16,MIDDAY,493,8,0,0.02,1469,2,1,1
2019-05-16,EVENING,250,2,2,0.09,1349,0,0,0
2019-05-17,MIDDAY,805,3,0,0.02,1349,1,1,0
2019-05-17,EVENING,847,4,2,0.09,3489,2,1,1
2019-05-18,MIDDAY,533,0,1,0.05,3489,1,1,0
2019-05-18,EVENING,920,6,0,0.02,3489,1,1,0
2019-05-19,MIDDAY,138,0,1,0.05,0389,3,1,1
2019-05-19,EVENING,135,1,1,0.05,0389,1,1,0
2019-05-20,MIDDAY,345,6,2,0.09,0389,1,1,0
2019-05-20,EVENING,006,5,2,0.09,0389,1,1,0
2019-05-21,MIDDAY,498,5,2,0.09,0369,1,1,0
2019-05-21,EVENING,682,5,1,0.05,0359,1,1,0
2019-05-22,MIDDAY,400,9,2,0.09,3569,1,1,0
2019-05-22,EVENING,138,4,0,0.02,0359,1,1,0
2019-05-23,MIDDAY,749,5,1,0.05,3589,2,1,1
2019-05-23,EVENING,931,3,1,0.05,3459,2,1,1
2019-05-24,MIDDAY,559,1,1,0.05,3459,2,1,1
2019-05-24,EVENING,467,0,2,0.09,3459,1,1,0
2019-05-25,MIDDAY,899,3,0,0.02,3459,2,1,1
2019-05-25,EVENING,030,2,0,0.02,3459,1,1,0
2019-05-26,MIDDAY,312,1,1,0.05,3459,1,1,0
2019-05-26,EVENING,380,3,2,0.09,3459,1,1,0
2019-05-27,MIDDAY,276,5,1,0.05,0349,0,0,0
2019-05-27,EVENING,487,0,0,0.02,0359,1,1,0
2019-05-28,MIDDAY,995,3,1,0.05,0349,2,1,1
2019-05-28,EVENING,053,1,0,0.02,0359,3,1,1
2019-05-29,MIDDAY,048,6,2,0.09,0359,1,1,0
2019-05-29,EVENING,555,2,1,0.05,0358,1,1,0
2019-05-30,MIDDAY,744,8,0,0.02,0358,1,1,0
2019-05-30,EVENING,135,5,0,0.02,0358,2,1,1
2019-05-31,MIDDAY,271,3,0,0.02,0358,1,1,0
2019-05-31,EVENING,594,9,2,0.09,0358,1,1,0
2019-06-01,MIDDAY,480,0,0,0.02,0345,2,1,1
2019-06-01,EVENING,163,8,1,0.05,0345,1,1,0
2019-06-02,MIDDAY,521,5,1,0.05,3458,1,1,0
2019-06-02,EVENING,411,1,1,0.05,3458,1,1,0
2019-06-03,MIDDAY,784,4,1,0.05,1345,1,1,0
2019-06-03,EVENING,320,1,1,0.05,1345,2,1,1
2019-06-04,MIDDAY,264,2,0,0.02,1348,1,1,0
2019-06-04,EVENING,396,9,1,0.05,1345,1,1,0
2019-06-05,MIDDAY,286,2,1,0.05,1348,1,1,0
2019-06-05,EVENING,089,9,1,0.05,1348,1,1,0
2019-06-06,MIDDAY,318,3,1,0.05,0348,2,1,1
2019-06-06,EVENING,157,8,1,0.05,1348,2,1,1
2019-06-07,MIDDAY,916,2,2,0.09,1358,1,1,0
2019-06-07,EVENING,237,6,1,0.05,1238,2,1,1
2019-06-08,MIDDAY,476,1,2,0.09,1238,1,1,0
2019-06-08,EVENING,720,1,2,0.09,1368,1,1,0
2019-06-09,MIDDAY,019,3,2,0.09,1238,2,1,1
2019-06-09,EVENING,421,3,2,0.09,1238,3,1,1
2019-06-10,MIDDAY,464,7,2,0.09,1238,0,0,0
2019-06-10,EVENING,494,6,1,0.05,1234,1,1,0
2019-06-11,MIDDAY,850,1,2,0.09,1346,1,1,0
2019-06-11,EVENING,166,2,0,0.02,1346,2,1,1
2019-06-12,MIDDAY,762,3,1,0.05,1236,3,1,1
2019-06-12,EVENING,410,5,2,0.09,1236,1,1,0
2019-06-13,MIDDAY,127,9,0,0.02,1346,1,1,0
2019-06-13,EVENING,206,6,1,0.05,1246,2,1,1
2019-06-14,MIDDAY,852,7,1,0.05,1246,1,1,0
2019-06-14,EVENING,798,8,1,0.05,1246,0,0,0
2019-06-15,MIDDAY,581,6,2,0.09,1267,2,1,1
2019-06-15,EVENING,541,5,1,0.05,1268,1,1,0
2019-06-16,MIDDAY,206,2,2,0.09,1267,2,1,1
2019-06-16,EVENING,067,4,0,0.02,1267,2,1,1
2019-06-17,MIDDAY,540,7,2,0.09,1267,1,1,0
2019-06-17,EVENING,027,9,3,0.04,1267,2,1,1
2019-06-18,MIDDAY,718,5,2,0.09,1267,2,1,1
2019-06-18,EVENING,679,3,1,0.05,1267,2,1,1
2019-06-19,MIDDAY,275,8,1,0.05,1267,2,1,1
2019-06-19,EVENING,132,9,1,0.05,1267,2,1,1
2019-06-20,MIDDAY,060,8,1,0.05,1267,1,1,0
2019-06-20,EVENING,936,6,0,0.02,1267,1,1,0
2019-06-21,MIDDAY,521,1,1,0.05,1267,2,1,1
2019-06-21,EVENING,403,2,0,0.02,1267,1,1,0
2019-06-22,MIDDAY,409,9,1,0.05,1267,0,0,0
2019-06-22,EVENING,988,2,2,0.09,1267,1,1,0
2019-06-23,MIDDAY,851,0,1,0.05,1267,1,1,0
2019-06-23,EVENING,564,8,1,0.05,0128,1,1,0
2019-06-24,MIDDAY,902,7,2,0.09,1268,1,1,0
2019-06-24,EVENING,533,0,0,0.02,0127,1,1,0
2019-06-25,MIDDAY,777,1,1,0.05,0125,1,1,0
2019-06-25,EVENING,485,8,0,0.02,0127,0,0,0
2019-06-26,MIDDAY,046,3,0,0.02,0258,1,1,0
2019-06-26,EVENING,702,6,1,0.05,0258,2,1,1
2019-06-27,MIDDAY,401,3,2,0.09,0267,1,1,0
2019-06-27,EVENING,169,1,1,0.05,0267,1,1,0
2019-06-28,MIDDAY,192,5,1,0.05,0126,2,1,1
2019-06-28,EVENING,193,5,2,0.09,0126,1,1,0
2019-06-29,MIDDAY,027,4,3,0.04,0129,2,1,1
2019-06-29,EVENING,310,3,0,0.02,0125,2,1,1
2019-06-30,MIDDAY,444,9,1,0.05,0129,1,1,0
2019-06-30,EVENING,575,6,0,0.02,0129,0,0,0
2019-07-01,MIDDAY,245,2,0,0.02,0129,1,1,0
2019-07-01,EVENING,592,4,1,0.05,0125,2,1,1
2019-07-02,MIDDAY,338,0,3,0.04,0124,1,1,0
2019-07-02,EVENING,787,7,0,0.02,0245,0,0,0
2019-07-03,MIDDAY,726,7,1,0.05,0245,1,1,0
2019-07-03,EVENING,246,4,1,0.05,0245,2,1,1
2019-07-04,MIDDAY,329,1,2,0.09,0245,1,1,0
2019-07-04,EVENING,943,4,1,0.05,0245,1,1,0
2019-07-05,MIDDAY,286,7,2,0.09,2459,1,1,0
2019-07-05,EVENING,288,1,0,0.02,0245,1,1,0
2019-07-06,MIDDAY,855,1,2,0.09,1247,1,1,0
2019-07-06,EVENING,158,1,2,0.09,1247,1,1,0
2019-07-07,MIDDAY,883,3,3,0.04,1245,0,0,0
2019-07-07,EVENING,185,3,1,0.05,1258,3,1,1
2019-07-08,MIDDAY,641,9,2,0.09,1258,1,1,0
2019-07-08,EVENING,341,0,1,0.05,1258,1,1,0
2019-07-09,MIDDAY,073,3,2,0.09,1258,0,0,0
2019-07-09,EVENING,604,5,2,0.09,1238,0,0,0
2019-07-10,MIDDAY,771,2,1,0.05,1245,2,1,1
2019-07-10,EVENING,038,5,0,0.02,1245,1,1,0
2019-07-11,MIDDAY,895,2,0,0.02,1235,2,1,1
2019-07-11,EVENING,919,7,2,0.09,1258,1,1,0
2019-07-12,MIDDAY,717,6,1,0.05,1358,1,1,0
2019-07-12,EVENING,533,6,2,0.09,1258,1,1,0
2019-07-13,MIDDAY,179,8,1,0.05,1358,2,1,1
2019-07-13,EVENING,500,1,0,0.02,1358,2,1,1
2019-07-14,MIDDAY,141,4,1,0.05,1358,1,1,0
2019-07-14,EVENING,624,8,1,0.05,1358,1,1,0
2019-07-15,MIDDAY,832,1,1,0.05,1258,3,1,1
2019-07-15,EVENING,708,1,2,0.09,1258,2,1,1
2019-07-16,MIDDAY,402,4,2,0.09,1258,1,1,0
2019-07-16,EVENING,785,5,1,0.05,0128,1,1,0
2019-07-17,MIDDAY,133,3,0,0.02,1578,1,1,0
2019-07-17,EVENING,902,4,0,0.02,1358,0,0,0
2019-07-18,MIDDAY,282,2,0,0.02,0158,1,1,0
2019-07-18,EVENING,717,9,1,0.05,1258,1,1,0
2019-07-19,MIDDAY,510,9,0,0.02,0128,2,1,1
2019-07-19,EVENING,540,8,2,0.09,0128,2,1,1
2019-07-20,MIDDAY,513,3,2,0.09,0158,2,1,1
2019-07-20,EVENING,183,3,1,0.05,0158,2,1,1
2019-07-21,MIDDAY,469,9,2,0.09,0158,0,0,0
2019-07-21,EVENING,798,1,0,0.02,0158,2,1,1
2019-07-22,MIDDAY,149,7,1,0.05,1589,2,1,1
2019-07-22,EVENING,227,2,3,0.04,0189,0,0,0
2019-07-23,MIDDAY,343,1,1,0.05,1789,1,1,0
2019-07-23,EVENING,280,9,0,0.02,1789,2,1,1
2019-07-24,MIDDAY,456,7,0,0.02,1489,1,1,0
2019-07-24,EVENING,236,5,0,0.02,1478,0,0,0
2019-07-25,MIDDAY,033,4,2,0.09,1478,1,1,0
2019-07-25,EVENING,886,0,1,0.05,1478,1,1,0
2019-07-26,MIDDAY,270,2,1,0.05,1248,1,1,0
2019-07-26,EVENING,358,4,1,0.05,1248,2,1,1
2019-07-27,MIDDAY,729,6,0,0.02,1248,1,1,0
2019-07-27,EVENING,119,1,0,0.02,1278,1,1,0
2019-07-28,MIDDAY,869,2,1,0.05,0148,1,1,0
2019-07-28,EVENING,168,5,1,0.05,1289,2,1,1
2019-07-29,MIDDAY,417,1,2,0.09,1589,1,1,0
2019-07-29,EVENING,504,5,1,0.05,1489,1,1,0
2019-07-30,MIDDAY,531,2,1,0.05,1489,1,1,0
2019-07-30,EVENING,574,2,1,0.05,1458,2,1,1
2019-07-31,MIDDAY,880,3,2,0.09,1457,0,0,0
2019-07-31,EVENING,780,0,0,0.02,1458,1,1,0
2019-08-01,MIDDAY,031,4,2,0.09,1478,2,1,1
2019-08-01,EVENING,051,0,1,0.05,1478,1,1,0
2019-08-02,MIDDAY,479,0,2,0.09,0148,2,1,1
2019-08-02,EVENING,643,6,1,0.05,0147,1,1,0
2019-08-03,MIDDAY,860,3,1,0.05,0147,1,1,0
2019-08-03,EVENING,365,8,2,0.09,0147,0,0,0
2019-08-04,MIDDAY,167,4,3,0.04,0348,1,1,0
2019-08-04,EVENING,854,5,1,0.05,0348,2,1,1
2019-08-05,MIDDAY,831,5,1,0.05,0458,2,1,1
2019-08-05,EVENING,516,7,2,0.09,1458,2,1,1
2019-08-06,MIDDAY,346,7,2,0.09,1458,1,1,0
2019-08-06,EVENING,096,1,2,0.09,1458,1,1,0
2019-08-07,MIDDAY,093,8,1,0.05,1468,1,1,0
2019-08-07,EVENING,906,9,2,0.09,1348,0,0,0
2019-08-08,MIDDAY,164,2,2,0.09,0168,2,1,1
2019-08-08,EVENING,027,8,1,0.05,0146,1,1,0
2019-08-09,MIDDAY,859,1,1,0.05,0168,2,1,1
2019-08-09,EVENING,825,5,1,0.05,0168,1,1,0
2019-08-10,MIDDAY,442,3,2,0.09,0158,0,0,0
2019-08-10,EVENING,767,7,1,0.05,0148,0,0,0
2019-08-11,MIDDAY,776,0,0,0.02,0468,2,1,1
2019-08-11,EVENING,599,7,2,0.09,0168,0,0,0
2019-08-12,MIDDAY,555,4,1,0.05,0678,0,0,0
2019-08-12,EVENING,076,7,1,0.05,0568,2,1,1
2019-08-13,MIDDAY,788,4,0,0.02,0567,1,1,0
2019-08-13,EVENING,536,9,1,0.05,4678,1,1,0
2019-08-14,MIDDAY,747,0,0,0.02,4567,2,1,1
2019-08-14,EVENING,860,1,0,0.02,0467,2,1,1
2019-08-15,MIDDAY,452,4,1,0.05,0467,1,1,0
2019-08-15,EVENING,244,0,0,0.02,4567,1,1,0
2019-08-16,MIDDAY,372,5,2,0.09,0467,1,1,0
2019-08-16,EVENING,272,1,1,0.05,4567,1,1,0
2019-08-17,MIDDAY,641,1,2,0.09,4567,2,1,1
2019-08-17,EVENING,698,9,1,0.05,0467,1,1,0
2019-08-18,MIDDAY,361,9,1,0.05,0467,1,1,0
2019-08-18,EVENING,927,5,2,0.09,0467,1,1,0
2019-08-19,MIDDAY,415,4,1,0.05,0467,1,1,0
2019-08-19,EVENING,489,7,1,0.05,4567,2,1,1
2019-08-20,MIDDAY,481,6,1,0.05,4567,2,1,1
2019-08-20,EVENING,317,6,2,0.09,4567,2,1,1
2019-08-21,MIDDAY,222,7,2,0.09,1467,1,1,0
2019-08-21,EVENING,762,1,1,0.05,1467,3,1,1
2019-08-22,MIDDAY,544,6,2,0.09,1467,2,1,1
2019-08-22,EVENING,179,1,1,0.05,1467,2,1,1
2019-08-23,MIDDAY,155,1,0,0.02,1467,1,1,0
2019-08-23,EVENING,205,5,1,0.05,1467,0,0,0
2019-08-24,MIDDAY,639,7,1,0.05,1567,2,1,1
2019-08-24,EVENING,531,2,0,0.02,1467,1,1,0
2019-08-25,MIDDAY,580,7,1,0.05,1567,2,1,1
2019-08-25,EVENING,648,2,1,0.05,1567,1,1,0
2019-08-26,MIDDAY,841,6,1,0.05,1567,2,1,1
2019-08-26,EVENING,004,4,3,0.04,1567,0,0,0
2019-08-27,MIDDAY,033,3,1,0.05,1467,0,0,0
2019-08-27,EVENING,439,5,1,0.05,1467,1,1,0
2019-08-28,MIDDAY,307,7,1,0.05,1456,0,0,0
2019-08-28,EVENING,794,8,1,0.05,1467,2,1,1
2019-08-29,MIDDAY,979,6,1,0.05,1467,2,1,1
2019-08-29,EVENING,855,9,2,0.09,1467,0,0,0
2019-08-30,MIDDAY,457,6,1,0.05,4679,3,1,1
2019-08-30,EVENING,870,3,1,0.05,4567,1,1,0
2019-08-31,MIDDAY,673,9,1,0.05,4567,2,1,1
2019-08-31,EVENING,603,2,2,0.09,4567,1,1,0
2019-09-01,MIDDAY,369,0,2,0.09,3467,2,1,1
2019-09-01,EVENING,808,4,3,0.04,0367,1,1,0
2019-09-02,MIDDAY,176,5,1,0.05,0367,2,1,1
2019-09-02,EVENING,795,9,0,0.02,0567,2,1,1
2019-09-03,MIDDAY,330,1,2,0.09,5679,0,0,0
2019-09-03,EVENING,138,4,0,0.02,0567,0,0,0
2019-09-04,MIDDAY,959,6,2,0.09,0367,1,1,0
2019-09-04,EVENING,419,8,0,0.02,0367,0,0,0
2019-09-05,MIDDAY,845,5,1,0.05,3679,0,0,0
2019-09-05,EVENING,044,8,2,0.09,4679,1,1,0
2019-09-06,MIDDAY,611,4,2,0.09,4678,2,1,1
2019-09-06,EVENING,786,4,1,0.05,4678,4,1,1
2019-09-07,MIDDAY,725,2,2,0.09,4678,1,1,0
2019-09-07,EVENING,037,7,1,0.05,4678,1,1,0
2019-09-08,MIDDAY,337,6,1,0.05,4678,2,1,1
2019-09-08,EVENING,878,0,2,0.09,3467,1,1,0
2019-09-09,MIDDAY,353,0,1,0.05,4678,0,0,0
2019-09-09,EVENING,780,5,1,0.05,4678,2,1,1
2019-09-10,MIDDAY,183,6,2,0.09,5678,2,1,1
2019-09-10,EVENING,258,6,1,0.05,3678,2,1,1
2019-09-11,MIDDAY,073,0,2,0.09,5678,1,1,0
2019-09-11,EVENING,558,4,0,0.02,3678,1,1,0
2019-09-12,MIDDAY,481,9,0,0.02,0378,1,1,0
2019-09-12,EVENING,452,7,2,0.09,3678,1,1,0
2019-09-13,MIDDAY,788,4,1,0.05,4578,3,1,1
2019-09-13,EVENING,626,6,2,0.09,4578,0,0,0
2019-09-14,MIDDAY,955,8,0,0.02,4578,2,1,1
2019-09-14,EVENING,971,0,0,0.02,4578,1,1,0
2019-09-15,MIDDAY,583,4,1,0.05,4578,3,1,1
2019-09-15,EVENING,157,7,0,0.02,4578,2,1,1
2019-09-16,MIDDAY,631,5,1,0.05,4578,1,1,0
2019-09-16,EVENING,570,3,2,0.09,4578,2,1,1
2019-09-17,MIDDAY,465,6,2,0.09,4578,2,1,1
2019-09-17,EVENING,892,4,1,0.05,4578,2,1,1
2019-09-18,MIDDAY,212,7,1,0.05,4578,1,1,0
2019-09-18,EVENING,227,2,1,0.05,4578,1,1,0
2019-09-19,MIDDAY,356,2,2,0.09,4578,1,1,0
2019-09-19,EVENING,716,0,1,0.05,3578,1,1,0
2019-09-20,MIDDAY,217,0,1,0.05,3578,1,1,0
2019-09-20,EVENING,474,8,3,0.04,5678,2,1,1
2019-09-21,MIDDAY,200,4,1,0.05,4578,1,1,0
2019-09-21,EVENING,466,3,1,0.05,4578,1,1,0
2019-09-22,MIDDAY,342,5,1,0.05,4578,2,1,1
2019-09-22,EVENING,794,7,2,0.09,2457,2,1,1
2019-09-23,MIDDAY,920,5,1,0.05,2457,2,1,1
2019-09-23,EVENING,028,5,1,0.05,2457,2,1,1
2019-09-24,MIDDAY,394,4,3,0.04,2457,1,1,0
2019-09-24,EVENING,330,7,0,0.02,2457,1,1,0
2019-09-25,MIDDAY,760,0,1,0.05,2457,1,1,0
2019-09-25,EVENING,347,4,2,0.09,0457,2,1,1
2019-09-26,MIDDAY,893,1,1,0.05,0457,0,0,0
2019-09-26,EVENING,730,9,1,0.05,3457,2,1,1
2019-09-27,MIDDAY,870,8,2,0.09,0347,2,1,1
2019-09-27,EVENING,239,2,2,0.09,0347,1,1,0
2019-09-28,MIDDAY,113,6,0,0.02,0347,1,1,0
2019-09-28,EVENING,526,3,1,0.05,0347,1,1,0
2019-09-29,MIDDAY,065,3,2,0.09,0237,2,1,1
2019-09-29,EVENING,031,4,3,0.04,0237,2,1,1
2019-09-30,MIDDAY,750,3,2,0.09,0237,3,1,1
2019-09-30,EVENING,776,2,2,0.09,0237,2,1,1
2019-10-01,MIDDAY,696,0,1,0.05,0237,1,1,0
2019-10-01,EVENING,376,5,1,0.05,0367,3,1,1
2019-10-02,MIDDAY,695,0,1,0.05,0367,2,1,1
2019-10-02,EVENING,406,6,2,0.09,0367,2,1,1
2019-10-03,MIDDAY,475,7,2,0.09,0367,1,1,0
2019-10-03,EVENING,917,5,1,0.05,0357,2,1,1
2019-10-04,MIDDAY,260,6,2,0.09,0357,1,1,0
2019-10-04,EVENING,951,5,0,0.02,0357,1,1,0
2019-10-05,MIDDAY,692,5,0,0.02,0357,1,1,0
2019-10-05,EVENING,681,9,2,0.09,0567,1,1,0
2019-10-06,MIDDAY,266,6,2,0.09,0567,1,1,0
2019-10-06,EVENING,089,1,1,0.05,0567,1,1,0
2019-10-07,MIDDAY,782,7,0,0.02,0567,1,1,0
2019-10-07,EVENING,788,0,1,0.05,0567,2,1,1
2019-10-08,MIDDAY,052,7,2,0.09,0679,2,1,1
2019-10-08,EVENING,613,8,2,0.09,0567,1,1,0
2019-10-09,MIDDAY,294,0,0,0.02,0567,1,1,0
2019-10-09,EVENING,207,8,0,0.02,0567,2,1,1
2019-10-10,MIDDAY,489,1,2,0.09,0267,0,0,0
2019-10-10,EVENING,025,1,1,0.05,0267,2,1,1
2019-10-11,MIDDAY,226,3,1,0.05,0267,2,1,1
2019-10-11,EVENING,189,1,1,0.05,0267,0,0,0
2019-10-12,MIDDAY,816,5,0,0.02,0267,1,1,0
2019-10-12,EVENING,679,1,2,0.09,0267,2,1,1
2019-10-13,MIDDAY,052,9,2,0.09,0126,2,1,1
2019-10-13,EVENING,348,2,1,0.05,0269,1,1,0
2019-10-14,MIDDAY,031,7,1,0.05,0269,1,1,0
2019-10-14,EVENING,210,9,1,0.05,0129,4,1,1
2019-10-15,MIDDAY,471,7,2,0.09,0129,1,1,0
2019-10-15,EVENING,769,3,1,0.05,0129,1,1,0
2019-10-16,MIDDAY,762,6,1,0.05,0129,1,1,0
2019-10-16,EVENING,903,5,2,0.09,0129,2,1,1
2019-10-17,MIDDAY,785,2,0,0.02,0129,1,1,0
2019-10-17,EVENING,260,7,1,0.05,0279,3,1,1
2019-10-18,MIDDAY,874,4,2,0.09,0279,1,1,0
2019-10-18,EVENING,352,7,1,0.05,0278,2,1,1
2019-10-19,MIDDAY,090,8,1,0.05,0279,2,1,1
2019-10-19,EVENING,963,2,0,0.02,0279,2,1,1
2019-10-20,MIDDAY,743,8,1,0.05,0279,1,1,0
2019-10-20,EVENING,119,0,1,0.05,0279,2,1,1
2019-10-21,MIDDAY,507,5,0,0.02,0279,2,1,1
2019-10-21,EVENING,118,9,1,0.05,0279,1,1,0
2019-10-22,MIDDAY,272,3,0,0.02,0279,2,1,1
2019-10-22,EVENING,347,8,0,0.02,0279,1,1,0
2019-10-23,MIDDAY,868,0,2,0.09,2379,0,0,0
2019-10-23,EVENING,913,9,1,0.05,0789,1,1,0
2019-10-24,MIDDAY,181,2,0,0.02,0789,1,1,0
2019-10-24,EVENING,993,8,1,0.05,2789,2,1,1
2019-10-25,MIDDAY,808,8,1,0.05,3789,1,1,0
2019-10-25,EVENING,993,8,1,0.05,0789,2,1,1
2019-10-26,MIDDAY,546,8,1,0.05,3789,1,1,0
2019-10-26,EVENING,637,9,1,0.05,3789,3,1,1
2019-10-27,MIDDAY,984,3,1,0.05,3789,3,1,1
2019-10-27,EVENING,618,2,2,0.09,3789,1,1,0
2019-10-28,MIDDAY,529,9,1,0.05,3789,1,1,0
2019-10-28,EVENING,542,6,1,0.05,2389,1,1,0
2019-10-29,MIDDAY,030,6,2,0.09,2389,1,1,0
2019-10-29,EVENING,094,5,1,0.05,2389,1,1,0
2019-10-30,MIDDAY,122,0,1,0.05,2389,1,1,0
2019-10-30,EVENING,739,7,1,0.05,2389,2,1,1
2019-10-31,MIDDAY,461,2,0,0.02,2389,1,1,0
2019-10-31,EVENING,175,7,0,0.02,2389,0,0,0
2019-11-01,MIDDAY,390,7,1,0.05,2389,2,1,1
2019-11-01,EVENING,319,7,1,0.05,2389,2,1,1
2019-11-02,MIDDAY,086,4,3,0.04,1379,0,0,0
2019-11-02,EVENING,327,1,0,0.02,0389,1,1,0
2019-11-03,MIDDAY,283,5,0,0.02,1389,2,1,1
2019-11-03,EVENING,314,3,2,0.09,2389,1,1,0
2019-11-04,MIDDAY,226,1,1,0.05,1389,1,1,0
2019-11-04,EVENING,352,5,1,0.05,1239,2,1,1
2019-11-05,MIDDAY,544,5,1,0.05,1239,0,0,0
2019-11-05,EVENING,332,9,1,0.05,1239,3,1,1
2019-11-06,MIDDAY,216,3,0,0.02,1239,3,1,1
2019-11-06,EVENING,679,7,2,0.09,1239,1,1,0
2019-11-07,MIDDAY,031,9,1,0.05,2369,2,1,1
2019-11-07,EVENING,845,3,1,0.05,1239,1,1,0
2019-11-08,MIDDAY,778,6,1,0.05,1239,0,0,0
2019-11-08,EVENING,843,9,1,0.05,1239,2,1,1
2019-11-09,MIDDAY,134,3,1,0.05,2369,1,1,0
2019-11-09,EVENING,277,5,2,0.09,1239,1,1,0
2019-11-10,MIDDAY,945,0,0,0.02,1239,1,1,0
2019-11-10,EVENING,951,5,1,0.05,1239,2,1,1
2019-11-11,MIDDAY,362,3,2,0.09,1359,1,1,0
2019-11-11,EVENING,225,7,0,0.02,1239,1,1,0
2019-11-12,MIDDAY,453,4,1,0.05,2359,2,1,1
2019-11-12,EVENING,194,8,1,0.05,2345,1,1,0
2019-11-13,MIDDAY,566,1,1,0.05,3459,1,1,0
2019-11-13,EVENING,245,8,1,0.05,1359,1,1,0
2019-11-14,MIDDAY,849,4,1,0.05,1345,1,1,0
2019-11-14,EVENING,041,1,2,0.09,2345,1,1,0
2019-11-15,MIDDAY,613,2,1,0.05,1345,2,1,1
2019-11-15,EVENING,167,3,1,0.05,1345,2,1,1
2019-11-16,MIDDAY,344,8,3,0.04,1234,2,1,1
2019-11-16,EVENING,527,5,1,0.05,1345,1,1,0
2019-11-17,MIDDAY,567,6,0,0.02,1345,1,1,0
2019-11-17,EVENING,923,4,2,0.09,1345,2,1,1
2019-11-18,MIDDAY,734,7,0,0.02,2345,2,1,1
2019-11-18,EVENING,654,9,2,0.09,2345,2,1,1
2019-11-19,MIDDAY,412,1,1,0.05,3459,1,1,0
2019-11-19,EVENING,705,8,1,0.05,1345,1,1,0
2019-11-20,MIDDAY,916,0,0,0.02,2345,0,0,0
2019-11-20,EVENING,960,3,1,0.05,1345,1,1,0
2019-11-21,MIDDAY,869,6,3,0.04,3459,1,1,0
2019-11-21,EVENING,631,4,2,0.09,4569,2,1,1
2019-11-22,MIDDAY,377,2,1,0.05,3456,1,1,0
2019-11-22,EVENING,105,3,1,0.05,3469,1,1,0
2019-11-23,MIDDAY,967,2,1,0.05,1346,1,1,0
2019-11-23,EVENING,876,6,0,0.02,1346,1,1,0
2019-11-24,MIDDAY,231,3,2,0.09,1346,2,1,1
2019-11-24,EVENING,690,0,0,0.02,1346,1,1,0
2019-11-25,MIDDAY,649,9,0,0.02,1346,2,1,1
2019-11-25,EVENING,959,8,2,0.09,3469,1,1,0
2019-11-26,MIDDAY,962,3,1,0.05,3469,3,1,1
2019-11-26,EVENING,305,6,1,0.05,3469,2,1,1
2019-11-27,MIDDAY,439,0,2,0.09,2369,2,1,1
2019-11-27,EVENING,563,0,2,0.09,2369,2,1,1
2019-11-28,MIDDAY,463,6,2,0.09,3569,2,1,1
2019-11-28,EVENING,662,9,2,0.09,3469,2,1,1
2019-11-29,MIDDAY,911,2,1,0.05,3469,1,1,0
2019-11-29,EVENING,194,0,2,0.09,3469,2,1,1
2019-11-30,MIDDAY,221,1,2,0.09,3469,0,0,0
2019-11-30,EVENING,759,8,1,0.05,3469,1,1,0
2019-12-01,MIDDAY,721,3,0,0.02,2369,2,1,1
2019-12-01,EVENING,965,6,1,0.05,1369,2,1,1
2019-12-02,MIDDAY,792,1,0,0.02,1369,2,1,1
2019-12-02,EVENING,663,4,1,0.05,1369,2,1,1
2019-12-03,MIDDAY,271,9,0,0.02,2369,2,1,1
2019-12-03,EVENING,940,4,0,0.02,2369,1,1,0
2019-12-04,MIDDAY,285,9,1,0.05,2369,2,1,1
2019-12-04,EVENING,630,7,1,0.05,2369,2,1,1
2019-12-05,MIDDAY,963,3,0,0.02,2369,3,1,1
2019-12-05,EVENING,873,7,2,0.09,2369,1,1,0
2019-12-06,MIDDAY,786,4,1,0.05,2369,1,1,0
2019-12-06,EVENING,424,9,2,0.09,2369,2,1,1
2019-12-07,MIDDAY,251,0,1,0.05,2369,1,1,0
2019-12-07,EVENING,677,8,1,0.05,2369,1,1,0
2019-12-08,MIDDAY,334,2,0,0.02,2369,2,1,1
2019-12-08,EVENING,714,5,0,0.02,2369,0,0,0
2019-12-09,MIDDAY,963,7,1,0.05,2369,3,1,1
2019-12-09,EVENING,154,3,1,0.05,3679,1,1,0
2019-12-10,MIDDAY,618,2,1,0.05,3679,1,1,0
2019-12-10,EVENING,078,1,1,0.05,2679,1,1,0
2019-12-11,MIDDAY,400,1,2,0.09,1279,1,1,0
2019-12-11,EVENING,993,9,2,0.09,1279,1,1,0
2019-12-12,MIDDAY,336,7,0,0.02,1379,2,1,1
2019-12-12,EVENING,895,4,1,0.05,3679,1,1,0
2019-12-13,MIDDAY,949,4,0,0.02,3679,1,1,0
2019-12-13,EVENING,220,2,2,0.09,3479,0,0,0
2019-12-14,MIDDAY,344,0,0,0.02,3469,2,1,1
2019-12-14,EVENING,186,0,1,0.05,3479,0,0,0
2019-12-15,MIDDAY,899,2,1,0.05,3469,1,1,0
2019-12-15,EVENING,344,3,1,0.05,3469,2,1,1
2019-12-16,MIDDAY,470,2,0,0.02,3469,1,1,0
2019-12-16,EVENING,041,4,1,0.05,3469,1,1,0
2019-12-17,MIDDAY,748,0,2,0.09,0349,2,1,1
2019-12-17,EVENING,417,7,2,0.09,0349,1,1,0
2019-12-18,MIDDAY,391,7,2,0.09,0147,2,1,1
2019-12-18,EVENING,889,9,2,0.09,0147,0,0,0
2019-12-19,MIDDAY,887,6,1,0.05,0149,0,0,0
2019-12-19,EVENING,954,5,1,0.05,1479,2,1,1
2019-12-20,MIDDAY,163,5,0,0.02,1479,1,1,0
2019-12-20,EVENING,042,5,1,0.05,1479,1,1,0
2019-12-21,MIDDAY,181,6,1,0.05,1479,1,1,0
2019-12-21,EVENING,563,1,0,0.02,1479,1,1,0
2019-12-22,MIDDAY,046,5,2,0.09,1349,1,1,0
2019-12-22,EVENING,592,5,2,0.09,0146,0,0,0
2019-12-23,MIDDAY,563,6,1,0.05,0149,0,0,0
2019-12-23,EVENING,971,4,1,0.05,1469,3,1,1
2019-12-24,MIDDAY,239,7,0,0.02,1469,1,1,0
2019-12-24,EVENING,843,2,2,0.09,1479,1,1,0
2019-12-25,MIDDAY,910,5,2,0.09,1349,2,1,1
2019-12-25,EVENING,958,7,0,0.02,1349,1,1,0
2019-12-26,MIDDAY,973,5,2,0.09,1459,2,1,1
2019-12-26,EVENING,542,8,3,0.04,4579,2,1,1
2019-12-27,MIDDAY,816,4,1,0.05,4579,1,1,0
2019-12-27,EVENING,468,4,2,0.09,4579,1,1,0
2019-12-28,MIDDAY,623,5,3,0.04,4589,1,1,0
2019-12-28,EVENING,660,5,1,0.05,4589,1,1,0
2019-12-29,MIDDAY,314,2,2,0.09,4568,1,1,0
2019-12-29,EVENING,590,5,0,0.02,3456,1,1,0
2019-12-30,MIDDAY,306,6,0,0.02,4569,1,1,0
2019-12-30,EVENING,085,8,1,0.05,3456,1,1,0
2019-12-31,MIDDAY,917,5,1,0.05,3456,1,1,0
2019-12-31,EVENING,977,2,1,0.05,3456,0,0,0
2020-01-01,MIDDAY,897,6,2,0.09,4569,2,1,1
2020-01-01,EVENING,992,1,2,0.09,4569,1,1,0
2020-01-02,MIDDAY,328,8,1,0.05,4569,0,0,0
2020-01-02,EVENING,308,0,1,0.05,3569,1,1,0
2020-01-03,MIDDAY,528,0,2,0.09,3589,2,1,1
2020-01-03,EVENING,147,3,2,0.09,2589,0,0,0
2020-01-04,MIDDAY,723,6,0,0.02,3589,1,1,0
2020-01-04,EVENING,008,5,2,0.09,3589,2,1,1
2020-01-05,MIDDAY,249,5,0,0.02,3589,2,1,1
2020-01-05,EVENING,533,6,1,0.05,2589,1,1,0
2020-01-06,MIDDAY,253,9,1,0.05,2358,3,1,1
2020-01-06,EVENING,528,5,2,0.09,2359,2,1,1
2020-01-07,MIDDAY,332,7,2,0.09,2358,2,1,1
2020-01-07,EVENING,837,4,1,0.05,2358,2,1,1
2020-01-08,MIDDAY,016,1,2,0.09,2358,0,0,0
2020-01-08,EVENING,263,9,0,0.02,2358,2,1,1
2020-01-09,MIDDAY,571,8,1,0.05,2358,2,1,1
2020-01-09,EVENING,038,4,0,0.02,2358,2,1,1
2020-01-10,MIDDAY,975,8,1,0.05,2358,2,1,1
2020-01-10,EVENING,960,3,1,0.05,2358,1,1,0
2020-01-11,MIDDAY,166,1,1,0.05,3589,0,0,0
2020-01-11,EVENING,169,4,1,0.05,3589,1,1,0
2020-01-12,MIDDAY,882,0,2,0.09,3589,1,1,0
2020-01-12,EVENING,917,2,0,0.02,3589,1,1,0
2020-01-13,MIDDAY,405,1,1,0.05,2389,0,0,0
2020-01-13,EVENING,859,8,1,0.05,2358,2,1,1
2020-01-14,MIDDAY,891,7,1,0.05,2358,1,1,0
2020-01-14,EVENING,632,7,2,0.09,3589,1,1,0
2020-01-15,MIDDAY,941,0,1,0.05,3589,1,1,0
2020-01-15,EVENING,341,4,0,0.02,2589,0,0,0
2020-01-16,MIDDAY,382,6,2,0.09,1359,1,1,0
2020-01-16,EVENING,782,8,1,0.05,2389,2,1,1
2020-01-17,MIDDAY,060,5,2,0.09,2389,0,0,0
2020-01-17,EVENING,217,2,0,0.02,2389,1,1,0
2020-01-18,MIDDAY,083,5,0,0.02,1238,2,1,1
2020-01-18,EVENING,161,2,0,0.02,1238,2,1,1
2020-01-19,MIDDAY,122,8,0,0.02,1238,3,1,1
2020-01-19,EVENING,374,2,2,0.09,1238,2,1,1
2020-01-20,MIDDAY,516,4,1,0.05,1238,1,1,0
2020-01-20,EVENING,978,7,1,0.05,1268,1,1,0
2020-01-21,MIDDAY,738,3,0,0.02,1268,1,1,0
2020-01-21,EVENING,575,1,2,0.09,1278,2,1,1
2020-01-22,MIDDAY,432,3,1,0.05,1278,1,1,0
2020-01-22,EVENING,367,8,0,0.02,1278,2,1,1
2020-01-23,MIDDAY,221,1,1,0.05,1278,2,1,1
2020-01-23,EVENING,024,4,0,0.02,1278,1,1,0
2020-01-24,MIDDAY,445,4,1,0.05,1278,0,0,0
2020-01-24,EVENING,443,2,1,0.05,1278,1,1,0
2020-01-25,MIDDAY,499,5,1,0.05,1237,0,0,0
2020-01-25,EVENING,316,6,1,0.05,2348,1,1,0
2020-01-26,MIDDAY,663,7,0,0.02,1238,1,1,0
2020-01-26,EVENING,055,3,2,0.09,1237,1,1,0
2020-01-27,MIDDAY,296,2,1,0.05,1234,1,1,0
2020-01-27,EVENING,770,9,0,0.02,1234,0,0,0
2020-01-28,MIDDAY,087,6,1,0.05,2347,1,1,0
2020-01-28,EVENING,284,5,2,0.09,2367,1,1,0
2020-01-29,MIDDAY,864,0,1,0.05,2367,1,1,0
2020-01-29,EVENING,538,4,2,0.09,2346,2,1,1
2020-01-30,MIDDAY,269,0,2,0.09,2348,1,1,0
2020-01-30,EVENING,673,4,0,0.02,2368,2,1,1
2020-01-31,MIDDAY,560,0,1,0.05,2346,1,1,0
2020-01-31,EVENING,184,8,1,0.05,2346,1,1,0
2020-02-01,MIDDAY,133,3,0,0.02,3468,1,1,0
2020-02-01,EVENING,304,1,1,0.05,3468,2,1,1
2020-02-02,MIDDAY,026,2,2,0.09,3468,1,1,0
2020-02-02,EVENING,815,5,1,0.05,0346,0,0,0
2020-02-03,MIDDAY,919,3,0,0.02,0346,1,1,0
2020-02-03,EVENING,524,0,1,0.05,1346,1,1,0
2020-02-04,MIDDAY,175,5,0,0.02,0346,0,0,0
2020-02-04,EVENING,399,8,1,0.05,0134,1,1,0
2020-02-05,MIDDAY,097,2,0,0.02,0134,1,1,0
2020-02-05,EVENING,423,5,1,0.05,0134,2,1,1
2020-02-06,MIDDAY,078,8,1,0.05,0234,1,1,0
2020-02-06,EVENING,192,9,0,0.02,0345,0,0,0
2020-02-07,MIDDAY,760,5,0,0.02,0123,1,1,0
2020-02-07,EVENING,949,9,0,0.02,0235,0,0,0
2020-02-08,MIDDAY,078,2,0,0.02,0234,2,1,1
2020-02-08,EVENING,504,5,0,0.02,0247,2,1,1
2020-02-09,MIDDAY,870,5,1,0.05,0245,2,1,1
2020-02-09,EVENING,280,3,2,0.09,0458,2,1,1
2020-02-10,MIDDAY,253,0,2,0.09,0258,3,1,1
2020-02-10,EVENING,870,0,3,0.04,0235,1,1,0
2020-02-11,MIDDAY,323,7,1,0.05,0258,1,1,0
2020-02-11,EVENING,918,1,1,0.05,0237,0,0,0
2020-02-12,MIDDAY,932,4,0,0.02,0238,2,1,1
2020-02-12,EVENING,084,2,1,0.05,0238,3,1,1
2020-02-13,MIDDAY,032,2,2,0.09,0238,3,1,1
2020-02-13,EVENING,481,6,2,0.09,0238,1,1,0
2020-02-14,MIDDAY,728,6,0,0.02,0238,2,1,1
2020-02-14,EVENING,756,7,2,0.09,0238,0,0,0
2020-02-15,MIDDAY,102,4,2,0.09,0278,2,1,1
2020-02-15,EVENING,891,2,0,0.02,0278,2,1,1
2020-02-16,MIDDAY,238,2,2,0.09,0248,2,1,1
2020-02-16,EVENING,059,1,2,0.09,0238,1,1,0
2020-02-17,MIDDAY,332,5,0,0.02,0248,1,1,0
2020-02-17,EVENING,614,7,1,0.05,0238,0,0,0
2020-02-18,MIDDAY,391,8,0,0.02,0238,2,1,1
2020-02-18,EVENING,760,7,1,0.05,0128,1,1,0
2020-02-19,MIDDAY,179,8,0,0.02,0278,2,1,1
2020-02-19,EVENING,436,5,1,0.05,0278,0,0,0
2020-02-20,MIDDAY,651,8,0,0.02,0238,1,1,0
2020-02-20,EVENING,613,8,2,0.09,0128,2,1,1
2020-02-21,MIDDAY,248,1,3,0.04,0128,3,1,1
2020-02-21,EVENING,080,4,2,0.09,0128,2,1,1
2020-02-22,MIDDAY,638,1,2,0.09,0128,2,1,1
2020-02-22,EVENING,830,2,1,0.05,1238,3,1,1
2020-02-23,MIDDAY,320,1,2,0.09,1238,3,1,1
2020-02-23,EVENING,217,3,3,0.04,1238,3,1,1
2020-02-24,MIDDAY,927,7,3,0.04,1238,1,1,0
2020-02-24,EVENING,500,4,2,0.09,1238,0,0,0
2020-02-25,MIDDAY,923,3,0,0.02,1238,2,1,1
2020-02-25,EVENING,511,3,0,0.02,1238,2,1,1
2020-02-26,MIDDAY,806,1,1,0.05,1238,2,1,1
2020-02-26,EVENING,647,2,1,0.05,1238,1,1,0
2020-02-27,MIDDAY,806,2,1,0.05,1238,2,1,1
2020-02-27,EVENING,694,9,2,0.09,1238,0,0,0
2020-02-28,MIDDAY,431,8,1,0.05,1238,3,1,1
2020-02-28,EVENING,775,7,1,0.05,1238,0,0,0
2020-02-29,MIDDAY,875,1,0,0.02,1238,2,1,1
2020-02-29,EVENING,342,2,2,0.09,1238,2,1,1
2020-03-01,MIDDAY,174,8,0,0.02,1238,2,1,1
2020-03-01,EVENING,337,8,1,0.05,1238,2,1,1
2020-03-02,MIDDAY,809,4,2,0.09,1238,1,1,0
2020-03-02,EVENING,106,4,1,0.05,1348,2,1,1
2020-03-03,MIDDAY,186,2,2,0.09,1348,2,1,1
2020-03-03,EVENING,056,2,2,0.09,1248,1,1,0
2020-03-04,MIDDAY,451,6,2,0.09,1248,2,1,1
2020-03-04,EVENING,733,7,2,0.09,1248,0,0,0
2020-03-05,MIDDAY,157,9,0,0.02,1248,1,1,0
2020-03-05,EVENING,202,4,1,0.05,1238,1,1,0
2020-03-06,MIDDAY,836,1,0,0.02,1248,2,1,1
2020-03-06,EVENING,468,2,0,0.02,1248,3,1,1
2020-03-07,MIDDAY,452,4,2,0.09,1468,1,1,0
2020-03-07,EVENING,304,4,2,0.09,1246,1,1,0
2020-03-08,MIDDAY,602,1,1,0.05,1468,2,1,1
2020-03-08,EVENING,829,3,1,0.05,1246,1,1,0
2020-03-09,MIDDAY,950,1,1,0.05,1248,1,1,0
2020-03-09,EVENING,619,8,1,0.05,1248,2,1,1
2020-03-10,MIDDAY,152,5,2,0.09,1248,2,1,1
2020-03-10,EVENING,475,0,1,0.05,1248,1,1,0
2020-03-11,MIDDAY,665,6,1,0.05,1248,0,0,0
2020-03-11,EVENING,360,1,1,0.05,1248,1,1,0
2020-03-12,MIDDAY,243,8,1,0.05,1456,1,1,0
2020-03-12,EVENING,597,9,1,0.05,1246,0,0,0
2020-03-13,MIDDAY,853,1,0,0.02,1246,1,1,0
2020-03-13,EVENING,017,8,1,0.05,1568,2,1,1
2020-03-14,MIDDAY,366,7,2,0.09,0158,0,0,0
2020-03-14,EVENING,418,5,1,0.05,1568,3,1,1
2020-03-15,MIDDAY,740,4,0,0.02,1568,0,0,0
2020-03-15,EVENING,603,4,1,0.05,1568,1,1,0
2020-03-16,MIDDAY,077,4,2,0.09,1456,1,1,0
2020-03-16,EVENING,322,2,2,0.09,0134,1,1,0
2020-03-17,MIDDAY,546,6,0,0.02,0134,1,1,0
2020-03-17,EVENING,340,4,0,0.02,0145,2,1,1
2020-03-18,MIDDAY,740,1,1,0.05,0134,3,1,1
2020-03-18,EVENING,754,5,2,0.09,0134,1,1,0
2020-03-19,MIDDAY,077,1,2,0.09,0145,2,1,1
2020-03-19,EVENING,670,7,1,0.05,0147,2,1,1
2020-03-20,MIDDAY,718,0,2,0.09,0147,3,1,1
2020-03-20,EVENING,748,5,2,0.09,0147,2,1,1
2020-03-21,MIDDAY,750,6,2,0.09,0147,2,1,1
2020-03-21,EVENING,660,6,2,0.09,0457,1,1,0
2020-03-22,MIDDAY,354,0,2,0.09,0467,2,1,1
2020-03-22,EVENING,892,6,1,0.05,0457,0,0,0
2020-03-23,MIDDAY,010,3,0,0.02,0457,1,1,0
2020-03-23,EVENING,013,7,0,0.02,0457,2,1,1
2020-03-24,MIDDAY,769,2,3,0.04,0147,1,1,0
2020-03-24,EVENING,956,7,1,0.05,0467,2,1,1
2020-03-25,MIDDAY,996,1,3,0.04,0467,1,1,0
2020-03-25,EVENING,503,3,2,0.09,0467,1,1,0
2020-03-26,MIDDAY,081,7,0,0.02,0467,2,1,1
2020-03-26,EVENING,784,0,1,0.05,0167,2,1,1
2020-03-27,MIDDAY,315,0,3,0.04,0467,1,1,0
2020-03-27,EVENING,272,8,1,0.05,0167,1,1,0
2020-03-28,MIDDAY,415,4,0,0.02,0167,1,1,0
2020-03-28,EVENING,024,8,0,0.02,0157,1,1,0
2020-03-29,MIDDAY,802,7,1,0.05,0157,2,1,1
2020-03-29,EVENING,742,3,3,0.04,0147,2,1,1
2020-03-30,MIDDAY,393,0,2,0.09,0147,1,1,0
2020-03-30,EVENING,906,1,1,0.05,0147,2,1,1
2020-03-31,MIDDAY,812,0,2,0.09,0178,3,1,1
2020-03-31,EVENING,148,7,2,0.09,0178,3,1,1
2020-04-01,MIDDAY,474,6,2,0.09,0178,1,1,0
2020-04-01,EVENING,475,3,2,0.09,0178,1,1,0
2020-04-02,MIDDAY,502,0,2,0.09,0147,1,1,0
2020-04-02,EVENING,421,3,1,0.05,0147,2,1,1
2020-04-03,MIDDAY,449,2,1,0.05,0147,1,1,0
2020-04-03,EVENING,667,2,2,0.09,0147,1,1,0
2020-04-04,MIDDAY,459,5,1,0.05,0247,1,1,0
2020-04-04,EVENING,818,6,0,0.02,0147,1,1,0
2020-04-05,MIDDAY,824,7,0,0.02,0147,2,1,1
2020-04-05,EVENING,917,9,1,0.05,0247,1,1,0
2020-04-06,MIDDAY,432,0,1,0.05,0147,2,1,1
2020-04-06,EVENING,259,6,0,0.02,0247,1,1,0
2020-04-07,MIDDAY,643,9,1,0.05,0247,1,1,0
2020-04-07,EVENING,930,9,2,0.09,0247,1,1,0
2020-04-08,MIDDAY,155,9,2,0.09,0247,0,0,0
2020-04-08,EVENING,563,2,1,0.05,0247,1,1,0
2020-04-09,MIDDAY,747,7,1,0.05,0247,2,1,1
2020-04-09,EVENING,899,0,0,0.02,2479,1,1,0
2020-04-10,MIDDAY,161,7,0,0.02,0247,1,1,0
2020-04-10,EVENING,219,5,0,0.02,2479,2,1,1
2020-04-11,MIDDAY,332,2,1,0.05,2479,1,1,0
2020-04-11,EVENING,637,9,1,0.05,2479,2,1,1
2020-04-12,MIDDAY,100,5,1,0.05,2479,0,0,0
2020-04-12,EVENING,188,9,0,0.02,1279,2,1,1
2020-04-13,MIDDAY,529,9,1,0.05,1279,2,1,1
2020-04-13,EVENING,539,4,1,0.05,1279,1,1,0
2020-04-14,MIDDAY,277,0,2,0.09,1259,1,1,0
2020-04-14,EVENING,008,4,0,0.02,2579,0,0,0
2020-04-15,MIDDAY,548,6,1,0.05,0129,0,0,0
2020-04-15,EVENING,571,3,2,0.09,2459,1,1,0
2020-04-16,MIDDAY,539,3,1,0.05,2579,2,1,1
2020-04-16,EVENING,617,9,2,0.09,1359,2,1,1
2020-04-17,MIDDAY,847,8,1,0.05,1579,1,1,0
2020-04-17,EVENING,585,7,1,0.05,4579,2,1,1
2020-04-18,MIDDAY,733,1,2,0.09,4579,1,1,0
2020-04-18,EVENING,368,7,1,0.05,3579,2,1,1
2020-04-19,MIDDAY,549,6,2,0.09,3579,2,1,1
2020-04-19,EVENING,853,7,1,0.05,3579,3,1,1
2020-04-20,MIDDAY,642,2,1,0.05,3579,0,0,0
2020-04-20,EVENING,731,8,0,0.02,3579,2,1,1
2020-04-21,MIDDAY,281,3,0,0.02,3579,1,1,0
2020-04-21,EVENING,577,0,3,0.04,3578,2,1,1
2020-04-22,MIDDAY,391,8,0,0.02,3578,2,1,1
2020-04-22,EVENING,438,2,0,0.02,3578,2,1,1
2020-04-23,MIDDAY,438,2,2,0.09,3578,2,1,1
2020-04-23,EVENING,379,5,4,0.08,0138,1,1,0
2020-04-24,MIDDAY,828,2,1,0.05,3578,1,1,0
2020-04-24,EVENING,276,1,0,0.02,3578,1,1,0
2020-04-25,MIDDAY,878,4,1,0.05,2378,2,1,1
2020-04-25,EVENING,923,6,1,0.05,3478,1,1,0
2020-04-26,MIDDAY,404,9,0,0.02,2378,0,0,0
2020-04-26,EVENING,277,2,1,0.05,2378,2,1,1
2020-04-27,MIDDAY,372,9,0,0.02,2378,3,1,1
2020-04-27,EVENING,944,3,2,0.09,2378,1,1,0
2020-04-28,MIDDAY,992,9,2,0.09,2379,2,1,1
2020-04-28,EVENING,734,4,1,0.05,2379,2,1,1
2020-04-29,MIDDAY,185,2,0,0.02,2379,1,1,0
2020-04-29,EVENING,562,1,0,0.02,2378,1,1,0
2020-04-30,MIDDAY,427,2,3,0.04,2379,2,1,1
2020-04-30,EVENING,061,2,1,0.05,2379,1,1,0
2020-05-01,MIDDAY,739,9,1,0.05,2379,3,1,1
2020-05-01,EVENING,192,5,0,0.02,2379,2,1,1
2020-05-02,MIDDAY,365,0,1,0.05,2379,1,1,0
2020-05-02,EVENING,381,3,1,0.05,2379,1,1,0
2020-05-03,MIDDAY,477,2,1,0.05,1237,2,1,1
2020-05-03,EVENING,372,8,0,0.02,1237,3,1,1
2020-05-04,MIDDAY,221,8,2,0.09,2378,2,1,1
2020-05-04,EVENING,925,3,2,0.09,2378,2,1,1
2020-05-05,MIDDAY,448,2,1,0.05,2379,1,1,0
2020-05-05,EVENING,917,5,1,0.05,2378,1,1,0
2020-05-06,MIDDAY,621,9,0,0.02,2379,2,1,1
2020-05-06,EVENING,697,5,2,0.09,2379,2,1,1
2020-05-07,MIDDAY,660,4,2,0.09,2379,0,0,0
2020-05-07,EVENING,826,6,1,0.05,2379,1,1,0
2020-05-08,MIDDAY,201,4,1,0.05,2379,1,1,0
2020-05-08,EVENING,029,5,1,0.05,1279,2,1,1
2020-05-09,MIDDAY,482,8,2,0.09,1279,1,1,0
2020-05-09,EVENING,696,6,1,0.05,2479,1,1,0
2020-05-10,MIDDAY,791,2,0,0.02,1269,3,1,1
2020-05-10,EVENING,335,3,1,0.05,1279,0,0,0
2020-05-11,MIDDAY,250,6,0,0.02,1279,1,1,0
2020-05-11,EVENING,913,6,1,0.05,2569,2,1,1
2020-05-12,MIDDAY,110,3,1,0.05,1269,1,1,0
2020-05-12,EVENING,211,4,2,0.09,1239,2,1,1
2020-05-13,MIDDAY,249,1,1,0.05,1239,3,1,1
2020-05-13,EVENING,090,7,3,0.04,0129,2,1,1
2020-05-14,MIDDAY,738,0,1,0.05,1239,1,1,0
2020-05-14,EVENING,336,3,2,0.09,1239,1,1,0
2020-05-15,MIDDAY,080,4,1,0.05,1239,0,0,0
2020-05-15,EVENING,263,5,0,0.02,1239,2,1,1
2020-05-16,MIDDAY,817,9,0,0.02,1239,2,1,1
2020-05-16,EVENING,535,9,0,0.02,1239,2,1,1
2020-05-17,MIDDAY,003,0,1,0.05,1239,1,1,0
2020-05-17,EVENING,270,2,1,0.05,1239,1,1,0
2020-05-18,MIDDAY,021,3,1,0.05,0239,3,1,1
2020-05-18,EVENING,746,6,2,0.09,0239,0,0,0
2020-05-19,MIDDAY,325,8,0,0.02,0239,2,1,1
2020-05-19,EVENING,224,3,0,0.02,0239,2,1,1
2020-05-20,MIDDAY,584,4,2,0.09,0239,0,0,0
2020-05-20,EVENING,320,6,1,0.05,0239,3,1,1
2020-05-21,MIDDAY,127,8,0,0.02,0239,1,1,0
2020-05-21,EVENING,296,4,1,0.05,0123,1,1,0
2020-05-22,MIDDAY,783,5,1,0.05,0123,1,1,0
2020-05-22,EVENING,296,1,0,0.02,0237,1,1,0
2020-05-23,MIDDAY,925,9,0,0.02,1236,1,1,0
2020-05-23,EVENING,031,6,2,0.09,2369,2,1,1
2020-05-24,MIDDAY,066,3,0,0.02,1236,2,1,1
2020-05-24,EVENING,417,8,3,0.04,0123,1,1,0
2020-05-25,MIDDAY,892,5,0,0.02,1236,1,1,0
2020-05-25,EVENING,987,5,1,0.05,2368,1,1,0
2020-05-26,MIDDAY,964,9,3,0.04,2389,1,1,0
2020-05-26,EVENING,116,8,1,0.05,2389,1,1,0
2020-05-27,MIDDAY,829,8,1,0.05,2368,2,1,1
2020-05-27,EVENING,745,7,1,0.05,2689,0,0,0
2020-05-28,MIDDAY,049,1,0,0.02,2689,1,1,0
2020-05-28,EVENING,410,9,1,0.05,2389,1,1,0
2020-05-29,MIDDAY,936,2,4,0.08,0129,2,1,1
2020-05-29,EVENING,374,8,1,0.05,2469,1,1,0
2020-05-30,MIDDAY,275,1,1,0.05,2489,1,1,0
2020-05-30,EVENING,214,7,1,0.05,1249,3,1,1
2020-05-31,MIDDAY,229,3,3,0.04,1249,2,1,1
2020-05-31,EVENING,757,4,1,0.05,1249,1,1,0
2020-06-01,MIDDAY,688,8,0,0.02,1249,0,0,0
2020-06-01,EVENING,566,3,0,0.02,1249,0,0,0
2020-06-02,MIDDAY,891,9,1,0.05,2469,1,1,0
2020-06-02,EVENING,522,3,0,0.02,1289,1,1,0
2020-06-03,MIDDAY,990,1,0,0.02,1239,2,1,1
2020-06-03,EVENING,697,6,0,0.02,1239,1,1,0
2020-06-04,MIDDAY,430,9,1,0.05,1239,2,1,1
2020-06-04,EVENING,824,1,1,0.05,1239,2,1,1
2020-06-05,MIDDAY,261,7,1,0.05,1349,1,1,0
2020-06-05,EVENING,678,8,2,0.09,1249,0,0,0
2020-06-06,MIDDAY,107,5,2,0.09,1289,1,1,0
2020-06-06,EVENING,525,2,1,0.05,1279,1,1,0
2020-06-07,MIDDAY,976,5,1,0.05,1279,2,1,1
2020-06-07,EVENING,220,6,1,0.05,1279,1,1,0
2020-06-08,MIDDAY,306,6,1,0.05,2679,1,1,0
2020-06-08,EVENING,380,0,2,0.09,2679,0,0,0
2020-06-09,MIDDAY,554,6,2,0.09,2679,1,1,0
2020-06-09,EVENING,046,2,0,0.02,2679,2,1,1
2020-06-10,MIDDAY,402,2,2,0.09,2679,1,1,0
2020-06-10,EVENING,348,1,3,0.04,0246,1,1,0
2020-06-11,MIDDAY,708,6,1,0.05,0246,2,1,1
2020-06-11,EVENING,162,8,1,0.05,0246,2,1,1
2020-06-12,MIDDAY,699,6,2,0.09,0268,1,1,0
2020-06-12,EVENING,523,1,1,0.05,0268,1,1,0
2020-06-13,MIDDAY,823,0,0,0.02,0268,3,1,1
2020-06-13,EVENING,354,1,2,0.09,0268,0,0,0
2020-06-14,MIDDAY,703,9,1,0.05,0126,1,1,0
2020-06-14,EVENING,063,8,1,0.05,0126,2,1,1
2020-06-15,MIDDAY,903,1,2,0.09,0236,2,1,1
2020-06-15,EVENING,103,4,2,0.09,0136,3,1,1
2020-06-16,MIDDAY,842,8,3,0.04,0136,0,0,0
2020-06-16,EVENING,146,7,1,0.05,0236,1,1,0
2020-06-17,MIDDAY,944,6,1,0.05,0136,1,1,0
2020-06-17,EVENING,418,6,2,0.09,0346,2,1,1
2020-06-18,MIDDAY,571,0,2,0.09,0146,2,1,1
2020-06-18,EVENING,629,4,1,0.05,0146,2,1,1
2020-06-19,MIDDAY,849,8,0,0.02,0146,1,1,0
2020-06-19,EVENING,418,0,2,0.09,0146,3,1,1
2020-06-20,MIDDAY,495,2,2,0.09,0146,1,1,0
2020-06-20,EVENING,553,5,1,0.05,0146,0,0,0
2020-06-21,MIDDAY,709,5,1,0.05,0146,1,1,0
2020-06-21,EVENING,628,7,1,0.05,0146,1,1,0
2020-06-22,MIDDAY,905,7,1,0.05,0146,1,1,0
2020-06-22,EVENING,591,7,1,0.05,0146,1,1,0
2020-06-23,MIDDAY,872,7,3,0.04,0149,0,0,0
2020-06-23,EVENING,502,4,1,0.05,0148,2,1,1
2020-06-24,MIDDAY,721,0,1,0.05,0124,3,1,1
2020-06-24,EVENING,092,4,2,0.09,0124,3,1,1
2020-06-25,MIDDAY,907,6,2,0.09,0249,2,1,1
2020-06-25,EVENING,084,4,2,0.09,0479,2,1,1
2020-06-26,MIDDAY,552,2,1,0.05,0479,0,0,0
2020-06-26,EVENING,270,5,0,0.02,0249,2,1,1
2020-06-27,MIDDAY,360,1,2,0.09,0247,1,1,0
2020-06-27,EVENING,814,2,1,0.05,0247,2,1,1
2020-06-28,MIDDAY,140,0,1,0.05,0247,2,1,1
2020-06-28,EVENING,561,8,2,0.09,0124,1,1,0
2020-06-29,MIDDAY,880,8,1,0.05,0124,1,1,0
2020-06-29,EVENING,101,5,1,0.05,0124,2,1,1
2020-06-30,MIDDAY,320,0,1,0.05,0125,2,1,1
2020-06-30,EVENING,140,3,1,0.05,0125,2,1,1
2020-07-01,MIDDAY,244,8,2,0.09,0124,2,1,1
2020-07-01,EVENING,492,7,1,0.05,0124,2,1,1
2020-07-02,MIDDAY,028,0,2,0.09,0124,2,1,1
2020-07-02,EVENING,270,0,1,0.05,0248,2,1,1
2020-07-03,MIDDAY,395,8,2,0.09,0248,1,1,0
2020-07-03,EVENING,054,5,0,0.02,0248,2,1,1
2020-07-04,MIDDAY,230,4,1,0.05,0248,3,1,1
2020-07-04,EVENING,349,9,2,0.09,0248,1,1,0
2020-07-05,MIDDAY,636,7,2,0.09,0248,0,0,0
2020-07-05,EVENING,571,2,1,0.05,0248,1,1,0
2020-07-06,MIDDAY,835,7,1,0.05,0245,1,1,0
2020-07-06,EVENING,955,4,2,0.09,0234,1,1,0
2020-07-07,MIDDAY,173,8,1,0.05,0245,0,0,0
2020-07-07,EVENING,311,2,0,0.02,0234,2,1,1
2020-07-08,MIDDAY,258,4,2,0.09,0234,2,1,1
2020-07-08,EVENING,511,4,1,0.05,0245,2,1,1
2020-07-09,MIDDAY,498,7,2,0.09,0245,1,1,0
2020-07-09,EVENING,593,3,1,0.05,1248,0,0,0
2020-07-10,MIDDAY,513,7,1,0.05,2458,1,1,0
2020-07-10,EVENING,675,0,2,0.09,1345,1,1,0
2020-07-11,MIDDAY,821,7,2,0.09,3457,1,1,0
2020-07-11,EVENING,868,4,1,0.05,2457,1,1,0
2020-07-12,MIDDAY,816,7,1,0.05,2457,1,1,0
2020-07-12,EVENING,422,6,2,0.09,4578,1,1,0
2020-07-13,MIDDAY,255,1,1,0.05,4578,1,1,0
2020-07-13,EVENING,793,0,1,0.05,2457,1,1,0
2020-07-14,MIDDAY,816,0,0,0.02,2457,0,0,0
2020-07-14,EVENING,107,6,1,0.05,1578,2,1,1
2020-07-15,MIDDAY,581,7,3,0.04,1578,4,1,1
2020-07-15,EVENING,019,1,2,0.09,1578,1,1,0
2020-07-16,MIDDAY,834,2,1,0.05,1578,1,1,0
2020-07-16,EVENING,191,0,0,0.02,1578,1,1,0
2020-07-17,MIDDAY,499,5,0,0.02,1578,1,1,0
2020-07-17,EVENING,265,2,1,0.05,1578,1,1,0
2020-07-18,MIDDAY,462,2,1,0.05,1578,0,0,0
2020-07-18,EVENING,637,7,2,0.09,1458,0,0,0
2020-07-19,MIDDAY,548,2,1,0.05,1457,2,1,1
2020-07-19,EVENING,310,0,0,0.02,1245,1,1,0
2020-07-20,MIDDAY,108,0,0,0.02,1245,1,1,0
2020-07-20,EVENING,078,4,2,0.09,1458,2,1,1
2020-07-21,MIDDAY,451,9,2,0.09,0148,2,1,1
2020-07-21,EVENING,990,9,1,0.05,0148,1,1,0
2020-07-22,MIDDAY,799,1,1,0.05,0145,1,1,0
2020-07-22,EVENING,439,0,1,0.05,0147,2,1,1
2020-07-23,MIDDAY,716,4,1,0.05,0148,2,1,1
2020-07-23,EVENING,154,2,1,0.05,0147,2,1,1
2020-07-24,MIDDAY,371,0,2,0.09,0147,3,1,1
2020-07-24,EVENING,797,1,1,0.05,0147,2,1,1
2020-07-25,MIDDAY,888,4,2,0.09,0147,1,1,0
2020-07-25,EVENING,913,3,0,0.02,0147,1,1,0
2020-07-26,MIDDAY,671,4,0,0.02,1479,3,1,1
2020-07-26,EVENING,177,7,1,0.05,1479,2,1,1
2020-07-27,MIDDAY,720,5,2,0.09,1479,1,1,0
2020-07-27,EVENING,013,6,1,0.05,0147,2,1,1
2020-07-28,MIDDAY,790,7,1,0.05,0147,2,1,1
2020-07-28,EVENING,306,9,1,0.05,0147,1,1,0
2020-07-29,MIDDAY,311,4,2,0.09,0147,2,1,1
2020-07-29,EVENING,674,0,1,0.05,0147,3,1,1
2020-07-30,MIDDAY,533,5,1,0.05,0147,0,0,0
2020-07-30,EVENING,441,0,0,0.02,0147,3,1,1
2020-07-31,MIDDAY,916,3,0,0.02,0147,1,1,0
2020-07-31,EVENING,368,2,1,0.05,0147,0,0,0
2020-08-01,MIDDAY,673,6,2,0.09,0137,2,1,1
2020-08-01,EVENING,314,0,2,0.09,0137,3,1,1
2020-08-02,MIDDAY,818,0,1,0.05,0134,2,1,1
2020-08-02,EVENING,584,2,2,0.09,0134,1,1,0
2020-08-03,MIDDAY,207,2,1,0.05,0134,1,1,0
2020-08-03,EVENING,511,4,1,0.05,0137,1,1,0
2020-08-04,MIDDAY,626,9,0,0.02,0134,0,0,0
2020-08-04,EVENING,408,5,0,0.02,0146,2,1,1
2020-08-05,MIDDAY,247,2,0,0.02,0134,1,1,0
2020-08-05,EVENING,721,5,1,0.05,0147,2,1,1
2020-08-06,MIDDAY,997,8,2,0.09,0147,1,1,0
2020-08-06,EVENING,698,7,1,0.05,0147,1,1,0
2020-08-07,MIDDAY,842,4,3,0.04,0147,1,1,0
2020-08-07,EVENING,541,8,1,0.05,0147,2,1,1
2020-08-08,MIDDAY,968,7,2,0.09,0147,1,1,0
2020-08-08,EVENING,041,4,1,0.05,0147,3,1,1
2020-08-09,MIDDAY,824,8,0,0.02,0147,1,1,0
2020-08-09,EVENING,497,9,1,0.05,1478,2,1,1
2020-08-10,MIDDAY,536,1,1,0.05,1478,1,1,0
2020-08-10,EVENING,346,9,0,0.02,1478,1,1,0
2020-08-11,MIDDAY,119,9,2,0.09,1478,1,1,0
2020-08-11,EVENING,012,3,1,0.05,1489,1,1,0
2020-08-12,MIDDAY,030,6,1,0.05,1489,0,0,0
2020-08-12,EVENING,190,6,2,0.09,1468,2,1,1
2020-08-13,MIDDAY,393,0,2,0.09,0146,1,1,0
2020-08-13,EVENING,907,5,2,0.09,0149,2,1,1
2020-08-14,MIDDAY,553,0,2,0.09,0149,1,1,0
2020-08-14,EVENING,411,4,2,0.09,0149,2,1,1
2020-08-15,MIDDAY,556,2,0,0.02,0149,0,0,0
2020-08-15,EVENING,369,1,0,0.02,0149,2,1,1
2020-08-16,MIDDAY,613,8,1,0.05,1469,2,1,1
2020-08-16,EVENING,952,7,3,0.04,1369,1,1,0
2020-08-17,MIDDAY,280,1,0,0.02,1469,1,1,0
2020-08-17,EVENING,952,0,1,0.05,0169,2,1,1
2020-08-18,MIDDAY,094,1,2,0.09,0169,3,1,1
2020-08-18,EVENING,431,6,2,0.09,0169,2,1,1
2020-08-19,MIDDAY,160,5,2,0.09,0169,3,1,1
2020-08-19,EVENING,061,2,2,0.09,0169,3,1,1
2020-08-20,MIDDAY,878,7,3,0.04,0169,0,0,0
2020-08-20,EVENING,258,2,0,0.02,0169,0,0,0
2020-08-21,MIDDAY,999,6,1,0.05,0169,2,1,1
2020-08-21,EVENING,322,4,0,0.02,0169,0,0,0
2020-08-22,MIDDAY,445,5,0,0.02,0169,0,0,0
2020-08-22,EVENING,057,5,1,0.05,0169,1,1,0
2020-08-23,MIDDAY,156,3,1,0.05,0156,3,1,1
2020-08-23,EVENING,536,9,1,0.05,0156,2,1,1
2020-08-24,MIDDAY,387,9,3,0.04,0156,0,0,0
2020-08-24,EVENING,343,9,2,0.09,1356,1,1,0
2020-08-25,MIDDAY,102,2,2,0.09,3569,0,0,0
2020-08-25,EVENING,908,1,0,0.02,1359,2,1,1
2020-08-26,MIDDAY,109,1,2,0.09,0159,3,1,1
2020-08-26,EVENING,568,7,3,0.04,0159,1,1,0
2020-08-27,MIDDAY,681,0,0,0.02,0159,2,1,1
2020-08-27,EVENING,069,5,2,0.09,0169,3,1,1
2020-08-28,MIDDAY,236,6,2,0.09,0169,1,1,0
2020-08-28,EVENING,086,8,1,0.05,0169,2,1,1
2020-08-29,MIDDAY,518,8,1,0.05,0169,1,1,0
2020-08-29,EVENING,211,6,1,0.05,0169,2,1,1
2020-08-30,MIDDAY,680,3,1,0.05,0169,2,1,1
2020-08-30,EVENING,757,9,1,0.05,0168,0,0,0
2020-08-31,MIDDAY,809,4,0,0.02,0156,1,1,0
2020-08-31,EVENING,620,8,1,0.05,0689,3,1,1
2020-09-01,MIDDAY,907,6,2,0.09,0689,3,1,1
2020-09-01,EVENING,723,9,2,0.09,0689,1,1,0
2020-09-02,MIDDAY,429,2,2,0.09,0689,1,1,0
2020-09-02,EVENING,400,1,2,0.09,0689,1,1,0
2020-09-03,MIDDAY,631,1,1,0.05,0169,2,1,1
2020-09-03,EVENING,343,6,1,0.05,0169,1,1,0
2020-09-04,MIDDAY,253,9,2,0.09,0369,2,1,1
2020-09-04,EVENING,473,5,1,0.05,0369,1,1,0
2020-09-05,MIDDAY,133,0,2,0.09,0369,2,1,1
2020-09-05,EVENING,676,7,1,0.05,0369,1,1,0
2020-09-06,MIDDAY,365,6,0,0.02,0369,2,1,1
2020-09-06,EVENING,242,2,1,0.05,0369,0,0,0
2020-09-07,MIDDAY,390,5,0,0.02,0369,3,1,1
2020-09-07,EVENING,379,0,0,0.02,0369,3,1,1
2020-09-08,MIDDAY,310,0,3,0.04,0356,2,1,1
2020-09-08,EVENING,244,9,2,0.09,0369,1,1,0
2020-09-09,MIDDAY,105,3,0,0.02,0369,2,1,1
2020-09-09,EVENING,334,9,0,0.02,0369,2,1,1
2020-09-10,MIDDAY,210,9,1,0.05,0369,2,1,1
2020-09-10,EVENING,064,5,1,0.05,0139,1,1,0
2020-09-11,MIDDAY,100,6,1,0.05,0369,2,1,1
2020-09-11,EVENING,719,8,2,0.09,0369,1,1,0
2020-09-12,MIDDAY,530,5,1,0.05,0139,2,1,1
2020-09-12,EVENING,283,5,0,0.02,0139,1,1,0
2020-09-13,MIDDAY,879,1,2,0.09,0139,2,1,1
2020-09-13,EVENING,437,2,1,0.05,0139,1,1,0
2020-09-14,MIDDAY,254,1,1,0.05,0139,1,1,0
2020-09-14,EVENING,248,0,2,0.09,0139,1,1,0
2020-09-15,MIDDAY,391,0,2,0.09,0134,3,1,1
2020-09-15,EVENING,131,3,1,0.05,0139,2,1,1
2020-09-16,MIDDAY,712,6,2,0.09,0139,1,1,0
2020-09-16,EVENING,515,5,1,0.05,0139,1,1,0
2020-09-17,MIDDAY,181,7,1,0.05,0135,1,1,0
2020-09-17,EVENING,204,5,1,0.05,0139,1,1,0
2020-09-18,MIDDAY,172,2,0,0.02,0123,2,1,1
2020-09-18,EVENING,340,9,1,0.05,0123,2,1,1
2020-09-19,MIDDAY,532,7,0,0.02,0123,2,1,1
2020-09-19,EVENING,909,8,1,0.05,0123,1,1,0
2020-09-20,MIDDAY,031,3,0,0.02,0123,3,1,1
2020-09-20,EVENING,428,1,1,0.05,0123,2,1,1
2020-09-21,MIDDAY,013,1,1,0.05,0123,3,1,1
2020-09-21,EVENING,920,9,1,0.05,0123,2,1,1
2020-09-22,MIDDAY,332,0,1,0.05,0123,3,1,1
2020-09-22,EVENING,608,6,2,0.09,0123,1,1,0
2020-09-23,MIDDAY,616,8,1,0.05,0123,1,1,0
2020-09-23,EVENING,591,4,2,0.09,0123,1,1,0
2020-09-24,MIDDAY,834,5,1,0.05,0123,1,1,0
2020-09-24,EVENING,411,5,2,0.09,0123,1,1,0
2020-09-25,MIDDAY,917,8,2,0.09,0123,1,1,0
2020-09-25,EVENING,076,4,1,0.05,0123,1,1,0
2020-09-26,MIDDAY,097,3,1,0.05,0134,2,1,1
2020-09-26,EVENING,287,1,2,0.09,0134,1,1,0
2020-09-27,MIDDAY,627,6,1,0.05,0134,0,0,0
2020-09-27,EVENING,178,1,2,0.09,0137,2,1,1
2020-09-28,MIDDAY,616,3,1,0.05,0137,2,1,1
2020-09-28,EVENING,653,6,1,0.05,0137,1,1,0
2020-09-29,MIDDAY,420,1,2,0.09,0137,2,1,1
2020-09-29,EVENING,719,1,0,0.02,0137,2,1,1
2020-09-30,MIDDAY,973,2,1,0.05,0137,2,1,1
2020-09-30,EVENING,499,4,2,0.09,0137,0,0,0
2020-10-01,MIDDAY,285,1,1,0.05,0137,1,1,0
2020-10-01,EVENING,320,7,0,0.02,1237,3,1,1
2020-10-02,MIDDAY,010,8,1,0.05,0123,2,1,1
2020-10-02,EVENING,211,1,1,0.05,0123,2,1,1
2020-10-03,MIDDAY,264,0,1,0.05,0123,2,1,1
2020-10-03,EVENING,314,1,1,0.05,0127,1,1,0
2020-10-04,MIDDAY,596,3,1,0.05,0127,0,0,0
2020-10-04,EVENING,621,1,1,0.05,0123,2,1,1
2020-10-05,MIDDAY,491,2,1,0.05,1237,2,1,1
2020-10-05,EVENING,744,8,2,0.09,1234,1,1,0
2020-10-06,MIDDAY,047,7,1,0.05,1247,2,1,1
2020-10-06,EVENING,105,8,2,0.09,1247,1,1,0
2020-10-07,MIDDAY,289,7,1,0.05,1247,2,1,1
2020-10-07,EVENING,257,4,1,0.05,1247,3,1,1
2020-10-08,MIDDAY,242,7,2,0.09,1247,3,1,1
2020-10-08,EVENING,075,0,3,0.04,1247,1,1,0
2020-10-09,MIDDAY,703,0,1,0.05,1247,1,1,0
2020-10-09,EVENING,173,2,2,0.09,1247,3,1,1
2020-10-10,MIDDAY,309,3,2,0.09,1247,0,0,0
2020-10-10,EVENING,549,2,1,0.05,0127,1,1,0
2020-10-11,MIDDAY,577,6,1,0.05,0127,1,1,0
2020-10-11,EVENING,127,9,1,0.05,0127,3,1,1
2020-10-12,MIDDAY,788,6,1,0.05,1247,1,1,0
2020-10-12,EVENING,222,5,1,0.05,1247,1,1,0
2020-10-13,MIDDAY,621,1,0,0.02,0127,2,1,1
2020-10-13,EVENING,473,2,1,0.05,0127,2,1,1
2020-10-14,MIDDAY,660,0,1,0.05,1247,0,0,0
2020-10-14,EVENING,348,8,0,0.02,1247,1,1,0
2020-10-15,MIDDAY,527,2,0,0.02,1247,2,1,1
2020-10-15,EVENING,130,0,0,0.02,1247,1,1,0
2020-10-16,MIDDAY,296,6,0,0.02,1247,1,1,0
2020-10-16,EVENING,471,0,0,0.02,1247,3,1,1
2020-10-17,MIDDAY,228,1,0,0.02,1247,2,1,1
2020-10-17,EVENING,484,4,1,0.05,1247,1,1,0
2020-10-18,MIDDAY,803,4,1,0.05,1247,1,1,0
2020-10-18,EVENING,778,2,2,0.09,0247,2,1,1
2020-10-19,MIDDAY,086,1,1,0.05,2478,1,1,0
2020-10-19,EVENING,943,0,1,0.05,1278,0,0,0
2020-10-20,MIDDAY,642,4,1,0.05,0247,2,1,1
2020-10-20,EVENING,375,7,1,0.05,0247,1,1,0
2020-10-21,MIDDAY,997,2,0,0.02,0247,2,1,1
2020-10-21,EVENING,864,4,1,0.05,2347,1,1,0
2020-10-22,MIDDAY,694,8,0,0.02,2478,2,1,1
2020-10-22,EVENING,070,3,3,0.04,2478,1,1,0
2020-10-23,MIDDAY,202,9,0,0.02,2478,1,1,0
2020-10-23,EVENING,075,9,1,0.05,0247,2,1,1
2020-10-24,MIDDAY,376,6,2,0.09,0247,1,1,0
2020-10-24,EVENING,120,0,1,0.05,0247,2,1,1
2020-10-25,MIDDAY,386,5,0,0.02,0247,0,0,0
2020-10-25,EVENING,914,4,0,0.02,0237,0,0,0
2020-10-26,MIDDAY,695,1,0,0.02,0247,0,0,0
2020-10-26,EVENING,021,7,2,0.09,0467,2,1,1
2020-10-27,MIDDAY,284,1,1,0.05,0247,2,1,1
2020-10-27,EVENING,679,5,2,0.09,0127,1,1,0
2020-10-28,MIDDAY,494,3,0,0.02,0127,0,0,0
2020-10-28,EVENING,024,5,1,0.05,2479,2,1,1
2020-10-29,MIDDAY,946,7,1,0.05,0247,2,1,1
2020-10-29,EVENING,722,9,1,0.05,2479,3,1,1
2020-10-30,MIDDAY,018,5,2,0.09,2479,0,0,0
2020-10-30,EVENING,730,7,0,0.02,2479,1,1,0
2020-10-31,MIDDAY,396,7,1,0.05,0279,2,1,1
2020-10-31,EVENING,590,7,2,0.09,0279,3,1,1
2020-11-01,MIDDAY,045,0,2,0.09,0479,2,1,1
2020-11-01,EVENING,499,4,2,0.09,0479,2,1,1
2020-11-02,MIDDAY,354,5,1,0.05,0479,1,1,0
2020-11-02,EVENING,366,9,1,0.05,0479,1,1,0
2020-11-03,MIDDAY,642,3,1,0.05,0479,1,1,0
2020-11-03,EVENING,761,0,2,0.09,0479,2,1,1
2020-11-04,MIDDAY,379,5,1,0.05,0479,2,1,1
2020-11-04,EVENING,930,2,1,0.05,0479,2,1,1
2020-11-05,MIDDAY,920,2,2,0.09,0379,2,1,1
2020-11-05,EVENING,781,1,3,0.04,0379,1,1,0
2020-11-06,MIDDAY,094,1,0,0.02,0379,2,1,1
2020-11-06,EVENING,741,5,1,0.05,0479,2,1,1
2020-11-07,MIDDAY,633,1,2,0.09,0479,0,0,0
2020-11-07,EVENING,899,2,1,0.05,0479,1,1,0
2020-11-08,MIDDAY,021,1,0,0.02,0479,1,1,0
2020-11-08,EVENING,049,8,1,0.05,0479,3,1,1
2020-11-09,MIDDAY,983,7,1,0.05,0479,2,1,1
2020-11-09,EVENING,558,4,2,0.09,0479,1,1,0
2020-11-10,MIDDAY,352,9,1,0.05,0479,1,1,0
2020-11-10,EVENING,304,3,1,0.05,0479,2,1,1
2020-11-11,MIDDAY,507,4,1,0.05,0349,2,1,1
2020-11-11,EVENING,622,2,2,0.09,0349,0,0,0
2020-11-12,MIDDAY,312,9,0,0.02,0349,2,1,1
2020-11-12,EVENING,451,8,1,0.05,0349,1,1,0
2020-11-13,MIDDAY,251,3,1,0.05,0349,1,1,0
2020-11-13,EVENING,767,5,2,0.09,3459,1,1,0
2020-11-14,MIDDAY,700,1,1,0.05,3459,0,0,0
2020-11-14,EVENING,004,7,1,0.05,1359,0,0,0
2020-11-15,MIDDAY,657,7,2,0.09,0379,1,1,0
2020-11-15,EVENING,154,7,1,0.05,0157,3,1,1
2020-11-16,MIDDAY,573,1,2,0.09,0157,3,1,1
2020-11-16,EVENING,343,7,3,0.04,0157,1,1,0
2020-11-17,MIDDAY,971,1,2,0.09,1457,2,1,1
2020-11-17,EVENING,644,4,1,0.05,1457,1,1,0
2020-11-18,MIDDAY,175,1,0,0.02,1457,3,1,1
2020-11-18,EVENING,064,5,0,0.02,1457,2,1,1
2020-11-19,MIDDAY,544,3,1,0.05,1457,2,1,1
2020-11-19,EVENING,550,8,2,0.09,1457,1,1,0
2020-11-20,MIDDAY,796,7,1,0.05,1457,1,1,0
2020-11-20,EVENING,661,9,0,0.02,1457,1,1,0
2020-11-21,MIDDAY,678,4,2,0.09,1457,2,1,1
2020-11-21,EVENING,839,1,1,0.05,1457,1,1,0
2020-11-22,MIDDAY,511,6,1,0.05,1457,2,1,1
2020-11-22,EVENING,140,0,1,0.05,1457,2,1,1
2020-11-23,MIDDAY,265,9,1,0.05,1457,1,1,0
2020-11-23,EVENING,245,9,0,0.02,1457,2,1,1
2020-11-24,MIDDAY,284,1,3,0.04,1457,2,1,1
2020-11-24,EVENING,466,0,2,0.09,1457,1,1,0
2020-11-25,MIDDAY,973,1,1,0.05,1456,1,1,0
2020-11-25,EVENING,594,1,0,0.02,1457,3,1,1
2020-11-26,MIDDAY,141,3,2,0.09,1457,2,1,1
2020-11-26,EVENING,724,7,2,0.09,1459,1,1,0
2020-11-27,MIDDAY,050,6,1,0.05,1457,1,1,0
2020-11-27,EVENING,551,7,0,0.02,1457,3,1,1
2020-11-28,MIDDAY,144,9,1,0.05,1457,2,1,1
2020-11-28,EVENING,242,1,1,0.05,1457,2,1,1
2020-11-29,MIDDAY,128,3,2,0.09,1459,1,1,0
2020-11-29,EVENING,000,5,2,0.09,1459,1,1,0
2020-11-30,MIDDAY,196,0,0,0.02,1459,2,1,1
2020-11-30,EVENING,185,4,1,0.05,1459,3,1,1
2020-12-01,MIDDAY,988,8,1,0.05,1459,1,1,0
2020-12-01,EVENING,437,3,1,0.05,1459,1,1,0
2020-12-02,MIDDAY,218,4,0,0.02,1459,2,1,1
2020-12-02,EVENING,086,2,1,0.05,1459,0,0,0
2020-12-03,MIDDAY,621,5,2,0.09,1459,2,1,1
2020-12-03,EVENING,080,4,2,0.09,1245,1,1,0
2020-12-04,MIDDAY,620,3,0,0.02,1458,0,0,0
2020-12-04,EVENING,502,2,1,0.05,1245,2,1,1
2020-12-05,MIDDAY,282,0,2,0.09,1245,1,1,0
2020-12-05,EVENING,559,3,2,0.09,1245,1,1,0
2020-12-06,MIDDAY,220,9,0,0.02,1245,1,1,0
2020-12-06,EVENING,925,6,1,0.05,0124,1,1,0
2020-12-07,MIDDAY,987,2,2,0.09,1245,1,1,0
2020-12-07,EVENING,332,2,2,0.09,1245,1,1,0
2020-12-08,MIDDAY,770,0,1,0.05,1245,0,0,0
2020-12-08,EVENING,864,9,0,0.02,0125,0,0,0
2020-12-09,MIDDAY,898,6,0,0.02,0245,0,0,0
2020-12-09,EVENING,106,8,3,0.04,0289,2,1,1
2020-12-10,MIDDAY,190,5,2,0.09,1289,2,1,1
2020-12-10,EVENING,249,2,2,0.09,0129,2,1,1
2020-12-11,MIDDAY,369,3,1,0.05,0289,1,1,0
2020-12-11,EVENING,139,3,1,0.05,0269,1,1,0
2020-12-12,MIDDAY,854,4,2,0.09,0269,0,0,0
2020-12-12,EVENING,418,8,0,0.02,2689,1,1,0
2020-12-13,MIDDAY,935,1,2,0.09,2489,1,1,0
2020-12-13,EVENING,006,0,1,0.05,1289,0,0,0
2020-12-14,MIDDAY,533,1,0,0.02,1289,1,1,0
2020-12-14,EVENING,012,9,0,0.02,1289,3,1,1
2020-12-15,MIDDAY,438,2,1,0.05,0129,1,1,0
2020-12-15,EVENING,301,8,1,0.05,1289,2,1,1
2020-12-16,MIDDAY,972,4,2,0.09,0189,1,1,0
2020-12-16,EVENING,746,1,0,0.02,0129,1,1,0
2020-12-17,MIDDAY,381,4,2,0.09,1249,2,1,1
2020-12-17,EVENING,196,7,2,0.09,1489,2,1,1
2020-12-18,MIDDAY,890,3,1,0.05,1349,2,1,1
2020-12-18,EVENING,722,0,1,0.05,1489,0,0,0
2020-12-19,MIDDAY,018,1,1,0.05,1389,2,1,1
2020-12-19,EVENING,243,1,1,0.05,0189,1,1,0
2020-12-20,MIDDAY,893,2,1,0.05,1389,3,1,1
2020-12-20,EVENING,544,3,2,0.09,1389,1,1,0
2020-12-21,MIDDAY,111,2,1,0.05,1389,1,1,0
2020-12-21,EVENING,006,2,0,0.02,1389,0,0,0
2020-12-22,MIDDAY,228,3,1,0.05,1239,2,1,1
2020-12-22,EVENING,844,7,1,0.05,1238,1,1,0
2020-12-23,MIDDAY,387,1,1,0.05,1238,3,1,1
2020-12-23,EVENING,589,3,2,0.09,1238,2,1,1
2020-12-24,MIDDAY,740,8,2,0.09,1238,1,1,0
2020-12-24,EVENING,154,9,1,0.05,1238,1,1,0
2020-12-25,MIDDAY,364,7,1,0.05,1238,1,1,0
2020-12-25,EVENING,971,4,1,0.05,1348,2,1,1
2020-12-26,MIDDAY,012,8,2,0.09,1348,2,1,1
2020-12-26,EVENING,684,2,1,0.05,1348,2,1,1
2020-12-27,MIDDAY,427,6,2,0.09,1248,2,1,1
2020-12-27,EVENING,642,2,3,0.04,1248,2,1,1
2020-12-28,MIDDAY,988,9,3,0.04,1248,1,1,0
2020-12-28,EVENING,957,8,0,0.02,1248,1,1,0
2020-12-29,MIDDAY,417,4,2,0.09,2489,1,1,0
2020-12-29,EVENING,965,6,1,0.05,1248,0,0,0
2020-12-30,MIDDAY,161,2,0,0.02,2489,1,1,0
2020-12-30,EVENING,066,0,1,0.05,1248,0,0,0
2020-12-31,MIDDAY,599,2,1,0.05,1248,1,1,0
2020-12-31,EVENING,584,0,0,0.02,2489,2,1,1
2021-01-01,MIDDAY,442,0,1,0.05,2489,2,1,1
2021-01-01,EVENING,829,7,2,0.09,2489,3,1,1
2021-01-02,MIDDAY,853,7,1,0.05,2489,1,1,0
2021-01-02,EVENING,462,9,2,0.09,2489,3,1,1
2021-01-03,MIDDAY,918,5,0,0.02,2489,2,1,1
2021-01-03,EVENING,856,1,1,0.05,2489,1,1,0
2021-01-04,MIDDAY,124,3,3,0.04,2489,2,1,1
2021-01-04,EVENING,746,7,1,0.05,2489,1,1,0
2021-01-05,MIDDAY,711,6,1,0.05,2489,0,0,0
2021-01-05,EVENING,560,7,2,0.09,1248,0,0,0
2021-01-06,MIDDAY,753,2,2,0.09,1468,0,0,0
2021-01-06,EVENING,622,5,2,0.09,2467,2,1,1
2021-01-07,MIDDAY,370,3,2,0.09,2467,1,1,0
2021-01-07,EVENING,759,6,0,0.02,2467,2,1,1
2021-01-08,MIDDAY,707,2,1,0.05,2567,2,1,1
2021-01-08,EVENING,359,3,1,0.05,2567,1,1,0
2021-01-09,MIDDAY,142,3,0,0.02,2567,1,1,0
2021-01-09,EVENING,060,4,1,0.05,2567,1,1,0
2021-01-10,MIDDAY,286,5,1,0.05,2567,3,1,1
2021-01-10,EVENING,112,4,1,0.05,2567,1,1,0
2021-01-11,MIDDAY,091,3,1,0.05,2567,0,0,0
2021-01-11,EVENING,369,1,1,0.05,2567,1,1,0
2021-01-12,MIDDAY,746,9,3,0.04,2567,2,1,1
2021-01-12,EVENING,391,8,2,0.09,2467,0,0,0
2021-01-13,MIDDAY,858,4,1,0.05,1246,1,1,0
2021-01-13,EVENING,642,2,1,0.05,2456,3,1,1
2021-01-14,MIDDAY,927,2,1,0.05,2456,1,1,0
2021-01-14,EVENING,339,3,1,0.05,2467,0,0,0
2021-01-15,MIDDAY,303,4,1,0.05,2469,1,1,0
2021-01-15,EVENING,184,7,1,0.05,2469,1,1,0
2021-01-16,MIDDAY,492,7,1,0.05,3467,2,1,1
2021-01-16,EVENING,896,3,2,0.09,2479,1,1,0
2021-01-17,MIDDAY,792,8,1,0.05,4679,2,1,1
2021-01-17,EVENING,816,9,2,0.09,2479,1,1,0
2021-01-18,MIDDAY,840,5,2,0.09,2479,1,1,0
2021-01-18,EVENING,498,2,1,0.05,2469,3,1,1
2021-01-19,MIDDAY,288,0,2,0.09,2489,2,1,1
2021-01-19,EVENING,966,1,2,0.09,2489,1,1,0
2021-01-20,MIDDAY,493,5,0,0.02,2489,2,1,1
2021-01-20,EVENING,039,0,1,0.05,2489,1,1,0
2021-01-21,MIDDAY,664,8,2,0.09,2489,2,1,1
2021-01-21,EVENING,306,4,0,0.02,4689,2,1,1
2021-01-22,MIDDAY,752,5,2,0.09,4689,0,0,0
2021-01-22,EVENING,830,4,0,0.02,4689,2,1,1
2021-01-23,MIDDAY,210,7,0,0.02,4689,0,0,0
2021-01-23,EVENING,744,0,1,0.05,2489,1,1,0
2021-01-24,MIDDAY,694,7,2,0.09,2489,2,1,1
2021-01-24,EVENING,636,8,2,0.09,4679,1,1,0
2021-01-25,MIDDAY,692,6,1,0.05,3489,1,1,0
2021-01-25,EVENING,977,4,1,0.05,4689,2,1,1
2021-01-26,MIDDAY,954,4,1,0.05,4679,2,1,1
2021-01-26,EVENING,129,3,2,0.09,4679,1,1,0
2021-01-27,MIDDAY,276,2,1,0.05,3479,1,1,0
2021-01-27,EVENING,687,5,1,0.05,4679,2,1,1
2021-01-28,MIDDAY,985,5,2,0.09,4679,1,1,0
2021-01-28,EVENING,441,5,2,0.09,4679,1,1,0
2021-01-29,MIDDAY,131,4,1,0.05,4689,1,1,0
2021-01-29,EVENING,452,1,2,0.09,4689,1,1,0
2021-01-30,MIDDAY,323,0,2,0.09,2469,1,1,0
2021-01-30,EVENING,368,5,1,0.05,2349,1,1,0
2021-01-31,MIDDAY,394,7,1,0.05,2349,3,1,1
2021-01-31,EVENING,033,3,1,0.05,3469,1,1,0
2021-02-01,MIDDAY,016,0,1,0.05,3469,1,1,0
2021-02-01,EVENING,683,3,1,0.05,3469,2,1,1
2021-02-02,MIDDAY,220,6,1,0.05,3469,1,1,0
2021-02-02,EVENING,161,1,1,0.05,2346,1,1,0
2021-02-03,MIDDAY,062,1,1,0.05,2346,2,1,1
2021-02-03,EVENING,491,6,2,0.09,2346,2,1,1
2021-02-04,MIDDAY,599,6,2,0.09,3469,2,1,1
2021-02-04,EVENING,471,3,2,0.09,1469,2,1,1
2021-02-05,MIDDAY,483,6,0,0.02,3469,3,1,1
2021-02-05,EVENING,415,3,2,0.09,3469,2,1,1
2021-02-06,MIDDAY,202,1,2,0.09,1346,1,1,0
2021-02-06,EVENING,365,9,1,0.05,1346,2,1,1
2021-02-07,MIDDAY,127,4,0,0.02,1346,2,1,1
2021-02-07,EVENING,315,8,0,0.02,1346,2,1,1
2021-02-08,MIDDAY,389,7,1,0.05,1346,1,1,0
2021-02-08,EVENING,709,5,2,0.09,1346,0,0,0
2021-02-09,MIDDAY,455,0,2,0.09,1346,1,1,0
2021-02-09,EVENING,591,3,2,0.09,1346,2,1,1
2021-02-10,MIDDAY,138,8,1,0.05,1345,2,1,1
2021-02-10,EVENING,808,1,2,0.09,1346,1,1,0
2021-02-11,MIDDAY,509,2,2,0.09,1356,1,1,0
2021-02-11,EVENING,132,0,1,0.05,0135,3,1,1
2021-02-12,MIDDAY,495,5,2,0.09,0135,1,1,0
2021-02-12,EVENING,124,6,0,0.02,0139,1,1,0
2021-02-13,MIDDAY,136,5,1,0.05,0135,3,1,1
2021-02-13,EVENING,334,2,2,0.09,1356,1,1,0
2021-02-14,MIDDAY,504,3,1,0.05,1345,3,1,1
2021-02-14,EVENING,781,3,2,0.09,1345,2,1,1
2021-02-15,MIDDAY,981,8,1,0.05,1345,1,1,0
2021-02-15,EVENING,657,8,2,0.09,1345,1,1,0
2021-02-16,MIDDAY,912,2,1,0.05,1345,1,1,0
2021-02-16,EVENING,659,2,0,0.02,1345,1,1,0
2021-02-17,MIDDAY,759,5,2,0.09,1359,2,1,1
2021-02-17,EVENING,515,5,2,0.09,1359,2,1,1
2021-02-18,MIDDAY,282,7,1,0.05,1359,0,0,0
2021-02-18,EVENING,502,3,0,0.02,1359,2,1,1
2021-02-19,MIDDAY,655,6,1,0.05,1359,1,1,0
2021-02-19,EVENING,392,3,1,0.05,1359,2,1,1
2021-02-20,MIDDAY,421,6,0,0.02,1359,1,1,0
2021-02-20,EVENING,410,2,1,0.05,1235,2,1,1
2021-02-21,MIDDAY,315,4,3,0.04,1235,3,1,1
2021-02-21,EVENING,363,4,2,0.09,1235,1,1,0
2021-02-22,MIDDAY,886,7,2,0.09,1235,0,0,0
2021-02-22,EVENING,800,5,1,0.05,1235,1,1,0
2021-02-23,MIDDAY,461,1,1,0.05,1235,1,1,0
2021-02-23,EVENING,574,5,0,0.02,1235,1,1,0
2021-02-24,MIDDAY,006,9,1,0.05,1456,1,1,0
2021-02-24,EVENING,028,8,0,0.02,1456,0,0,0
2021-02-25,MIDDAY,930,0,1,0.05,1456,0,0,0
2021-02-25,EVENING,405,1,1,0.05,1356,2,1,1
2021-02-26,MIDDAY,190,2,1,0.05,0145,2,1,1
2021-02-26,EVENING,934,5,2,0.09,0156,1,1,0
2021-02-27,MIDDAY,944,9,1,0.05,0159,1,1,0
2021-02-27,EVENING,469,6,2,0.09,1459,2,1,1
2021-02-28,MIDDAY,868,3,2,0.09,1459,0,0,0
2021-02-28,EVENING,704,9,1,0.05,1459,2,1,1
2021-03-01,MIDDAY,780,9,0,0.02,0459,2,1,1
2021-03-01,EVENING,269,5,3,0.04,0459,2,1,1
2021-03-02,MIDDAY,751,1,1,0.05,0459,1,1,0
2021-03-02,EVENING,546,5,1,0.05,0459,2,1,1
2021-03-03,MIDDAY,959,1,1,0.05,0459,2,1,1
2021-03-03,EVENING,196,6,1,0.05,4569,2,1,1
2021-03-04,MIDDAY,980,2,2,0.09,1459,1,1,0
2021-03-04,EVENING,084,3,1,0.05,1459,1,1,0
2021-03-05,MIDDAY,432,0,2,0.09,0459,2,1,1
2021-03-05,EVENING,351,3,3,0.04,0459,1,1,0
2021-03-06,MIDDAY,959,7,1,0.05,0459,2,1,1
2021-03-06,EVENING,872,3,1,0.05,0459,0,0,0
2021-03-07,MIDDAY,722,0,1,0.05,0459,1,1,0
2021-03-07,EVENING,919,3,2,0.09,0459,1,1,0
2021-03-08,MIDDAY,068,5,0,0.02,0359,2,1,1
2021-03-08,EVENING,302,7,0,0.02,0359,2,1,1
2021-03-09,MIDDAY,350,9,1,0.05,0359,4,1,1
2021-03-09,EVENING,941,7,2,0.09,0359,1,1,0
2021-03-10,MIDDAY,493,5,1,0.05,0359,3,1,1
2021-03-10,EVENING,507,1,2,0.09,0359,2,1,1
2021-03-11,MIDDAY,808,6,1,0.05,0359,1,1,0
2021-03-11,EVENING,619,8,1,0.05,0359,1,1,0
2021-03-12,MIDDAY,072,7,2,0.09,0359,1,1,0
2021-03-12,EVENING,264,3,0,0.02,0579,0,0,0
2021-03-13,MIDDAY,960,8,1,0.05,0579,2,1,1
2021-03-13,EVENING,909,7,1,0.05,0359,2,1,1
2021-03-14,MIDDAY,454,2,2,0.09,0579,1,1,0
2021-03-14,EVENING,806,2,0,0.02,0579,1,1,0
2021-03-15,MIDDAY,407,0,1,0.05,0259,1,1,0
2021-03-15,EVENING,808,1,1,0.05,0279,1,1,0
2021-03-16,MIDDAY,609,6,1,0.05,0289,2,1,1
2021-03-16,EVENING,526,1,1,0.05,0289,1,1,0
2021-03-17,MIDDAY,176,6,1,0.05,0269,1,1,0
2021-03-17,EVENING,369,1,2,0.09,0679,2,1,1
2021-03-18,MIDDAY,833,2,2,0.09,0679,0,0,0
2021-03-18,EVENING,926,5,1,0.05,0679,2,1,1
2021-03-19,MIDDAY,252,6,1,0.05,0269,2,1,1
2021-03-19,EVENING,489,1,3,0.04,0269,1,1,0
2021-03-20,MIDDAY,474,1,0,0.02,0169,1,1,0
2021-03-20,EVENING,330,0,2,0.09,0169,1,1,0
2021-03-21,MIDDAY,386,6,0,0.02,0169,1,1,0
2021-03-21,EVENING,734,0,1,0.05,0169,1,1,0
2021-03-22,MIDDAY,021,8,1,0.05,0169,2,1,1
2021-03-22,EVENING,189,6,1,0.05,0169,3,1,1
2021-03-23,MIDDAY,715,4,2,0.09,0689,0,0,0
2021-03-23,EVENING,933,4,1,0.05,0169,1,1,0
2021-03-24,MIDDAY,566,0,1,0.05,0169,2,1,1
2021-03-24,EVENING,187,8,0,0.02,0169,1,1,0
2021-03-25,MIDDAY,363,7,0,0.02,0168,1,1,0
2021-03-25,EVENING,712,6,1,0.05,0168,2,1,1
2021-03-26,MIDDAY,876,3,2,0.09,0167,2,1,1
2021-03-26,EVENING,764,3,2,0.09,0167,2,1,1
2021-03-27,MIDDAY,969,3,3,0.04,0167,1,1,0
2021-03-27,EVENING,950,3,2,0.09,1367,1,1,0
2021-03-28,MIDDAY,340,2,2,0.09,1367,1,1,0
2021-03-28,EVENING,035,9,2,0.09,0367,2,1,1
2021-03-29,MIDDAY,673,7,2,0.09,0367,3,1,1
2021-03-29,EVENING,098,2,1,0.05,0367,1,1,0
2021-03-30,MIDDAY,577,4,0,0.02,0367,1,1,0
2021-03-30,EVENING,167,6,0,0.02,0367,2,1,1
2021-03-31,MIDDAY,751,2,1,0.05,0367,1,1,0
2021-03-31,EVENING,743,8,2,0.09,0367,2,1,1
2021-04-01,MIDDAY,731,5,1,0.05,0367,2,1,1
2021-04-01,EVENING,575,7,2,0.09,0367,1,1,0
2021-04-02,MIDDAY,197,8,2,0.09,0367,1,1,0
2021-04-02,EVENING,657,0,1,0.05,1367,2,1,1
2021-04-03,MIDDAY,876,2,1,0.05,1367,2,1,1
2021-04-03,EVENING,509,3,2,0.09,1367,1,1,0
2021-04-04,MIDDAY,503,7,0,0.02,3567,3,1,1
2021-04-04,EVENING,916,2,3,0.04,0367,1,1,0
2021-04-05,MIDDAY,169,9,0,0.02,3567,1,1,0
2021-04-05,EVENING,311,4,3,0.04,0367,1,1,0
2021-04-06,MIDDAY,425,9,1,0.05,1367,0,0,0
2021-04-06,EVENING,829,5,1,0.05,3567,1,1,0
2021-04-07,MIDDAY,969,9,3,0.04,3679,2,1,1
2021-04-07,EVENING,268,3,1,0.05,3679,2,1,1
2021-04-08,MIDDAY,624,1,1,0.05,3679,1,1,0
2021-04-08,EVENING,737,9,2,0.09,3679,3,1,1
2021-04-09,MIDDAY,953,6,0,0.02,3679,3,1,1
2021-04-09,EVENING,425,9,2,0.09,3679,1,1,0
2021-04-10,MIDDAY,741,1,2,0.09,5679,1,1,0
2021-04-10,EVENING,237,6,1,0.05,5679,2,1,1
2021-04-11,MIDDAY,646,1,1,0.05,3679,1,1,0
2021-04-11,EVENING,208,7,1,0.05,3679,1,1,0
2021-04-12,MIDDAY,928,5,0,0.02,2367,1,1,0
2021-04-12,EVENING,779,7,2,0.09,2679,2,1,1
2021-04-13,MIDDAY,408,9,1,0.05,2679,1,1,0
2021-04-13,EVENING,086,2,1,0.05,2679,2,1,1
2021-04-14,MIDDAY,259,9,2,0.09,2679,2,1,1
2021-04-14,EVENING,625,4,1,0.05,2679,2,1,1
2021-04-15,MIDDAY,039,0,2,0.09,2679,1,1,0
2021-04-15,EVENING,955,8,0,0.02,2679,1,1,0
2021-04-16,MIDDAY,237,2,1,0.05,2569,1,1,0
2021-04-16,EVENING,315,3,0,0.02,2569,1,1,0
2021-04-17,MIDDAY,021,7,1,0.05,2569,1,1,0
2021-04-17,EVENING,296,1,1,0.05,2359,2,1,1
2021-04-18,MIDDAY,868,6,2,0.09,2569,1,1,0
2021-04-18,EVENING,760,5,1,0.05,2569,2,1,1
2021-04-19,MIDDAY,903,4,1,0.05,2569,1,1,0
2021-04-19,EVENING,979,2,1,0.05,2369,2,1,1
2021-04-20,MIDDAY,527,7,1,0.05,2679,2,1,1
2021-04-20,EVENING,398,8,2,0.09,2579,1,1,0
2021-04-21,MIDDAY,528,5,0,0.02,2579,2,1,1
2021-04-21,EVENING,363,3,1,0.05,2579,0,0,0
2021-04-22,MIDDAY,038,0,0,0.02,2579,0,0,0
2021-04-22,EVENING,871,4,1,0.05,2579,1,1,0
2021-04-23,MIDDAY,734,6,1,0.05,2789,1,1,0
2021-04-23,EVENING,177,1,2,0.09,2789,1,1,0
2021-04-24,MIDDAY,651,0,1,0.05,2789,0,0,0
2021-04-24,EVENING,151,7,1,0.05,2579,2,1,1
2021-04-25,MIDDAY,309,9,2,0.09,2579,1,1,0
2021-04-25,EVENING,467,7,0,0.02,3579,1,1,0
2021-04-26,MIDDAY,496,9,0,0.02,3567,1,1,0
2021-04-26,EVENING,974,7,2,0.09,3679,2,1,1
2021-04-27,MIDDAY,546,8,2,0.09,3679,1,1,0
2021-04-27,EVENING,193,5,1,0.05,3679,2,1,1
2021-04-28,MIDDAY,900,8,1,0.05,5679,1,1,0
2021-04-28,EVENING,032,6,1,0.05,5679,1,1,0
2021-04-29,MIDDAY,795,8,1,0.05,3679,2,1,1
2021-04-29,EVENING,286,7,0,0.02,5679,2,1,1
2021-04-30,MIDDAY,807,7,2,0.09,6789,2,1,1
2021-04-30,EVENING,245,3,2,0.09,6789,0,0,0
2021-05-01,MIDDAY,055,3,0,0.02,6789,0,0,0
2021-05-01,EVENING,370,5,2,0.09,3579,3,1,1
2021-05-02,MIDDAY,017,8,3,0.04,3578,2,1,1
2021-05-02,EVENING,529,4,2,0.09,3578,1,1,0
2021-05-03,MIDDAY,576,6,0,0.02,3578,2,1,1
2021-05-03,EVENING,134,4,1,0.05,0357,1,1,0
2021-05-04,MIDDAY,199,5,0,0.02,0357,1,1,0
2021-05-04,EVENING,848,9,1,0.05,0357,0,0,0
2021-05-05,MIDDAY,452,3,1,0.05,4579,2,1,1
2021-05-05,EVENING,960,2,1,0.05,3579,1,1,0
2021-05-06,MIDDAY,052,2,1,0.05,0579,2,1,1
2021-05-06,EVENING,959,6,2,0.09,0579,2,1,1
2021-05-07,MIDDAY,844,9,1,0.05,0579,1,1,0
2021-05-07,EVENING,950,8,1,0.05,0459,3,1,1
2021-05-08,MIDDAY,696,1,2,0.09,0459,1,1,0
2021-05-08,EVENING,139,4,1,0.05,0589,1,1,0
2021-05-09,MIDDAY,993,7,2,0.09,0459,1,1,0
2021-05-09,EVENING,455,2,2,0.09,0359,1,1,0
2021-05-10,MIDDAY,114,8,0,0.02,0359,0,0,0
2021-05-10,EVENING,651,2,1,0.05,4589,1,1,0
2021-05-11,MIDDAY,591,8,1,0.05,2459,2,1,1
2021-05-11,EVENING,163,8,2,0.09,4589,1,1,0
2021-05-12,MIDDAY,883,0,2,0.09,1589,1,1,0
2021-05-12,EVENING,012,7,2,0.09,3589,0,0,0
2021-05-13,MIDDAY,495,6,1,0.05,1359,2,1,1
2021-05-13,EVENING,513,2,0,0.02,1459,2,1,1
2021-05-14,MIDDAY,420,1,1,0.05,1359,1,1,0
2021-05-14,EVENING,154,0,2,0.09,1459,3,1,1
2021-05-15,MIDDAY,330,8,3,0.04,1459,0,0,0
2021-05-15,EVENING,335,2,1,0.05,1459,1,1,0
2021-05-16,MIDDAY,626,0,1,0.05,1359,0,0,0
2021-05-16,EVENING,600,8,1,0.05,0159,1,1,0
2021-05-17,MIDDAY,609,7,2,0.09,0145,1,1,0
2021-05-17,EVENING,103,2,2,0.09,0159,2,1,1
2021-05-18,MIDDAY,311,6,1,0.05,0159,1,1,0
2021-05-18,EVENING,881,6,2,0.09,0135,1,1,0
2021-05-19,MIDDAY,655,1,2,0.09,0156,3,1,1
2021-05-19,EVENING,057,8,2,0.09,0156,2,1,1
2021-05-20,MIDDAY,914,0,1,0.05,0156,2,1,1
2021-05-20,EVENING,084,8,1,0.05,0156,1,1,0
2021-05-21,MIDDAY,426,4,2,0.09,0156,1,1,0
2021-05-21,EVENING,081,2,1,0.05,0156,2,1,1
2021-05-22,MIDDAY,157,9,1,0.05,0168,1,1,0
2021-05-22,EVENING,824,2,1,0.05,0158,1,1,0
2021-05-23,MIDDAY,403,5,0,0.02,0158,2,1,1
2021-05-23,EVENING,430,9,1,0.05,0158,1,1,0
2021-05-24,MIDDAY,386,9,3,0.04,0145,0,0,0
2021-05-24,EVENING,543,4,2,0.09,0148,1,1,0
2021-05-25,MIDDAY,268,4,1,0.05,0145,1,1,0
2021-05-25,EVENING,758,4,1,0.05,0145,2,1,1
2021-05-26,MIDDAY,025,4,2,0.09,0458,3,1,1
2021-05-26,EVENING,081,7,2,0.09,0458,2,1,1
2021-05-27,MIDDAY,954,1,1,0.05,0458,2,1,1
2021-05-27,EVENING,254,6,1,0.05,0458,2,1,1
2021-05-28,MIDDAY,448,7,2,0.09,0458,2,1,1
2021-05-28,EVENING,418,3,1,0.05,0458,2,1,1
2021-05-29,MIDDAY,271,1,2,0.09,1458,1,1,0
2021-05-29,EVENING,937,4,1,0.05,1458,1,1,0
2021-05-30,MIDDAY,706,1,1,0.05,1458,1,1,0
2021-05-30,EVENING,740,8,1,0.05,0148,3,1,1
2021-05-31,MIDDAY,382,6,2,0.09,0148,1,1,0
2021-05-31,EVENING,640,6,1,0.05,0148,2,1,1
2021-06-01,MIDDAY,702,7,1,0.05,0148,1,1,0
2021-06-01,EVENING,157,4,1,0.05,0148,2,1,1
2021-06-02,MIDDAY,429,3,1,0.05,0148,1,1,0
2021-06-02,EVENING,607,5,1,0.05,0124,1,1,0
2021-06-03,MIDDAY,554,5,0,0.02,0478,1,1,0
2021-06-03,EVENING,107,7,1,0.05,0457,2,1,1
2021-06-04,MIDDAY,550,0,0,0.02,0457,2,1,1
2021-06-04,EVENING,651,7,1,0.05,0457,2,1,1
2021-06-05,MIDDAY,693,4,1,0.05,0457,1,1,0
2021-06-05,EVENING,593,0,1,0.05,0457,2,1,1
2021-06-06,MIDDAY,204,7,2,0.09,0457,3,1,1
2021-06-06,EVENING,280,7,1,0.05,0457,2,1,1
2021-06-07,MIDDAY,721,8,3,0.04,0457,1,1,0
2021-06-07,EVENING,720,7,3,0.04,0457,2,1,1
2021-06-08,MIDDAY,761,5,2,0.09,0247,1,1,0
2021-06-08,EVENING,435,6,1,0.05,0147,1,1,0
2021-06-09,MIDDAY,440,9,2,0.09,0457,2,1,1
2021-06-09,EVENING,631,4,1,0.05,0457,1,1,0
2021-06-10,MIDDAY,870,9,1,0.05,0467,2,1,1
2021-06-10,EVENING,318,6,0,0.02,0467,1,1,0
2021-06-11,MIDDAY,578,7,1,0.05,0467,1,1,0
2021-06-11,EVENING,598,6,1,0.05,0467,1,1,0
2021-06-12,MIDDAY,070,3,2,0.09,0467,2,1,1
2021-06-12,EVENING,050,6,0,0.02,0467,2,1,1
2021-06-13,MIDDAY,114,9,1,0.05,0457,1,1,0
2021-06-13,EVENING,074,6,0,0.02,0457,3,1,1
2021-06-14,MIDDAY,534,3,1,0.05,0467,1,1,0
2021-06-14,EVENING,469,8,1,0.05,0457,1,1,0
2021-06-15,MIDDAY,383,3,1,0.05,0467,0,0,0
2021-06-15,EVENING,296,0,1,0.05,0457,1,1,0
2021-06-16,MIDDAY,389,9,0,0.02,0467,0,0,0
2021-06-16,EVENING,436,9,1,0.05,0467,2,1,1
2021-06-17,MIDDAY,946,1,2,0.09,0346,2,1,1
2021-06-17,EVENING,297,4,3,0.04,0469,2,1,1
2021-06-18,MIDDAY,763,4,2,0.09,4679,3,1,1
2021-06-18,EVENING,675,9,2,0.09,4679,3,1,1
2021-06-19,MIDDAY,691,9,2,0.09,4679,2,1,1
2021-06-19,EVENING,059,4,2,0.09,4679,2,1,1
2021-06-20,MIDDAY,711,2,1,0.05,4679,1,1,0
2021-06-20,EVENING,008,4,0,0.02,4679,1,1,0
2021-06-21,MIDDAY,179,1,0,0.02,4679,2,1,1
2021-06-21,EVENING,325,8,0,0.02,4679,0,0,0
2021-06-22,MIDDAY,100,1,0,0.02,4679,0,0,0
2021-06-22,EVENING,191,3,0,0.02,4679,1,1,0
2021-06-23,MIDDAY,787,0,1,0.05,4679,1,1,0
2021-06-23,EVENING,602,6,0,0.02,4679,1,1,0
2021-06-24,MIDDAY,847,9,1,0.05,0469,2,1,1
2021-06-24,EVENING,333,3,0,0.02,0479,0,0,0
2021-06-25,MIDDAY,203,5,0,0.02,0479,1,1,0
2021-06-25,EVENING,486,7,1,0.05,0479,2,1,1
2021-06-26,MIDDAY,626,3,0,0.02,0479,0,0,0
2021-06-26,EVENING,615,0,1,0.05,3469,1,1,0
2021-06-27,MIDDAY,104,0,1,0.05,0369,1,1,0
2021-06-27,EVENING,171,2,2,0.09,0469,0,0,0
2021-06-28,MIDDAY,132,8,1,0.05,0679,0,0,0
2021-06-28,EVENING,305,0,2,0.09,0167,1,1,0
2021-06-29,MIDDAY,793,8,1,0.05,0136,1,1,0
2021-06-29,EVENING,811,2,1,0.05,0137,1,1,0
2021-06-30,MIDDAY,774,0,1,0.05,0137,2,1,1
2021-06-30,EVENING,627,7,0,0.02,0137,1,1,0
2021-07-01,MIDDAY,095,1,1,0.05,0127,2,1,1
2021-07-01,EVENING,356,9,0,0.02,0137,1,1,0
2021-07-02,MIDDAY,721,5,2,0.09,0137,2,1,1
2021-07-02,EVENING,968,9,1,0.05,0137,0,0,0
2021-07-03,MIDDAY,349,4,0,0.02,0137,1,1,0
2021-07-03,EVENING,704,5,1,0.05,1379,1,1,0
2021-07-04,MIDDAY,706,7,1,0.05,0379,2,1,1
2021-07-04,EVENING,098,6,2,0.09,0367,2,1,1
2021-07-05,MIDDAY,474,5,2,0.09,0679,1,1,0
2021-07-05,EVENING,118,8,0,0.02,0679,0,0,0
2021-07-06,MIDDAY,427,9,0,0.02,0679,2,1,1
2021-07-06,EVENING,353,6,0,0.02,0679,1,1,0
2021-07-07,MIDDAY,608,6,0,0.02,0367,2,1,1
2021-07-07,EVENING,463,8,1,0.05,0679,1,1,0
2021-07-08,MIDDAY,682,9,2,0.09,0467,1,1,0
2021-07-08,EVENING,416,6,2,0.09,0678,1,1,0
2021-07-09,MIDDAY,487,4,1,0.05,6789,2,1,1
2021-07-09,EVENING,897,5,1,0.05,4678,2,1,1
2021-07-10,MIDDAY,889,5,2,0.09,6789,2,1,1
2021-07-10,EVENING,241,5,3,0.04,6789,0,0,0
2021-07-11,MIDDAY,485,3,1,0.05,6789,1,1,0
2021-07-11,EVENING,599,9,2,0.09,4689,1,1,0
2021-07-12,MIDDAY,040,8,1,0.05,4589,2,1,1
2021-07-12,EVENING,486,7,0,0.02,4589,2,1,1
2021-07-13,MIDDAY,033,7,2,0.09,4568,0,0,0
2021-07-13,EVENING,067,9,1,0.05,4578,1,1,0
2021-07-14,MIDDAY,569,0,2,0.09,4789,1,1,0
2021-07-14,EVENING,601,6,3,0.04,4578,0,0,0
2021-07-15,MIDDAY,740,6,2,0.09,0468,3,1,1
2021-07-15,EVENING,452,9,2,0.09,0468,1,1,0
2021-07-16,MIDDAY,335,8,1,0.05,0468,1,1,0
2021-07-16,EVENING,925,3,1,0.05,0468,0,0,0
2021-07-17,MIDDAY,900,7,2,0.09,4568,0,0,0
2021-07-17,EVENING,677,2,1,0.05,5689,1,1,0
2021-07-18,MIDDAY,638,2,1,0.05,5679,1,1,0
2021-07-18,EVENING,042,9,2,0.09,5689,1,1,0
2021-07-19,MIDDAY,550,2,1,0.05,5689,1,1,0
2021-07-19,EVENING,728,8,2,0.09,0568,1,1,0
2021-07-20,MIDDAY,923,1,1,0.05,2568,1,1,0
2021-07-20,EVENING,540,9,1,0.05,2589,2,1,1
2021-07-21,MIDDAY,410,6,1,0.05,0259,1,1,0
2021-07-21,EVENING,331,1,2,0.09,0259,0,0,0
2021-07-22,MIDDAY,903,4,1,0.05,0259,2,1,1
2021-07-22,EVENING,016,5,1,0.05,0249,1,1,0
2021-07-23,MIDDAY,924,7,1,0.05,0459,2,1,1
2021-07-23,EVENING,718,9,0,0.02,0459,1,1,0
2021-07-24,MIDDAY,171,6,2,0.09,0479,1,1,0
2021-07-24,EVENING,990,7,2,0.09,0679,3,1,1
2021-07-25,MIDDAY,130,0,1,0.05,0679,1,1,0
2021-07-25,EVENING,710,0,1,0.05,0679,2,1,1
2021-07-26,MIDDAY,735,9,2,0.09,0679,2,1,1
2021-07-26,EVENING,950,3,1,0.05,0179,2,1,1
2021-07-27,MIDDAY,696,8,3,0.04,0579,1,1,0
2021-07-27,EVENING,665,6,1,0.05,0579,1,1,0
2021-07-28,MIDDAY,400,3,1,0.05,0579,1,1,0
2021-07-28,EVENING,871,8,0,0.02,0379,1,1,0
2021-07-29,MIDDAY,644,1,0,0.02,0379,0,0,0
2021-07-29,EVENING,871,5,1,0.05,0179,2,1,1
2021-07-30,MIDDAY,023,8,1,0.05,0179,1,1,0
2021-07-30,EVENING,085,8,1,0.05,0179,1,1,0
2021-07-31,MIDDAY,106,9,2,0.09,0579,2,1,1
2021-07-31,EVENING,047,8,1,0.05,0159,1,1,0
2021-08-01,MIDDAY,304,5,1,0.05,0189,1,1,0
2021-08-01,EVENING,130,2,2,0.09,0179,2,1,1
2021-08-02,MIDDAY,673,9,2,0.09,0179,2,1,1
2021-08-02,EVENING,278,5,1,0.05,0137,1,1,0
2021-08-03,MIDDAY,566,7,1,0.05,0137,1,1,0
2021-08-03,EVENING,047,0,2,0.09,0579,2,1,1
2021-08-04,MIDDAY,261,2,1,0.05,0579,0,0,0
2021-08-04,EVENING,080,6,0,0.02,0157,1,1,0
2021-08-05,MIDDAY,149,0,1,0.05,0167,2,1,1
2021-08-05,EVENING,939,3,1,0.05,0167,0,0,0
2021-08-06,MIDDAY,301,0,1,0.05,0367,2,1,1
2021-08-06,EVENING,953,2,1,0.05,0137,1,1,0
2021-08-07,MIDDAY,927,0,1,0.05,0379,3,1,1
2021-08-07,EVENING,701,1,2,0.09,0379,2,1,1
2021-08-08,MIDDAY,347,3,2,0.09,0179,1,1,0
2021-08-08,EVENING,794,9,1,0.05,0137,1,1,0
2021-08-09,MIDDAY,294,6,2,0.09,0137,0,0,0
2021-08-09,EVENING,368,6,2,0.09,0379,1,1,0
2021-08-10,MIDDAY,376,9,1,0.05,0379,3,1,1
2021-08-10,EVENING,377,0,2,0.09,0379,3,1,1
2021-08-11,MIDDAY,204,2,2,0.09,0379,1,1,0
2021-08-11,EVENING,481,0,1,0.05,0379,1,1,0
2021-08-12,MIDDAY,427,0,2,0.09,0379,2,1,1
2021-08-12,EVENING,931,7,2,0.09,0347,2,1,1
2021-08-13,MIDDAY,596,9,1,0.05,0347,0,0,0
2021-08-13,EVENING,411,4,1,0.05,0379,0,0,0
2021-08-14,MIDDAY,972,7,0,0.02,0379,2,1,1
2021-08-14,EVENING,869,8,0,0.02,0379,1,1,0
2021-08-15,MIDDAY,694,5,1,0.05,0479,2,1,1
2021-08-15,EVENING,952,6,2,0.09,0479,1,1,0
2021-08-16,MIDDAY,433,5,3,0.04,0479,1,1,0
2021-08-16,EVENING,207,4,1,0.05,0479,3,1,1
2021-08-17,MIDDAY,317,5,1,0.05,0479,1,1,0
2021-08-17,EVENING,505,2,1,0.05,3479,0,0,0
2021-08-18,MIDDAY,316,5,1,0.05,0479,0,0,0
2021-08-18,EVENING,649,8,1,0.05,0379,1,1,0
2021-08-19,MIDDAY,298,3,1,0.05,4679,1,1,0
2021-08-19,EVENING,395,6,2,0.09,3479,2,1,1
2021-08-20,MIDDAY,134,7,2,0.09,3469,2,1,1
2021-08-20,EVENING,239,3,1,0.05,3469,2,1,1
2021-08-21,MIDDAY,619,8,1,0.05,3469,2,1,1
2021-08-21,EVENING,138,4,1,0.05,3469,2,1,1
2021-08-22,MIDDAY,506,1,2,0.09,3469,1,1,0
2021-08-22,EVENING,475,3,1,0.05,3469,2,1,1
2021-08-23,MIDDAY,078,5,1,0.05,3469,0,0,0
2021-08-23,EVENING,341,9,2,0.09,3459,3,1,1
2021-08-24,MIDDAY,417,4,0,0.02,3459,1,1,0
2021-08-24,EVENING,616,5,2,0.09,1349,1,1,0
2021-08-25,MIDDAY,354,2,1,0.05,1349,2,1,1
2021-08-25,EVENING,641,9,1,0.05,3459,2,1,1
2021-08-26,MIDDAY,167,4,1,0.05,1345,2,1,1
2021-08-26,EVENING,762,8,3,0.04,1345,0,0,0
2021-08-27,MIDDAY,768,9,2,0.09,1456,1,1,0
2021-08-27,EVENING,987,0,3,0.04,1467,1,1,0
2021-08-28,MIDDAY,759,0,3,0.04,4679,2,1,1
2021-08-28,EVENING,833,9,3,0.04,1479,1,1,0
2021-08-29,MIDDAY,570,0,1,0.05,1679,1,1,0
2021-08-29,EVENING,311,6,0,0.02,3679,2,1,1
2021-08-30,MIDDAY,751,2,0,0.02,3679,1,1,0
2021-08-30,EVENING,836,8,1,0.05,1679,1,1,0
2021-08-31,MIDDAY,577,2,0,0.02,3679,1,1,0
2021-08-31,EVENING,208,1,0,0.02,3679,0,0,0
2021-09-01,MIDDAY,169,2,1,0.05,1379,2,1,1
2021-09-01,EVENING,041,5,2,0.09,1679,1,1,0
2021-09-02,MIDDAY,271,1,1,0.05,1567,2,1,1
2021-09-02,EVENING,734,7,1,0.05,1567,1,1,0
2021-09-03,MIDDAY,802,6,1,0.05,1567,1,1,0
2021-09-03,EVENING,813,2,0,0.02,1567,1,1,0
2021-09-04,MIDDAY,403,7,2,0.09,1267,1,1,0
2021-09-04,EVENING,593,3,1,0.05,1237,1,1,0
2021-09-05,MIDDAY,758,3,1,0.05,1237,2,1,1
2021-09-05,EVENING,724,9,2,0.09,1357,1,1,0
2021-09-06,MIDDAY,240,6,1,0.05,1237,1,1,0
2021-09-06,EVENING,079,9,2,0.09,1237,1,1,0
2021-09-07,MIDDAY,806,3,1,0.05,2379,1,1,0
2021-09-07,EVENING,171,2,1,0.05,2367,2,1,1
2021-09-08,MIDDAY,359,5,0,0.02,2378,1,1,0
2021-09-08,EVENING,265,4,0,0.02,2379,1,1,0
2021-09-09,MIDDAY,672,1,1,0.05,2357,2,1,1
2021-09-09,EVENING,155,9,2,0.09,2357,1,1,0
2021-09-10,MIDDAY,489,7,1,0.05,1237,1,1,0
2021-09-10,EVENING,292,7,1,0.05,1257,2,1,1
2021-09-11,MIDDAY,801,6,2,0.09,1279,1,1,0
2021-09-11,EVENING,407,0,0,0.02,1279,1,1,0
2021-09-12,MIDDAY,118,0,1,0.05,1267,1,1,0
2021-09-12,EVENING,356,0,1,0.05,1279,0,0,0
2021-09-13,MIDDAY,496,2,1,0.05,0127,1,1,0
2021-09-13,EVENING,037,7,1,0.05,1267,1,1,0
2021-09-14,MIDDAY,428,5,0,0.02,0127,1,1,0
2021-09-14,EVENING,696,6,0,0.02,0247,0,0,0
2021-09-15,MIDDAY,539,6,0,0.02,0267,1,1,0
2021-09-15,EVENING,735,6,2,0.09,0679,2,1,1
2021-09-16,MIDDAY,857,3,3,0.04,3567,3,1,1
2021-09-16,EVENING,783,8,3,0.04,3567,2,1,1
2021-09-17,MIDDAY,879,6,3,0.04,3567,2,1,1
2021-09-17,EVENING,635,1,2,0.09,3679,2,1,1
2021-09-18,MIDDAY,054,7,1,0.05,3679,1,1,0
2021-09-18,EVENING,119,2,1,0.05,3567,0,0,0
2021-09-19,MIDDAY,433,7,0,0.02,5679,1,1,0
2021-09-19,EVENING,733,7,0,0.02,3567,2,1,1
2021-09-20,MIDDAY,868,1,2,0.09,3567,1,1,0
2021-09-20,EVENING,507,0,0,0.02,3567,2,1,1
2021-09-21,MIDDAY,643,9,0,0.02,3567,2,1,1
2021-09-21,EVENING,137,9,0,0.02,3567,2,1,1
2021-09-22,MIDDAY,362,8,2,0.09,3679,2,1,1
2021-09-22,EVENING,361,4,1,0.05,3679,2,1,1
2021-09-23,MIDDAY,692,2,2,0.09,1367,1,1,0
2021-09-23,EVENING,276,5,1,0.05,3679,2,1,1
2021-09-24,MIDDAY,831,3,2,0.09,3567,1,1,0
2021-09-24,EVENING,015,8,0,0.02,3567,1,1,0
2021-09-25,MIDDAY,631,8,2,0.09,3567,2,1,1
2021-09-25,EVENING,635,4,2,0.09,1367,2,1,1
2021-09-26,MIDDAY,852,0,2,0.09,3567,1,1,0
2021-09-26,EVENING,703,9,1,0.05,3567,2,1,1
2021-09-27,MIDDAY,743,9,1,0.05,3567,2,1,1
2021-09-27,EVENING,480,1,3,0.04,1367,1,1,0
2021-09-28,MIDDAY,152,5,1,0.05,3678,0,0,0
2021-09-28,EVENING,812,1,1,0.05,3678,1,1,0
2021-09-29,MIDDAY,829,4,2,0.09,1378,1,1,0
2021-09-29,EVENING,018,5,2,0.09,1368,2,1,1
2021-09-30,MIDDAY,924,5,1,0.05,1358,1,1,0
2021-09-30,EVENING,958,7,1,0.05,1358,2,1,1
2021-10-01,MIDDAY,159,0,2,0.09,1358,2,1,1
2021-10-01,EVENING,725,3,2,0.09,1358,2,1,1
2021-10-02,MIDDAY,772,1,1,0.05,1358,1,1,0
2021-10-02,EVENING,984,8,2,0.09,1258,1,1,0
2021-10-03,MIDDAY,400,5,0,0.02,1589,1,1,0
2021-10-03,EVENING,631,0,1,0.05,1589,1,1,0
2021-10-04,MIDDAY,093,9,1,0.05,1358,1,1,0
2021-10-04,EVENING,225,4,2,0.09,1358,1,1,0
2021-10-05,MIDDAY,779,3,0,0.02,1358,1,1,0
2021-10-05,EVENING,930,1,0,0.02,1359,3,1,1
2021-10-06,MIDDAY,474,4,2,0.09,1359,0,0,0
2021-10-06,EVENING,034,8,0,0.02,1359,1,1,0
2021-10-07,MIDDAY,926,8,1,0.05,0359,1,1,0
2021-10-07,EVENING,582,1,1,0.05,3459,1,1,0
2021-10-08,MIDDAY,511,3,2,0.09,3589,2,1,1
2021-10-08,EVENING,735,4,2,0.09,1359,2,1,1
2021-10-09,MIDDAY,738,4,2,0.09,1359,1,1,0
2021-10-09,EVENING,940,3,3,0.04,3458,2,1,1
2021-10-10,MIDDAY,133,5,2,0.09,3458,2,1,1
2021-10-10,EVENING,909,8,1,0.05,1345,0,0,0
2021-10-11,MIDDAY,805,9,0,0.02,3589,3,1,1
2021-10-11,EVENING,155,2,3,0.04,3589,1,1,0
2021-10-12,MIDDAY,598,9,1,0.05,3589,3,1,1
2021-10-12,EVENING,201,2,1,0.05,3589,0,0,0
2021-10-13,MIDDAY,967,7,0,0.02,1359,1,1,0
2021-10-13,EVENING,222,1,0,0.02,1359,1,1,0
2021-10-14,MIDDAY,057,6,0,0.02,1359,1,1,0
2021-10-14,EVENING,651,9,0,0.02,0359,2,1,1
2021-10-15,MIDDAY,663,1,2,0.09,0159,1,1,0
2021-10-15,EVENING,829,2,2,0.09,1359,1,1,0
2021-10-16,MIDDAY,841,1,0,0.02,1359,1,1,0
2021-10-16,EVENING,522,4,1,0.05,1359,1,1,0
2021-10-17,MIDDAY,382,3,1,0.05,1589,1,1,0
2021-10-17,EVENING,509,0,1,0.05,1589,2,1,1
2021-10-18,MIDDAY,110,3,0,0.02,1589,1,1,0
2021-10-18,EVENING,491,2,1,0.05,1589,2,1,1
2021-10-19,MIDDAY,985,2,1,0.05,1589,3,1,1
2021-10-19,EVENING,834,7,2,0.09,1589,1,1,0
2021-10-20,MIDDAY,613,6,1,0.05,1589,1,1,0
2021-10-20,EVENING,550,2,1,0.05,1359,1,1,0
2021-10-21,MIDDAY,439,6,0,0.02,1259,1,1,0
2021-10-21,EVENING,951,2,0,0.02,1359,3,1,1
2021-10-22,MIDDAY,714,6,1,0.05,1259,1,1,0
2021-10-22,EVENING,598,2,1,0.05,1259,3,1,1
2021-10-23,MIDDAY,453,4,0,0.02,1259,1,1,0
2021-10-23,EVENING,947,6,1,0.05,1259,1,1,0
2021-10-24,MIDDAY,107,2,1,0.05,1259,2,1,1
2021-10-24,EVENING,727,9,1,0.05,1259,2,1,1
2021-10-25,MIDDAY,571,1,2,0.09,1259,2,1,1
2021-10-25,EVENING,156,3,1,0.05,1259,2,1,1
2021-10-26,MIDDAY,166,5,2,0.09,1259,2,1,1
2021-10-26,EVENING,928,8,3,0.04,1259,2,1,1
2021-10-27,MIDDAY,136,7,0,0.02,1259,1,1,0
2021-10-27,EVENING,224,1,0,0.02,1259,2,1,1
2021-10-28,MIDDAY,861,9,1,0.05,1259,2,1,1
2021-10-28,EVENING,771,0,1,0.05,1259,1,1,0
2021-10-29,MIDDAY,129,9,1,0.05,1259,3,1,1
2021-10-29,EVENING,249,8,1,0.05,1259,2,1,1
2021-10-30,MIDDAY,461,8,2,0.09,1259,1,1,0
2021-10-30,EVENING,134,7,2,0.09,1269,1,1,0
2021-10-31,MIDDAY,420,9,2,0.09,1249,3,1,1
2021-10-31,EVENING,332,6,1,0.05,1249,1,1,0
2021-11-01,MIDDAY,442,0,1,0.05,1249,2,1,1
2021-11-01,EVENING,875,8,1,0.05,1249,0,0,0
2021-11-02,MIDDAY,711,1,0,0.02,1249,1,1,0
2021-11-02,EVENING,719,8,1,0.05,1249,2,1,1
2021-11-03,MIDDAY,768,6,2,0.09,1279,1,1,0
2021-11-03,EVENING,433,1,2,0.09,1279,1,1,0
2021-11-04,MIDDAY,591,2,0,0.02,1247,2,1,1
2021-11-04,EVENING,976,6,1,0.05,1279,2,1,1
2021-11-05,MIDDAY,817,4,1,0.05,1279,2,1,1
2021-11-05,EVENING,052,4,1,0.05,1279,1,1,0
2021-11-06,MIDDAY,226,7,1,0.05,1279,2,1,1
2021-11-06,EVENING,611,4,1,0.05,1247,2,1,1
2021-11-07,MIDDAY,599,1,1,0.05,1247,1,1,0
2021-11-07,EVENING,495,7,1,0.05,1247,2,1,1
2021-11-08,MIDDAY,283,5,2,0.09,1479,0,0,0
2021-11-08,EVENING,434,5,1,0.05,1247,1,1,0
2021-11-09,MIDDAY,241,0,2,0.09,1247,3,1,1
2021-11-09,EVENING,431,5,1,0.05,1247,2,1,1
2021-11-10,MIDDAY,126,5,2,0.09,1245,3,1,1
2021-11-10,EVENING,476,1,2,0.09,1245,2,1,1
2021-11-11,MIDDAY,356,0,2,0.09,1245,1,1,0
2021-11-11,EVENING,170,7,1,0.05,1245,1,1,0
2021-11-12,MIDDAY,737,8,1,0.05,1457,1,1,0
2021-11-12,EVENING,862,7,1,0.05,1457,1,1,0
2021-11-13,MIDDAY,292,7,2,0.09,1457,1,1,0
2021-11-13,EVENING,248,0,2,0.09,1247,2,1,1
2021-11-14,MIDDAY,546,1,1,0.05,1247,2,1,1
2021-11-14,EVENING,874,2,1,0.05,1247,3,1,1
2021-11-15,MIDDAY,833,4,1,0.05,1247,1,1,0
2021-11-15,EVENING,416,3,2,0.09,1247,2,1,1
2021-11-16,MIDDAY,050,3,2,0.09,1247,0,0,0
2021-11-16,EVENING,180,6,1,0.05,1247,1,1,0
2021-11-17,MIDDAY,517,9,1,0.05,1467,2,1,1
2021-11-17,EVENING,699,1,1,0.05,1457,1,1,0
2021-11-18,MIDDAY,602,3,2,0.09,1456,1,1,0
2021-11-18,EVENING,682,6,1,0.05,1456,1,1,0
2021-11-19,MIDDAY,185,2,2,0.09,1246,2,1,1
2021-11-19,EVENING,355,2,2,0.09,1256,2,1,1
2021-11-20,MIDDAY,371,7,2,0.09,1256,1,1,0
2021-11-20,EVENING,163,2,1,0.05,1236,4,1,1
2021-11-21,MIDDAY,230,9,2,0.09,1236,2,1,1
2021-11-21,EVENING,315,0,2,0.09,1236,2,1,1
2021-11-22,MIDDAY,434,4,2,0.09,1236,1,1,0
2021-11-22,EVENING,310,4,1,0.05,1236,2,1,1
2021-11-23,MIDDAY,898,9,2,0.09,1236,0,0,0
2021-11-23,EVENING,006,6,0,0.02,1238,0,0,0
2021-11-24,MIDDAY,031,6,0,0.02,1236,3,1,1
2021-11-24,EVENING,399,2,2,0.09,1236,2,1,1
2021-11-25,MIDDAY,794,7,1,0.05,1236,0,0,0
2021-11-25,EVENING,866,2,1,0.05,1236,2,1,1
2021-11-26,MIDDAY,704,2,0,0.02,1236,1,1,0
2021-11-26,EVENING,383,1,1,0.05,1236,2,1,1
2021-11-27,MIDDAY,847,1,0,0.02,1236,1,1,0
2021-11-27,EVENING,265,1,2,0.09,1236,3,1,1
2021-11-28,MIDDAY,584,1,1,0.05,1236,1,1,0
2021-11-28,EVENING,793,2,2,0.09,1236,2,1,1
2021-11-29,MIDDAY,665,7,0,0.02,1236,1,1,0
2021-11-29,EVENING,077,2,1,0.05,1236,1,1,0
2021-11-30,MIDDAY,644,2,1,0.05,1236,2,1,1
2021-11-30,EVENING,624,2,1,0.05,1236,2,1,1
2021-12-01,MIDDAY,838,3,3,0.04,1236,1,1,0
2021-12-01,EVENING,579,8,0,0.02,1234,0,0,0
2021-12-02,MIDDAY,340,8,1,0.05,1234,2,1,1
2021-12-02,EVENING,323,0,1,0.05,1234,2,1,1
2021-12-03,MIDDAY,298,9,2,0.09,0234,1,1,0
2021-12-03,EVENING,354,4,1,0.05,2348,2,1,1
2021-12-04,MIDDAY,128,4,0,0.02,2348,3,1,1
2021-12-04,EVENING,253,4,1,0.05,2348,3,1,1
2021-12-05,MIDDAY,138,1,2,0.09,2348,2,1,1
2021-12-05,EVENING,051,6,1,0.05,2348,0,0,0
2021-12-06,MIDDAY,848,0,1,0.05,2348,2,1,1
2021-12-06,EVENING,140,6,1,0.05,2348,1,1,0
2021-12-07,MIDDAY,132,9,2,0.09,2348,2,1,1
2021-12-07,EVENING,747,9,1,0.05,2348,1,1,0
2021-12-08,MIDDAY,471,5,1,0.05,2348,1,1,0
2021-12-08,EVENING,912,3,2,0.09,1234,3,1,1
2021-12-09,MIDDAY,688,9,1,0.05,1234,0,0,0
2021-12-09,EVENING,423,2,1,0.05,1234,3,1,1
2021-12-10,MIDDAY,632,3,0,0.02,1234,2,1,1
2021-12-10,EVENING,211,8,2,0.09,1234,2,1,1
2021-12-11,MIDDAY,903,7,1,0.05,1234,1,1,0
2021-12-11,EVENING,075,8,0,0.02,1234,0,0,0
2021-12-12,MIDDAY,812,7,2,0.09,2348,2,1,1
2021-12-12,EVENING,563,2,2,0.09,1238,2,1,1
2021-12-13,MIDDAY,449,5,1,0.05,1238,0,0,0
2021-12-13,EVENING,484,6,1,0.05,1238,1,1,0
2021-12-14,MIDDAY,408,7,1,0.05,2348,2,1,1
2021-12-14,EVENING,155,0,2,0.09,2348,0,0,0
2021-12-15,MIDDAY,322,9,1,0.05,2348,2,1,1
2021-12-15,EVENING,534,7,0,0.02,2348,2,1,1
2021-12-16,MIDDAY,719,4,1,0.05,2348,1,1,0
2021-12-16,EVENING,058,9,2,0.09,1234,0,0,0
2021-12-17,MIDDAY,138,5,1,0.05,1348,3,1,1
2021-12-17,EVENING,286,3,2,0.09,1348,2,1,1
2021-12-18,MIDDAY,960,1,2,0.09,1348,1,1,0
2021-12-18,EVENING,133,1,1,0.05,1348,2,1,1
2021-12-19,MIDDAY,260,0,1,0.05,1389,0,0,0
2021-12-19,EVENING,172,8,0,0.02,1239,2,1,1
2021-12-20,MIDDAY,266,4,1,0.05,1238,1,1,0
2021-12-20,EVENING,275,0,1,0.05,1238,1,1,0
2021-12-21,MIDDAY,729,0,1,0.05,1238,1,1,0
2021-12-21,EVENING,908,3,3,0.04,0238,3,1,1
2021-12-22,MIDDAY,911,4,2,0.09,0238,0,0,0
2021-12-22,EVENING,445,1,1,0.05,0128,1,1,0
2021-12-23,MIDDAY,474,1,2,0.09,0128,1,1,0
2021-12-23,EVENING,926,5,2,0.09,1247,1,1,0
2021-12-24,MIDDAY,866,0,0,0.02,1245,0,0,0
2021-12-24,EVENING,616,6,1,0.05,1248,1,1,0
2021-12-25,MIDDAY,581,3,1,0.05,0124,1,1,0
2021-12-25,EVENING,466,5,1,0.05,0148,1,1,0
2021-12-26,MIDDAY,360,2,1,0.05,1458,0,0,0
2021-12-26,EVENING,856,4,1,0.05,0125,1,1,0
2021-12-27,MIDDAY,822,6,1,0.05,1256,2,1,1
2021-12-27,EVENING,191,8,2,0.09,1268,2,1,1
2021-12-28,MIDDAY,503,3,1,0.05,1268,0,0,0
2021-12-28,EVENING,345,7,0,0.02,1568,1,1,0
2021-12-29,MIDDAY,636,8,2,0.09,1568,2,1,1
2021-12-29,EVENING,070,5,1,0.05,1368,0,0,0
2021-12-30,MIDDAY,250,8,0,0.02,1568,2,1,1
2021-12-30,EVENING,659,3,2,0.09,0568,2,1,1
2021-12-31,MIDDAY,500,1,1,0.05,2568,1,1,0
2021-12-31,EVENING,777,3,1,0.05,0568,0,0,0
2022-01-01,MIDDAY,015,0,0,0.02,3568,1,1,0
2022-01-01,EVENING,405,5,0,0.02,0356,2,1,1
2022-01-02,MIDDAY,700,2,2,0.09,0356,1,1,0
2022-01-02,EVENING,719,3,1,0.05,0356,1,1,0
2022-01-03,MIDDAY,337,6,1,0.05,0135,1,1,0
2022-01-03,EVENING,092,8,2,0.09,0356,1,1,0
2022-01-04,MIDDAY,013,6,0,0.02,0356,3,1,1
2022-01-04,EVENING,518,1,1,0.05,0356,1,1,0
2022-01-05,MIDDAY,744,3,1,0.05,0356,1,1,0
2022-01-05,EVENING,023,2,0,0.02,0135,2,1,1
2022-01-06,MIDDAY,569,3,1,0.05,0135,2,1,1
2022-01-06,EVENING,755,5,1,0.05,0356,1,1,0
2022-01-07,MIDDAY,585,0,1,0.05,0356,2,1,1
2022-01-07,EVENING,674,6,1,0.05,0356,1,1,0
2022-01-08,MIDDAY,377,2,0,0.02,0357,2,1,1
2022-01-08,EVENING,862,6,1,0.05,0357,0,0,0
2022-01-09,MIDDAY,983,9,1,0.05,0357,1,1,0
2022-01-09,EVENING,726,4,1,0.05,0357,1,1,0
2022-01-10,MIDDAY,254,6,0,0.02,0357,1,1,0
2022-01-10,EVENING,508,1,3,0.04,0356,2,1,1
2022-01-11,MIDDAY,798,8,1,0.05,0356,0,0,0
2022-01-11,EVENING,211,2,1,0.05,0567,0,0,0
2022-01-12,MIDDAY,190,9,0,0.02,0357,1,1,0
2022-01-12,EVENING,323,1,1,0.05,0257,1,1,0
2022-01-13,MIDDAY,841,7,1,0.05,0237,1,1,0
2022-01-13,EVENING,990,2,1,0.05,0127,2,1,1
2022-01-14,MIDDAY,191,7,0,0.02,0237,1,1,0
2022-01-14,EVENING,437,6,1,0.05,0127,1,1,0
2022-01-15,MIDDAY,263,3,1,0.05,1237,2,1,1
2022-01-15,EVENING,430,3,2,0.09,1237,1,1,0
2022-01-16,MIDDAY,151,6,1,0.05,1237,1,1,0
2022-01-16,EVENING,331,5,0,0.02,1236,2,1,1
2022-01-17,MIDDAY,357,3,2,0.09,1367,2,1,1
2022-01-17,EVENING,547,8,2,0.09,3567,2,1,1
2022-01-18,MIDDAY,357,3,2,0.09,3567,3,1,1
2022-01-18,EVENING,460,8,2,0.09,3567,1,1,0
2022-01-19,MIDDAY,257,4,0,0.02,3567,2,1,1
2022-01-19,EVENING,229,9,1,0.05,3457,0,0,0
2022-01-20,MIDDAY,165,5,1,0.05,2357,1,1,0
2022-01-20,EVENING,957,9,0,0.02,2357,2,1,1
2022-01-21,MIDDAY,713,6,1,0.05,1357,3,1,1
2022-01-21,EVENING,358,9,1,0.05,1357,2,1,1
2022-01-22,MIDDAY,844,2,1,0.05,1357,0,0,0
2022-01-22,EVENING,601,1,1,0.05,1357,1,1,0
2022-01-23,MIDDAY,954,5,0,0.02,1357,1,1,0
2022-01-23,EVENING,838,4,0,0.02,1357,1,1,0
2022-01-24,MIDDAY,953,1,1,0.05,1357,3,1,1
2022-01-24,EVENING,832,7,1,0.05,1357,2,1,1
2022-01-25,MIDDAY,233,3,1,0.05,1357,1,1,0
2022-01-25,EVENING,312,5,2,0.09,1357,3,1,1
2022-01-26,MIDDAY,174,4,2,0.09,1357,2,1,1
2022-01-26,EVENING,074,0,1,0.05,1357,1,1,0
2022-01-27,MIDDAY,559,1,2,0.09,3457,1,1,0
2022-01-27,EVENING,900,2,0,0.02,1357,0,0,0
2022-01-28,MIDDAY,444,2,1,0.05,1357,0,0,0
2022-01-28,EVENING,067,3,1,0.05,1235,1,1,0
2022-01-29,MIDDAY,138,7,0,0.02,2357,2,1,1
2022-01-29,EVENING,716,9,2,0.09,2357,1,1,0
2022-01-30,MIDDAY,419,8,2,0.09,1357,1,1,0
2022-01-30,EVENING,563,0,2,0.09,1347,1,1,0
2022-01-31,MIDDAY,760,7,0,0.02,1357,1,1,0
2022-01-31,EVENING,743,2,2,0.09,1357,2,1,1
2022-02-01,MIDDAY,658,9,1,0.05,1379,1,1,0
2022-02-01,EVENING,370,5,0,0.02,1379,2,1,1
2022-02-02,MIDDAY,507,1,1,0.05,1357,3,1,1
2022-02-02,EVENING,311,0,3,0.04,1357,2,1,1
2022-02-03,MIDDAY,382,7,2,0.09,1357,2,1,1
2022-02-03,EVENING,076,9,1,0.05,1357,1,1,0
2022-02-04,MIDDAY,867,6,1,0.05,0137,1,1,0
2022-02-04,EVENING,967,8,2,0.09,0137,1,1,0
2022-02-05,MIDDAY,648,3,3,0.04,0137,1,1,0
2022-02-05,EVENING,376,3,2,0.09,1367,3,1,1
2022-02-06,MIDDAY,255,7,2,0.09,0367,1,1,0
2022-02-06,EVENING,756,7,1,0.05,0367,2,1,1
2022-02-07,MIDDAY,441,4,2,0.09,3567,0,0,0
2022-02-07,EVENING,252,7,0,0.02,3567,2,1,1
2022-02-08,MIDDAY,691,9,0,0.02,3567,1,1,0
2022-02-08,EVENING,924,0,0,0.02,3567,0,0,0
2022-02-09,MIDDAY,257,6,1,0.05,3567,3,1,1
2022-02-09,EVENING,389,6,1,0.05,3567,2,1,1
2022-02-10,MIDDAY,164,8,1,0.05,3567,1,1,0
2022-02-10,EVENING,512,4,2,0.09,3567,1,1,0
2022-02-11,MIDDAY,721,4,2,0.09,1567,2,1,1
2022-02-11,EVENING,746,4,3,0.04,1567,2,1,1
2022-02-12,MIDDAY,677,7,2,0.09,4567,2,1,1
2022-02-12,EVENING,411,9,2,0.09,2467,1,1,0
2022-02-13,MIDDAY,593,0,0,0.02,1467,0,0,0
2022-02-13,EVENING,876,7,1,0.05,1467,2,1,1
2022-02-14,MIDDAY,233,4,0,0.02,1467,1,1,0
2022-02-14,EVENING,265,6,0,0.02,1467,1,1,0
2022-02-15,MIDDAY,156,0,1,0.05,2467,1,1,0
2022-02-15,EVENING,995,1,2,0.09,2467,0,0,0
2022-02-16,MIDDAY,373,2,2,0.09,4567,1,1,0
2022-02-16,EVENING,535,2,0,0.02,1567,1,1,0
2022-02-17,MIDDAY,523,9,2,0.09,2567,2,1,1
2022-02-17,EVENING,848,1,3,0.04,2567,0,0,0
2022-02-18,MIDDAY,954,0,0,0.02,2567,1,1,0
2022-02-18,EVENING,123,1,1,0.05,2567,1,1,0
2022-02-19,MIDDAY,535,2,0,0.02,1256,2,1,1
2022-02-19,EVENING,706,0,2,0.09,1256,1,1,0
2022-02-20,MIDDAY,879,3,0,0.02,2567,1,1,0
2022-02-20,EVENING,580,5,1,0.05,2357,1,1,0
2022-02-21,MIDDAY,940,1,1,0.05,2357,0,0,0
2022-02-21,EVENING,123,9,1,0.05,2357,2,1,1
2022-02-22,MIDDAY,441,0,2,0.09,1235,1,1,0
2022-02-22,EVENING,034,1,1,0.05,1345,3,1,1
2022-02-23,MIDDAY,774,5,3,0.04,1345,2,1,1
2022-02-23,EVENING,030,0,1,0.05,1345,1,1,0
2022-02-24,MIDDAY,440,3,0,0.02,0135,2,1,1
2022-02-24,EVENING,583,8,2,0.09,0345,2,1,1
2022-02-25,MIDDAY,406,9,1,0.05,0345,2,1,1
2022-02-25,EVENING,517,8,0,0.02,0345,1,1,0
2022-02-26,MIDDAY,587,9,0,0.02,0345,1,1,0
2022-02-26,EVENING,925,2,3,0.04,0345,1,1,0
2022-02-27,MIDDAY,360,9,2,0.09,0345,2,1,1
2022-02-27,EVENING,569,4,1,0.05,0359,2,1,1
2022-02-28,MIDDAY,706,1,2,0.09,3459,0,0,0
2022-02-28,EVENING,934,7,1,0.05,0359,2,1,1
2022-03-01,MIDDAY,765,7,1,0.05,3459,1,1,0
2022-03-01,EVENING,394,5,1,0.05,3459,4,1,1
2022-03-02,MIDDAY,322,9,1,0.05,3459,2,1,1
2022-03-02,EVENING,407,3,2,0.09,3459,2,1,1
2022-03-03,MIDDAY,331,8,1,0.05,3459,1,1,0
2022-03-03,EVENING,623,2,1,0.05,3459,1,1,0
2022-03-04,MIDDAY,729,5,1,0.05,3459,2,1,1
2022-03-04,EVENING,481,5,1,0.05,3459,2,1,1
2022-03-05,MIDDAY,496,9,1,0.05,3459,2,1,1
2022-03-05,EVENING,393,1,1,0.05,3459,2,1,1
2022-03-06,MIDDAY,802,3,1,0.05,3459,1,1,0
2022-03-06,EVENING,859,1,1,0.05,3459,2,1,1
2022-03-07,MIDDAY,836,5,1,0.05,3459,2,1,1
2022-03-07,EVENING,781,9,2,0.09,3459,1,1,0
2022-03-08,MIDDAY,301,2,1,0.05,3589,1,1,0
2022-03-08,EVENING,243,3,1,0.05,1359,1,1,0
2022-03-09,MIDDAY,681,8,2,0.09,1359,1,1,0
2022-03-09,EVENING,080,3,0,0.02,1359,1,1,0
2022-03-10,MIDDAY,221,3,1,0.05,3589,1,1,0
2022-03-10,EVENING,224,9,1,0.05,1359,1,1,0
2022-03-11,MIDDAY,829,4,1,0.05,1239,2,1,1
2022-03-11,EVENING,883,6,3,0.04,1239,1,1,0
2022-03-12,MIDDAY,966,4,1,0.05,1389,1,1,0
2022-03-12,EVENING,018,7,1,0.05,3489,1,1,0
2022-03-13,MIDDAY,254,0,0,0.02,3489,1,1,0
2022-03-13,EVENING,521,3,1,0.05,3489,1,1,0
2022-03-14,MIDDAY,842,2,2,0.09,2389,2,1,1
2022-03-14,EVENING,467,4,1,0.05,2348,1,1,0
2022-03-15,MIDDAY,246,9,1,0.05,2348,2,1,1
2022-03-15,EVENING,347,5,2,0.09,2348,2,1,1
2022-03-16,MIDDAY,657,3,1,0.05,2348,1,1,0
2022-03-16,EVENING,732,6,3,0.04,2348,2,1,1
2022-03-17,MIDDAY,646,6,3,0.04,2348,1,1,0
2022-03-17,EVENING,991,7,1,0.05,2346,0,0,0
2022-03-18,MIDDAY,728,5,0,0.02,2346,1,1,0
2022-03-18,EVENING,274,9,1,0.05,2348,2,1,1
2022-03-19,MIDDAY,205,0,2,0.09,2347,1,1,0
2022-03-19,EVENING,769,0,1,0.05,2347,1,1,0
2022-03-20,MIDDAY,508,6,1,0.05,2347,0,0,0
2022-03-20,EVENING,050,7,2,0.09,2346,0,0,0
2022-03-21,MIDDAY,719,9,2,0.09,2467,1,1,0
2022-03-21,EVENING,018,2,1,0.05,2679,1,1,0
2022-03-22,MIDDAY,880,2,1,0.05,2479,1,1,0
2022-03-22,EVENING,739,1,3,0.04,2789,2,1,1
2022-03-23,MIDDAY,490,5,0,0.02,2479,2,1,1
2022-03-23,EVENING,113,6,1,0.05,2479,0,0,0
2022-03-24,MIDDAY,953,5,0,0.02,2679,1,1,0
2022-03-24,EVENING,726,4,1,0.05,2579,2,1,1
2022-03-25,MIDDAY,994,7,0,0.02,2579,2,1,1
2022-03-25,EVENING,511,6,2,0.09,2479,0,0,0
2022-03-26,MIDDAY,207,3,0,0.02,2579,2,1,1
2022-03-26,EVENING,446,7,0,0.02,2379,1,1,0
2022-03-27,MIDDAY,992,0,1,0.05,2467,1,1,0
2022-03-27,EVENING,690,9,0,0.02,2679,2,1,1
2022-03-28,MIDDAY,274,8,2,0.09,2679,2,1,1
2022-03-28,EVENING,175,4,0,0.02,2679,1,1,0
2022-03-29,MIDDAY,146,6,2,0.09,2479,1,1,0
2022-03-29,EVENING,113,7,2,0.09,2467,1,1,0
2022-03-30,MIDDAY,281,3,1,0.05,2479,1,1,0
2022-03-30,EVENING,703,3,2,0.09,1247,1,1,0
2022-03-31,MIDDAY,250,7,1,0.05,0127,3,1,1
2022-03-31,EVENING,293,9,2,0.09,0127,1,1,0
2022-04-01,MIDDAY,043,9,1,0.05,0237,2,1,1
2022-04-01,EVENING,468,2,2,0.09,0237,1,1,0
2022-04-02,MIDDAY,456,2,1,0.05,2347,2,1,1
2022-04-02,EVENING,589,8,3,0.04,2347,0,0,0
2022-04-03,MIDDAY,188,8,1,0.05,2347,0,0,0
2022-04-03,EVENING,844,2,1,0.05,2347,2,1,1
2022-04-04,MIDDAY,955,0,1,0.05,2479,1,1,0
2022-04-04,EVENING,510,4,0,0.02,2479,1,1,0
2022-04-05,MIDDAY,760,2,2,0.09,2457,2,1,1
2022-04-05,EVENING,159,6,1,0.05,0247,0,0,0
2022-04-06,MIDDAY,256,6,1,0.05,0247,1,1,0
2022-04-06,EVENING,249,5,2,0.09,2456,3,1,1
2022-04-07,MIDDAY,444,0,2,0.09,2456,1,1,0
2022-04-07,EVENING,105,2,1,0.05,0245,3,1,1
2022-04-08,MIDDAY,150,7,1,0.05,0245,2,1,1
2022-04-08,EVENING,213,9,3,0.04,0245,1,1,0
2022-04-09,MIDDAY,117,1,1,0.05,0125,1,1,0
2022-04-09,EVENING,723,4,1,0.05,0125,1,1,0
2022-04-10,MIDDAY,917,9,1,0.05,1257,2,1,1
2022-04-10,EVENING,528,7,1,0.05,1257,3,1,1
2022-04-11,MIDDAY,048,0,1,0.05,1257,0,0,0
2022-04-11,EVENING,805,9,1,0.05,0257,2,1,1
2022-04-12,MIDDAY,379,5,2,0.09,0257,2,1,1
2022-04-12,EVENING,121,6,2,0.09,0257,1,1,0
2022-04-13,MIDDAY,281,1,0,0.02,0259,1,1,0
2022-04-13,EVENING,455,8,2,0.09,1259,1,1,0
2022-04-14,MIDDAY,380,6,1,0.05,1257,0,0,0
2022-04-14,EVENING,060,4,1,0.05,0125,1,1,0
2022-04-15,MIDDAY,853,8,2,0.09,0125,1,1,0
2022-04-15,EVENING,511,4,0,0.02,0125,2,1,1
2022-04-16,MIDDAY,907,4,1,0.05,0245,2,1,1
2022-04-16,EVENING,160,7,1,0.05,0145,2,1,1
2022-04-17,MIDDAY,834,4,2,0.09,0145,1,1,0
2022-04-17,EVENING,623,4,0,0.02,0145,1,1,0
2022-04-18,MIDDAY,774,3,2,0.09,1245,1,1,0
2022-04-18,EVENING,097,2,2,0.09,0457,2,1,1
2022-04-19,MIDDAY,505,9,1,0.05,0247,1,1,0
2022-04-19,EVENING,232,7,2,0.09,0457,1,1,0
2022-04-20,MIDDAY,053,7,0,0.02,0247,2,1,1
2022-04-20,EVENING,614,4,2,0.09,0347,1,1,0
2022-04-21,MIDDAY,843,2,0,0.02,0347,2,1,1
2022-04-21,EVENING,842,1,1,0.05,0347,1,1,0
2022-04-22,MIDDAY,286,6,3,0.04,2347,1,1,0
2022-04-22,EVENING,147,5,2,0.09,2348,1,1,0
2022-04-23,MIDDAY,625,7,0,0.02,2478,2,1,1
2022-04-23,EVENING,632,7,2,0.09,2457,2,1,1
2022-04-24,MIDDAY,775,6,3,0.04,2457,2,1,1
2022-04-24,EVENING,562,3,2,0.09,2457,2,1,1
2022-04-25,MIDDAY,088,4,2,0.09,2456,1,1,0
2022-04-25,EVENING,303,7,0,0.02,2456,0,0,0
2022-04-26,MIDDAY,818,2,1,0.05,2457,1,1,0
2022-04-26,EVENING,483,1,0,0.02,2467,1,1,0
2022-04-27,MIDDAY,824,4,2,0.09,2347,2,1,1
2022-04-27,EVENING,824,9,2,0.09,2347,2,1,1
2022-04-28,MIDDAY,373,3,3,0.04,2478,1,1,0
2022-04-28,EVENING,371,0,0,0.02,2347,2,1,1
2022-04-29,MIDDAY,430,3,2,0.09,2347,2,1,1
2022-04-29,EVENING,938,0,2,0.09,2347,1,1,0
2022-04-30,MIDDAY,482,5,2,0.09,2347,2,1,1
2022-04-30,EVENING,921,2,1,0.05,2348,1,1,0
2022-05-01,MIDDAY,063,7,1,0.05,2348,1,1,0
2022-05-01,EVENING,435,2,0,0.02,2348,3,1,1
2022-05-02,MIDDAY,919,5,1,0.05,2347,0,0,0
2022-05-02,EVENING,025,9,1,0.05,2347,1,1,0
2022-05-03,MIDDAY,357,4,2,0.09,2348,2,1,1
2022-05-03,EVENING,470,4,1,0.05,2347,2,1,1
2022-05-04,MIDDAY,349,3,2,0.09,2347,2,1,1
2022-05-04,EVENING,460,9,1,0.05,2347,1,1,0
2022-05-05,MIDDAY,261,4,2,0.09,2347,2,1,1
2022-05-05,EVENING,136,3,2,0.09,0234,1,1,0
2022-05-06,MIDDAY,769,3,2,0.09,0234,1,1,0
2022-05-06,EVENING,678,5,2,0.09,0234,0,0,0
2022-05-07,MIDDAY,578,3,2,0.09,2347,2,1,1
2022-05-07,EVENING,907,1,3,0.04,0347,2,1,1
2022-05-08,MIDDAY,089,5,1,0.05,0347,1,1,0
2022-05-08,EVENING,463,9,2,0.09,0347,2,1,1
2022-05-09,MIDDAY,537,8,1,0.05,3479,2,1,1
2022-05-09,EVENING,960,7,1,0.05,3479,2,1,1
2022-05-10,MIDDAY,855,2,1,0.05,3479,0,0,0
2022-05-10,EVENING,281,5,0,0.02,3579,1,1,0
2022-05-11,MIDDAY,122,7,3,0.04,3579,1,1,0
2022-05-11,EVENING,077,0,2,0.09,3579,1,1,0
2022-05-12,MIDDAY,964,6,1,0.05,3579,1,1,0
2022-05-12,EVENING,042,1,0,0.02,3579,0,0,0
2022-05-13,MIDDAY,150,1,1,0.05,4579,1,1,0
2022-05-13,EVENING,232,4,2,0.09,0457,1,1,0
2022-05-14,MIDDAY,158,6,0,0.02,2457,1,1,0
2022-05-14,EVENING,427,1,0,0.02,1457,3,1,1
2022-05-15,MIDDAY,401,9,1,0.05,1457,2,1,1
2022-05-15,EVENING,427,3,2,0.09,1457,2,1,1
2022-05-16,MIDDAY,097,8,1,0.05,1247,1,1,0
2022-05-16,EVENING,275,2,1,0.05,0147,1,1,0
2022-05-17,MIDDAY,023,4,1,0.05,1247,2,1,1
2022-05-17,EVENING,156,7,1,0.05,1247,2,1,1
2022-05-18,MIDDAY,341,8,0,0.02,1257,1,1,0
2022-05-18,EVENING,091,6,1,0.05,1247,1,1,0
2022-05-19,MIDDAY,147,9,1,0.05,0147,3,1,1
2022-05-19,EVENING,550,8,2,0.09,0147,1,1,0
2022-05-20,MIDDAY,707,7,0,0.02,0147,2,1,1
2022-05-20,EVENING,112,8,1,0.05,0147,1,1,0
2022-05-21,MIDDAY,598,9,0,0.02,0147,0,0,0
2022-05-21,EVENING,076,8,1,0.05,0147,2,1,1
2022-05-22,MIDDAY,195,1,1,0.05,0147,1,1,0
2022-05-22,EVENING,409,3,0,0.02,0157,1,1,0
2022-05-23,MIDDAY,596,0,1,0.05,0147,1,1,0
2022-05-23,EVENING,994,8,2,0.09,0179,1,1,0
2022-05-24,MIDDAY,012,7,1,0.05,0149,2,1,1
2022-05-24,EVENING,389,5,0,0.02,0149,1,1,0
2022-05-25,MIDDAY,366,4,0,0.02,0159,0,0,0
2022-05-25,EVENING,000,1,1,0.05,0149,2,1,1
2022-05-26,MIDDAY,085,3,0,0.02,0149,1,1,0
2022-05-26,EVENING,028,6,1,0.05,0159,1,1,0
2022-05-27,MIDDAY,568,3,2,0.09,0189,1,1,0
2022-05-27,EVENING,631,5,2,0.09,0589,1,1,0
2022-05-28,MIDDAY,075,2,3,0.04,0158,2,1,1
2022-05-28,EVENING,609,5,1,0.05,0158,2,1,1
2022-05-29,MIDDAY,104,3,2,0.09,0568,1,1,0
2022-05-29,EVENING,626,6,1,0.05,0158,0,0,0
2022-05-30,MIDDAY,364,9,0,0.02,0156,1,1,0
2022-05-30,EVENING,924,0,1,0.05,0568,1,1,0
2022-05-31,MIDDAY,087,3,2,0.09,0569,1,1,0
2022-05-31,EVENING,072,5,1,0.05,0589,2,1,1
2022-06-01,MIDDAY,512,3,2,0.09,0358,2,1,1
2022-06-01,EVENING,210,3,2,0.09,0359,2,1,1
2022-06-02,MIDDAY,456,6,3,0.04,0135,1,1,0
2022-06-02,EVENING,500,0,0,0.02,0356,2,1,1
2022-06-03,MIDDAY,049,7,1,0.05,0235,1,1,0
2022-06-03,EVENING,717,5,1,0.05,0235,1,1,0
2022-06-04,MIDDAY,629,2,1,0.05,0235,1,1,0
2022-06-04,EVENING,528,5,0,0.02,0235,2,1,1
2022-06-05,MIDDAY,719,8,1,0.05,0235,0,0,0
2022-06-05,EVENING,922,4,1,0.05,0125,1,1,0
2022-06-06,MIDDAY,819,3,1,0.05,0259,1,1,0
2022-06-06,EVENING,633,7,1,0.05,0125,0,0,0
2022-06-07,MIDDAY,406,1,1,0.05,0259,1,1,0
2022-06-07,EVENING,418,7,1,0.05,0259,0,0,0
2022-06-08,MIDDAY,945,3,2,0.09,0156,1,1,0
2022-06-08,EVENING,641,6,1,0.05,0159,1,1,0
2022-06-09,MIDDAY,482,6,1,0.05,0149,1,1,0
2022-06-09,EVENING,416,9,2,0.09,0149,3,1,1
2022-06-10,MIDDAY,030,8,2,0.09,1469,0,0,0
2022-06-10,EVENING,764,9,0,0.02,0146,2,1,1
2022-06-11,MIDDAY,975,5,0,0.02,1469,1,1,0
2022-06-11,EVENING,448,1,2,0.09,1469,2,1,1
2022-06-12,MIDDAY,756,2,0,0.02,0149,0,0,0
2022-06-12,EVENING,880,7,0,0.02,1469,0,0,0
2022-06-13,MIDDAY,563,7,1,0.05,1469,1,1,0
2022-06-13,EVENING,128,9,1,0.05,4567,0,0,0
2022-06-14,MIDDAY,779,9,0,0.02,4689,1,1,0
2022-06-14,EVENING,989,8,1,0.05,4679,1,1,0
2022-06-15,MIDDAY,764,2,1,0.05,6789,2,1,1
2022-06-15,EVENING,643,1,0,0.02,4679,2,1,1
2022-06-16,MIDDAY,394,8,2,0.09,4679,2,1,1
2022-06-16,EVENING,005,4,2,0.09,4689,1,1,0
2022-06-17,MIDDAY,831,3,1,0.05,4689,1,1,0
2022-06-17,EVENING,980,1,0,0.02,4689,2,1,1
2022-06-18,MIDDAY,987,1,2,0.09,4689,2,1,1
2022-06-18,EVENING,716,1,3,0.04,1489,1,1,0
2022-06-19,MIDDAY,801,8,2,0.09,1468,2,1,1
2022-06-19,EVENING,276,9,1,0.05,1468,1,1,0
2022-06-20,MIDDAY,664,7,0,0.02,1689,1,1,0
2022-06-20,EVENING,723,7,2,0.09,1467,1,1,0
2022-06-21,MIDDAY,891,6,1,0.05,1679,3,1,1
2022-06-21,EVENING,840,9,0,0.02,1679,1,1,0
2022-06-22,MIDDAY,036,3,2,0.09,1789,0,0,0
2022-06-22,EVENING,904,7,1,0.05,6789,2,1,1
2022-06-23,MIDDAY,250,2,1,0.05,6789,0,0,0
2022-06-23,EVENING,563,9,1,0.05,6789,2,1,1
2022-06-24,MIDDAY,842,4,1,0.05,6789,1,1,0
2022-06-24,EVENING,314,7,0,0.02,6789,1,1,0
2022-06-25,MIDDAY,170,0,1,0.05,4789,1,1,0
2022-06-25,EVENING,703,9,2,0.09,1479,2,1,1
2022-06-26,MIDDAY,975,8,2,0.09,1479,2,1,1
2022-06-26,EVENING,676,7,2,0.09,4789,1,1,0
2022-06-27,MIDDAY,573,0,1,0.05,4789,1,1,0
2022-06-27,EVENING,150,0,1,0.05,0479,1,1,0
2022-06-28,MIDDAY,356,4,2,0.09,0179,0,0,0
2022-06-28,EVENING,338,5,1,0.05,0179,0,0,0
2022-06-29,MIDDAY,693,5,2,0.09,0789,1,1,0
2022-06-29,EVENING,282,1,2,0.09,3679,0,0,0
2022-06-30,MIDDAY,976,3,0,0.02,3789,3,1,1
2022-06-30,EVENING,240,8,0,0.02,3679,0,0,0
2022-07-01,MIDDAY,950,1,0,0.02,3679,1,1,0
2022-07-01,EVENING,961,3,1,0.05,0379,2,1,1
2022-07-02,MIDDAY,614,0,2,0.09,3679,1,1,0
2022-07-02,EVENING,857,7,2,0.09,0369,0,0,0
2022-07-03,MIDDAY,464,3,0,0.02,3679,2,1,1
2022-07-03,EVENING,996,3,0,0.02,0369,3,1,1
2022-07-04,MIDDAY,338,4,2,0.09,0369,1,1,0
2022-07-04,EVENING,246,2,1,0.05,3679,1,1,0
2022-07-05,MIDDAY,444,8,1,0.05,3469,1,1,0
2022-07-05,EVENING,360,5,1,0.05,3468,2,1,1
2022-07-06,MIDDAY,001,1,0,0.02,3456,0,0,0
2022-07-06,EVENING,206,2,1,0.05,0346,2,1,1
2022-07-07,MIDDAY,007,9,1,0.05,0346,1,1,0
2022-07-07,EVENING,381,1,1,0.05,0367,1,1,0
2022-07-08,MIDDAY,231,2,0,0.02,0368,1,1,0
2022-07-08,EVENING,957,3,2,0.09,0136,1,1,0
2022-07-09,MIDDAY,267,7,1,0.05,0136,1,1,0
2022-07-09,EVENING,508,6,1,0.05,0136,2,1,1
2022-07-10,MIDDAY,016,5,1,0.05,0368,2,1,1
2022-07-10,EVENING,004,5,3,0.04,0136,1,1,0
2022-07-11,MIDDAY,398,7,2,0.09,0356,1,1,0
2022-07-11,EVENING,410,1,0,0.02,0356,1,1,0
2022-07-12,MIDDAY,981,2,0,0.02,0136,1,1,0
2022-07-12,EVENING,099,0,1,0.05,0136,1,1,0
2022-07-13,MIDDAY,715,2,1,0.05,0136,1,1,0
2022-07-13,EVENING,913,8,0,0.02,0136,2,1,1
2022-07-14,MIDDAY,234,6,1,0.05,0136,2,1,1
2022-07-14,EVENING,261,2,1,0.05,0136,2,1,1
2022-07-15,MIDDAY,208,0,2,0.09,0136,1,1,0
2022-07-15,EVENING,787,9,1,0.05,0136,0,0,0
2022-07-16,MIDDAY,930,2,1,0.05,0138,2,1,1
2022-07-16,EVENING,939,9,1,0.05,0123,1,1,0
2022-07-17,MIDDAY,371,9,2,0.09,0239,2,1,1
2022-07-17,EVENING,568,9,2,0.09,0139,1,1,0
2022-07-18,MIDDAY,762,1,1,0.05,0139,1,1,0
2022-07-18,EVENING,101,6,1,0.05,0139,2,1,1
2022-07-19,MIDDAY,316,0,2,0.09,1369,3,1,1
2022-07-19,EVENING,718,4,3,0.04,0139,1,1,0
2022-07-20,MIDDAY,746,8,1,0.05,0139,0,0,0
2022-07-20,EVENING,857,0,3,0.04,1369,0,0,0
2022-07-21,MIDDAY,394,7,2,0.09,0168,0,0,0
2022-07-21,EVENING,607,5,1,0.05,0167,3,1,1
2022-07-22,MIDDAY,575,8,1,0.05,0167,1,1,0
2022-07-22,EVENING,347,5,2,0.09,0167,1,1,0
2022-07-23,MIDDAY,971,0,2,0.09,1378,2,1,1
2022-07-23,EVENING,510,8,1,0.05,1789,2,1,1
2022-07-24,MIDDAY,374,0,2,0.09,0178,2,1,1
2022-07-24,EVENING,417,9,1,0.05,0178,2,1,1
2022-07-25,MIDDAY,821,0,2,0.09,0179,2,1,1
2022-07-25,EVENING,286,7,1,0.05,0178,2,1,1
2022-07-26,MIDDAY,026,0,2,0.09,0178,1,1,0
2022-07-26,EVENING,941,0,2,0.09,0167,2,1,1
2022-07-27,MIDDAY,198,4,1,0.05,0178,2,1,1
2022-07-27,EVENING,598,8,3,0.04,0178,1,1,0
2022-07-28,MIDDAY,171,9,2,0.09,0178,2,1,1
2022-07-28,EVENING,910,7,1,0.05,0179,4,1,1
2022-07-29,MIDDAY,516,8,3,0.04,0179,1,1,0
2022-07-29,EVENING,642,5,1,0.05,0178,0,0,0
2022-07-30,MIDDAY,732,0,2,0.09,0178,2,1,1
2022-07-30,EVENING,300,0,1,0.05,0178,1,1,0
2022-07-31,MIDDAY,110,8,2,0.09,0179,2,1,1
2022-07-31,EVENING,006,3,1,0.05,0178,1,1,0
2022-08-01,MIDDAY,049,3,1,0.05,0178,1,1,0
2022-08-01,EVENING,185,3,2,0.09,0178,2,1,1
2022-08-02,MIDDAY,202,3,1,0.05,0178,1,1,0
2022-08-02,EVENING,433,0,1,0.05,0137,2,1,1
2022-08-03,MIDDAY,270,0,2,0.09,0137,2,1,1
2022-08-03,EVENING,818,7,1,0.05,0137,2,1,1
2022-08-04,MIDDAY,049,2,1,0.05,0137,1,1,0
2022-08-04,EVENING,088,4,0,0.02,0178,2,1,1
2022-08-05,MIDDAY,457,7,2,0.09,0178,1,1,0
2022-08-05,EVENING,102,9,1,0.05,0147,2,1,1
2022-08-06,MIDDAY,440,5,0,0.02,0189,1,1,0
2022-08-06,EVENING,596,7,1,0.05,0148,0,0,0
2022-08-07,MIDDAY,600,0,1,0.05,0147,1,1,0
2022-08-07,EVENING,130,9,1,0.05,0147,2,1,1
2022-08-08,MIDDAY,622,8,1,0.05,0179,0,0,0
2022-08-08,EVENING,381,9,0,0.02,0189,3,1,1
2022-08-09,MIDDAY,658,9,1,0.05,0189,2,1,1
2022-08-09,EVENING,047,8,2,0.09,0189,2,1,1
2022-08-10,MIDDAY,100,6,1,0.05,0189,2,1,1
2022-08-10,EVENING,576,8,1,0.05,0168,2,1,1
2022-08-11,MIDDAY,785,1,1,0.05,0678,2,1,1
2022-08-11,EVENING,655,2,3,0.04,0178,0,0,0
2022-08-12,MIDDAY,283,3,1,0.05,0168,1,1,0
2022-08-12,EVENING,707,3,1,0.05,0168,1,1,0
2022-08-13,MIDDAY,985,9,1,0.05,0378,1,1,0
2022-08-13,EVENING,353,6,0,0.02,0578,1,1,0
2022-08-14,MIDDAY,943,9,1,0.05,0578,0,0,0
2022-08-14,EVENING,985,0,1,0.05,0578,3,1,1
2022-08-15,MIDDAY,557,2,1,0.05,0589,1,1,0
2022-08-15,EVENING,707,9,1,0.05,0578,2,1,1
2022-08-16,MIDDAY,943,8,1,0.05,0589,2,1,1
2022-08-16,EVENING,320,3,1,0.05,0589,1,1,0
2022-08-17,MIDDAY,901,2,1,0.05,0589,2,1,1
2022-08-17,EVENING,141,9,2,0.09,0589,1,1,0
2022-08-18,MIDDAY,573,2,2,0.09,0589,1,1,0
2022-08-18,EVENING,490,5,0,0.02,0589,3,1,1
2022-08-19,MIDDAY,740,8,1,0.05,0589,2,1,1
2022-08-19,EVENING,509,4,2,0.09,0589,3,1,1
2022-08-20,MIDDAY,051,0,2,0.09,0589,2,1,1
2022-08-20,EVENING,359,2,2,0.09,0589,2,1,1
2022-08-21,MIDDAY,545,3,1,0.05,0589,1,1,0
2022-08-21,EVENING,008,0,2,0.09,0359,1,1,0
2022-08-22,MIDDAY,924,3,0,0.02,0359,2,1,1
2022-08-22,EVENING,212,3,0,0.02,0359,1,1,0
2022-08-23,MIDDAY,200,9,2,0.09,0359,2,1,1
2022-08-23,EVENING,914,3,1,0.05,0359,2,1,1
2022-08-24,MIDDAY,552,2,1,0.05,0359,1,1,0
2022-08-24,EVENING,589,7,0,0.02,0359,2,1,1
2022-08-25,MIDDAY,064,3,1,0.05,0359,2,1,1
2022-08-25,EVENING,338,7,0,0.02,0359,1,1,0
2022-08-26,MIDDAY,722,3,1,0.05,0359,1,1,0
2022-08-26,EVENING,137,5,2,0.09,0239,1,1,0
2022-08-27,MIDDAY,389,4,2,0.09,0359,2,1,1
2022-08-27,EVENING,193,4,1,0.05,0359,2,1,1
2022-08-28,MIDDAY,634,2,3,0.04,0349,2,1,1
2022-08-28,EVENING,543,3,2,0.09,3459,3,1,1
2022-08-29,MIDDAY,763,8,2,0.09,3459,1,1,0
2022-08-29,EVENING,414,7,1,0.05,3459,1,1,0
2022-08-30,MIDDAY,360,1,1,0.05,3459,1,1,0
2022-08-30,EVENING,191,6,1,0.05,3459,1,1,0
2022-08-31,MIDDAY,817,6,2,0.09,3459,0,0,0
2022-08-31,EVENING,331,2,2,0.09,1349,2,1,1
2022-09-01,MIDDAY,783,8,1,0.05,1349,1,1,0
2022-09-01,EVENING,602,4,1,0.05,1349,1,1,0
2022-09-02,MIDDAY,402,2,0,0.02,1234,2,1,1
2022-09-02,EVENING,253,8,3,0.04,1234,2,1,1
2022-09-03,MIDDAY,036,8,1,0.05,2348,2,1,1
2022-09-03,EVENING,644,0,2,0.09,2348,1,1,0
2022-09-04,MIDDAY,815,7,2,0.09,2346,0,0,0
2022-09-04,EVENING,261,2,0,0.02,2348,1,1,0
2022-09-05,MIDDAY,475,8,1,0.05,2348,2,1,1
2022-09-05,EVENING,259,3,0,0.02,2348,2,1,1
2022-09-06,MIDDAY,533,2,1,0.05,2348,2,1,1
2022-09-06,EVENING,967,6,3,0.04,2345,0,0,0
2022-09-07,MIDDAY,725,5,0,0.02,2345,2,1,1
2022-09-07,EVENING,024,5,1,0.05,2357,2,1,1
2022-09-08,MIDDAY,866,3,2,0.09,2345,1,1,0
2022-09-08,EVENING,778,2,0,0.02,2345,1,1,0
2022-09-09,MIDDAY,779,7,1,0.05,2357,1,1,0
2022-09-09,EVENING,549,3,1,0.05,2367,1,1,0
2022-09-10,MIDDAY,920,3,1,0.05,2357,2,1,1
2022-09-10,EVENING,045,1,2,0.09,2357,1,1,0
2022-09-11,MIDDAY,874,1,1,0.05,2357,1,1,0
2022-09-11,EVENING,949,7,2,0.09,2357,1,1,0
2022-09-12,MIDDAY,810,3,2,0.09,2347,1,1,0
2022-09-12,EVENING,038,7,0,0.02,2347,2,1,1
2022-09-13,MIDDAY,790,8,3,0.04,2378,2,1,1
2022-09-13,EVENING,189,4,3,0.04,0378,1,1,0
2022-09-14,MIDDAY,914,4,2,0.09,3478,1,1,0
2022-09-14,EVENING,398,2,3,0.04,3478,2,1,1
2022-09-15,MIDDAY,382,6,1,0.05,3489,2,1,1
2022-09-15,EVENING,669,7,3,0.04,3789,2,1,1
2022-09-16,MIDDAY,737,2,1,0.05,3789,2,1,1
2022-09-16,EVENING,371,2,1,0.05,3789,2,1,1
2022-09-17,MIDDAY,675,5,3,0.04,2378,1,1,0
2022-09-17,EVENING,538,6,1,0.05,3789,2,1,1
2022-09-18,MIDDAY,351,7,2,0.09,3789,2,1,1
2022-09-18,EVENING,746,6,2,0.09,3789,1,1,0
2022-09-19,MIDDAY,719,0,1,0.05,3789,2,1,1
2022-09-19,EVENING,230,3,1,0.05,3789,1,1,0
2022-09-20,MIDDAY,840,5,1,0.05,3789,1,1,0
2022-09-20,EVENING,575,3,1,0.05,3789,2,1,1
2022-09-21,MIDDAY,028,9,1,0.05,3478,1,1,0
2022-09-21,EVENING,208,4,0,0.02,3789,1,1,0
2022-09-22,MIDDAY,663,7,3,0.04,0378,2,1,1
2022-09-22,EVENING,477,4,0,0.02,0378,1,1,0
2022-09-23,MIDDAY,668,9,1,0.05,0378,1,1,0
2022-09-23,EVENING,169,1,0,0.02,0378,0,0,0
2022-09-24,MIDDAY,776,7,2,0.09,3789,1,1,0
2022-09-24,EVENING,435,1,1,0.05,3678,1,1,0
2022-09-25,MIDDAY,566,8,0,0.02,3678,2,1,1
2022-09-25,EVENING,569,4,1,0.05,3678,1,1,0
2022-09-26,MIDDAY,727,9,2,0.09,3678,1,1,0
2022-09-26,EVENING,007,5,1,0.05,3679,1,1,0
2022-09-27,MIDDAY,668,7,1,0.05,3567,2,1,1
2022-09-27,EVENING,235,4,1,0.05,5678,1,1,0
2022-09-28,MIDDAY,711,2,0,0.02,3567,1,1,0
2022-09-28,EVENING,299,6,1,0.05,3567,1,1,0
2022-09-29,MIDDAY,447,9,1,0.05,2567,1,1,0
2022-09-29,EVENING,322,9,1,0.05,5679,1,1,0
2022-09-30,MIDDAY,630,2,1,0.05,5679,1,1,0
2022-09-30,EVENING,678,3,2,0.09,2679,2,1,1
2022-10-01,MIDDAY,709,6,2,0.09,2679,3,1,1
2022-10-01,EVENING,439,8,2,0.09,2679,1,1,0
2022-10-02,MIDDAY,231,3,1,0.05,3679,1,1,0
2022-10-02,EVENING,483,8,1,0.05,3679,1,1,0
2022-10-03,MIDDAY,079,5,1,0.05,3679,2,1,1
2022-10-03,EVENING,212,3,0,0.02,3679,1,1,0
2022-10-04,MIDDAY,191,4,0,0.02,3679,1,1,0
2022-10-04,EVENING,126,0,1,0.05,3679,1,1,0
2022-10-05,MIDDAY,889,8,1,0.05,3679,1,1,0
2022-10-05,EVENING,805,2,0,0.02,3679,0,0,0
2022-10-06,MIDDAY,526,1,1,0.05,2379,1,1,0
2022-10-06,EVENING,137,0,2,0.09,2369,1,1,0
2022-10-07,MIDDAY,034,8,1,0.05,2379,1,1,0
2022-10-07,EVENING,244,5,2,0.09,2379,1,1,0
2022-10-08,MIDDAY,105,1,1,0.05,2379,0,0,0
2022-10-08,EVENING,368,0,1,0.05,2379,1,1,0
2022-10-09,MIDDAY,059,5,1,0.05,0236,1,1,0
2022-10-09,EVENING,455,2,1,0.05,0236,1,1,0
2022-10-10,MIDDAY,050,2,1,0.05,0235,3,1,1
2022-10-10,EVENING,487,0,2,0.09,0235,1,1,0
2022-10-11,MIDDAY,026,8,1,0.05,0235,2,1,1
2022-10-11,EVENING,841,1,2,0.09,0235,0,0,0
2022-10-12,MIDDAY,221,3,1,0.05,0258,1,1,0
2022-10-12,EVENING,184,4,1,0.05,0238,1,1,0
2022-10-13,MIDDAY,859,8,1,0.05,0248,1,1,0
2022-10-13,EVENING,882,4,1,0.05,0248,3,1,1
2022-10-14,MIDDAY,490,6,1,0.05,0248,2,1,1
2022-10-14,EVENING,483,5,1,0.05,0248,2,1,1
2022-10-15,MIDDAY,733,2,1,0.05,0248,1,1,0
2022-10-15,EVENING,678,2,1,0.05,0248,2,1,1
2022-10-16,MIDDAY,185,9,2,0.09,0248,1,1,0
2022-10-16,EVENING,073,8,1,0.05,2458,1,1,0
2022-10-17,MIDDAY,285,7,1,0.05,0248,2,1,1
2022-10-17,EVENING,814,8,2,0.09,2458,2,1,1
2022-10-18,MIDDAY,472,6,1,0.05,2458,2,1,1
2022-10-18,EVENING,209,4,1,0.05,2458,2,1,1
2022-10-19,MIDDAY,840,8,2,0.09,0248,3,1,1
2022-10-19,EVENING,064,1,2,0.09,0248,2,1,1
2022-10-20,MIDDAY,755,9,2,0.09,0248,0,0,0
2022-10-20,EVENING,617,5,0,0.02,0248,0,0,0
2022-10-21,MIDDAY,026,9,2,0.09,0248,2,1,1
2022-10-21,EVENING,858,7,1,0.05,0248,1,1,0
2022-10-22,MIDDAY,726,4,0,0.02,0248,2,1,1
2022-10-22,EVENING,771,7,1,0.05,0248,0,0,0
2022-10-23,MIDDAY,517,2,1,0.05,2478,2,1,1
2022-10-23,EVENING,787,8,2,0.09,2478,2,1,1
2022-10-24,MIDDAY,689,8,1,0.05,2478,1,1,0
2022-10-24,EVENING,589,7,1,0.05,2478,2,1,1
2022-10-25,MIDDAY,716,7,2,0.09,2578,1,1,0
2022-10-25,EVENING,255,7,1,0.05,2578,3,1,1
2022-10-26,MIDDAY,610,5,1,0.05,2578,1,1,0
2022-10-26,EVENING,920,4,1,0.05,2578,1,1,0
2022-10-27,MIDDAY,379,8,1,0.05,2578,2,1,1
2022-10-27,EVENING,210,6,1,0.05,2578,1,1,0
2022-10-28,MIDDAY,185,7,0,0.02,2578,3,1,1
2022-10-28,EVENING,061,8,1,0.05,1578,2,1,1
2022-10-29,MIDDAY,616,0,2,0.09,0178,2,1,1
2022-10-29,EVENING,830,1,3,0.04,1678,2,1,1
2022-10-30,MIDDAY,584,8,2,0.09,0178,1,1,0
2022-10-30,EVENING,078,7,1,0.05,0178,3,1,1
2022-10-31,MIDDAY,844,4,1,0.05,0178,1,1,0
2022-10-31,EVENING,433,7,1,0.05,0178,1,1,0
2022-11-01,MIDDAY,883,5,1,0.05,0178,1,1,0
2022-11-01,EVENING,645,0,1,0.05,1578,1,1,0
2022-11-02,MIDDAY,638,8,1,0.05,0578,1,1,0
2022-11-02,EVENING,866,6,1,0.05,0678,2,1,1
2022-11-03,MIDDAY,426,2,2,0.09,5678,1,1,0
2022-11-03,EVENING,722,5,1,0.05,4678,1,1,0
2022-11-04,MIDDAY,091,9,1,0.05,5678,0,0,0
2022-11-04,EVENING,635,1,0,0.02,0678,1,1,0
2022-11-05,MIDDAY,869,6,1,0.05,5678,2,1,1
2022-11-05,EVENING,569,0,1,0.05,1568,2,1,1
2022-11-06,MIDDAY,398,1,2,0.09,0568,1,1,0
2022-11-06,EVENING,960,1,1,0.05,1568,2,1,1
2022-11-07,MIDDAY,883,5,2,0.09,0168,1,1,0
2022-11-07,EVENING,752,5,0,0.02,0168,0,0,0
2022-11-08,MIDDAY,850,8,1,0.05,0568,3,1,1
2022-11-08,EVENING,008,1,1,0.05,0568,2,1,1
2022-11-09,MIDDAY,575,5,2,0.09,0568,1,1,0
2022-11-09,EVENING,632,5,0,0.02,0568,2,1,1
2022-11-10,MIDDAY,389,6,1,0.05,0568,2,1,1
2022-11-10,EVENING,953,0,2,0.09,0568,2,1,1
2022-11-11,MIDDAY,154,7,2,0.09,0568,1,1,0
2022-11-11,EVENING,687,7,1,0.05,0568,2,1,1
2022-11-12,MIDDAY,316,5,1,0.05,5678,2,1,1
2022-11-12,EVENING,098,5,1,0.05,3568,2,1,1
2022-11-13,MIDDAY,451,9,1,0.05,0568,1,1,0
2022-11-13,EVENING,242,8,2,0.09,1568,1,1,0
2022-11-14,MIDDAY,013,7,1,0.05,5689,0,0,0
2022-11-14,EVENING,502,3,0,0.02,1568,1,1,0
2022-11-15,MIDDAY,043,7,2,0.09,0568,1,1,0
2022-11-15,EVENING,453,5,2,0.09,0358,2,1,1
2022-11-16,MIDDAY,096,6,2,0.09,0358,1,1,0
2022-11-16,EVENING,595,1,0,0.02,0358,1,1,0
2022-11-17,MIDDAY,004,0,1,0.05,0358,1,1,0
2022-11-17,EVENING,363,3,0,0.02,0358,1,1,0
2022-11-18,MIDDAY,933,6,0,0.02,0356,2,1,1
2022-11-18,EVENING,689,6,2,0.09,0356,1,1,0
2022-11-19,MIDDAY,811,4,2,0.09,0356,0,0,0
2022-11-19,EVENING,192,1,1,0.05,0358,0,0,0
2022-11-20,MIDDAY,892,2,1,0.05,0359,1,1,0
2022-11-20,EVENING,049,4,2,0.09,3589,1,1,0
2022-11-21,MIDDAY,511,9,1,0.05,0359,2,1,1
2022-11-21,EVENING,059,7,1,0.05,1359,2,1,1
2022-11-22,MIDDAY,918,8,2,0.09,0359,1,1,0
2022-11-22,EVENING,997,8,1,0.05,1589,2,1,1
2022-11-23,MIDDAY,816,3,2,0.09,1589,2,1,1
2022-11-23,EVENING,563,6,1,0.05,1589,1,1,0
2022-11-24,MIDDAY,594,1,2,0.09,1589,3,1,1
2022-11-24,EVENING,011,2,1,0.05,1589,1,1,0
2022-11-25,MIDDAY,950,9,1,0.05,1589,2,1,1
2022-11-25,EVENING,335,2,1,0.05,0159,1,1,0
2022-11-26,MIDDAY,680,1,1,0.05,1359,1,1,0
2022-11-26,EVENING,797,7,0,0.02,0159,1,1,0
2022-11-27,MIDDAY,082,2,0,0.02,0159,1,1,0
2022-11-27,EVENING,608,6,0,0.02,0159,1,1,0
2022-11-28,MIDDAY,204,0,2,0.09,0589,1,1,0
2022-11-28,EVENING,673,8,1,0.05,0589,1,1,0
2022-11-29,MIDDAY,719,8,0,0.02,0189,3,1,1
2022-11-29,EVENING,296,8,2,0.09,0189,2,1,1
2022-11-30,MIDDAY,752,3,2,0.09,0689,0,0,0
2022-11-30,EVENING,709,9,1,0.05,0689,2,1,1
2022-12-01,MIDDAY,476,3,1,0.05,0189,0,0,0
2022-12-01,EVENING,552,4,1,0.05,0789,0,0,0
2022-12-02,MIDDAY,274,7,1,0.05,0589,0,0,0
2022-12-02,EVENING,551,9,2,0.09,0789,1,1,0
2022-12-03,MIDDAY,503,3,0,0.02,5789,1,1,0
2022-12-03,EVENING,740,4,1,0.05,5789,1,1,0
2022-12-04,MIDDAY,623,6,1,0.05,0579,0,0,0
2022-12-04,EVENING,889,3,0,0.02,0279,1,1,0
2022-12-05,MIDDAY,891,2,1,0.05,0379,1,1,0
2022-12-05,EVENING,883,7,2,0.09,0239,1,1,0
2022-12-06,MIDDAY,215,8,1,0.05,2389,2,1,1
2022-12-06,EVENING,813,5,1,0.05,2389,2,1,1
2022-12-07,MIDDAY,110,2,3,0.04,2389,1,1,0
2022-12-07,EVENING,526,2,1,0.05,2389,1,1,0
2022-12-08,MIDDAY,436,0,1,0.05,2358,1,1,0
2022-12-08,EVENING,111,2,1,0.05,0238,1,1,0
2022-12-09,MIDDAY,544,7,0,0.02,0238,0,0,0
2022-12-09,EVENING,804,6,0,0.02,2358,1,1,0
2022-12-10,MIDDAY,960,6,1,0.05,0238,1,1,0
2022-12-10,EVENING,204,7,2,0.09,0238,2,1,1
2022-12-11,MIDDAY,795,5,1,0.05,0278,1,1,0
2022-12-11,EVENING,703,4,1,0.05,2579,1,1,0
2022-12-12,MIDDAY,707,1,1,0.05,0247,2,1,1
2022-12-12,EVENING,176,7,2,0.09,0257,1,1,0
2022-12-13,MIDDAY,788,4,2,0.09,0127,1,1,0
2022-12-13,EVENING,959,2,1,0.05,0247,1,1,0
2022-12-14,MIDDAY,133,3,0,0.02,0257,0,0,0
2022-12-14,EVENING,254,2,0,0.02,0127,1,1,0
2022-12-15,MIDDAY,298,5,0,0.02,0257,2,1,1
2022-12-15,EVENING,673,0,2,0.09,0257,2,1,1
2022-12-16,MIDDAY,434,4,0,0.02,0257,0,0,0
2022-12-16,EVENING,916,8,1,0.05,0237,0,0,0
2022-12-17,MIDDAY,452,9,0,0.02,1278,1,1,0
2022-12-17,EVENING,567,1,1,0.05,2457,2,1,1
2022-12-18,MIDDAY,515,1,1,0.05,1257,2,1,1
2022-12-18,EVENING,412,9,2,0.09,1257,2,1,1
2022-12-19,MIDDAY,080,2,1,0.05,1245,1,1,0
2022-12-19,EVENING,802,6,1,0.05,1245,1,1,0
2022-12-20,MIDDAY,686,7,3,0.04,0245,0,0,0
2022-12-20,EVENING,448,0,2,0.09,2467,1,1,0
2022-12-21,MIDDAY,182,5,1,0.05,2478,2,1,1
2022-12-21,EVENING,986,7,1,0.05,2478,2,1,1
2022-12-22,MIDDAY,643,4,1,0.05,0278,0,0,0
2022-12-22,EVENING,709,4,1,0.05,2678,1,1,0
2022-12-23,MIDDAY,203,6,1,0.05,2478,1,1,0
2022-12-23,EVENING,334,4,1,0.05,2678,0,0,0
2022-12-24,MIDDAY,054,7,1,0.05,2478,2,1,1
2022-12-24,EVENING,919,0,1,0.05,2467,0,0,0
2022-12-25,MIDDAY,758,3,1,0.05,0247,1,1,0
2022-12-25,EVENING,431,1,0,0.02,0478,1,1,0
2022-12-26,MIDDAY,110,2,1,0.05,2458,1,1,0
2022-12-26,EVENING,913,7,1,0.05,0124,1,1,0
2022-12-27,MIDDAY,183,3,1,0.05,0124,1,1,0
2022-12-27,EVENING,476,2,2,0.09,0138,0,0,0
2022-12-28,MIDDAY,989,1,0,0.02,1347,1,1,0
2022-12-28,EVENING,970,9,0,0.02,1478,1,1,0
2022-12-29,MIDDAY,311,0,1,0.05,0178,2,1,1
2022-12-29,EVENING,735,4,1,0.05,0178,1,1,0
2022-12-30,MIDDAY,949,2,1,0.05,0137,0,0,0
2022-12-30,EVENING,974,4,1,0.05,0147,2,1,1
2022-12-31,MIDDAY,221,7,2,0.09,0147,2,1,1
2022-12-31,EVENING,480,6,1,0.05,0147,2,1,1
2023-01-01,MIDDAY,810,3,0,0.02,0147,2,1,1
2023-01-01,EVENING,614,6,2,0.09,0147,2,1,1
2023-01-02,MIDDAY,952,3,1,0.05,0147,0,0,0
2023-01-02,EVENING,563,2,0,0.02,1347,1,1,0
2023-01-03,MIDDAY,818,2,3,0.04,1347,1,1,0
2023-01-03,EVENING,189,5,1,0.05,1347,1,1,0
2023-01-04,MIDDAY,009,3,2,0.09,1349,2,1,1
2023-01-04,EVENING,801,2,1,0.05,1349,1,1,0
2023-01-05,MIDDAY,939,1,1,0.05,0123,2,1,1
2023-01-05,EVENING,803,3,1,0.05,0139,2,1,1
2023-01-06,MIDDAY,086,2,1,0.05,1389,1,1,0
2023-01-06,EVENING,765,0,2,0.09,1238,0,0,0
2023-01-07,MIDDAY,045,7,2,0.09,0138,1,1,0
2023-01-07,EVENING,449,3,3,0.04,0138,1,1,0
2023-01-08,MIDDAY,444,7,1,0.05,0139,0,0,0
2023-01-08,EVENING,113,0,1,0.05,0134,3,1,1
2023-01-09,MIDDAY,950,2,0,0.02,0134,1,1,0
2023-01-09,EVENING,586,5,1,0.05,0139,0,0,0
2023-01-10,MIDDAY,059,4,1,0.05,0139,2,1,1
2023-01-10,EVENING,058,5,1,0.05,0134,1,1,0
2023-01-11,MIDDAY,106,7,2,0.09,0458,1,1,0
2023-01-11,EVENING,031,6,1,0.05,0158,2,1,1
2023-01-12,MIDDAY,004,6,3,0.04,0134,2,1,1
2023-01-12,EVENING,542,0,2,0.09,0138,1,1,0
2023-01-13,MIDDAY,049,5,2,0.09,0145,3,1,1
2023-01-13,EVENING,697,9,3,0.04,0134,0,0,0
2023-01-14,MIDDAY,767,3,1,0.05,0459,0,0,0
2023-01-14,EVENING,136,0,2,0.09,0356,3,1,1
2023-01-15,MIDDAY,214,8,2,0.09,0356,0,0,0
2023-01-15,EVENING,316,4,1,0.05,0146,3,1,1
2023-01-16,MIDDAY,805,5,2,0.09,0146,1,1,0
2023-01-16,EVENING,012,5,0,0.02,0346,1,1,0
2023-01-17,MIDDAY,783,4,2,0.09,0146,1,1,0
2023-01-17,EVENING,271,1,0,0.02,0134,1,1,0
2023-01-18,MIDDAY,945,3,1,0.05,0134,2,1,1
2023-01-18,EVENING,198,3,0,0.02,0134,2,1,1
2023-01-19,MIDDAY,625,2,2,0.09,0134,0,0,0
2023-01-19,EVENING,405,9,0,0.02,0134,2,1,1
2023-01-20,MIDDAY,008,8,1,0.05,0145,1,1,0
2023-01-20,EVENING,335,4,1,0.05,0145,2,1,1
2023-01-21,MIDDAY,039,4,0,0.02,0345,3,1,1
2023-01-21,EVENING,414,6,2,0.09,0345,1,1,0
2023-01-22,MIDDAY,518,2,1,0.05,0345,1,1,0
2023-01-22,EVENING,285,5,1,0.05,0145,1,1,0
2023-01-23,MIDDAY,206,3,3,0.04,0145,1,1,0
2023-01-23,EVENING,242,2,1,0.05,0345,1,1,0
2023-01-24,MIDDAY,147,7,1,0.05,0345,1,1,0
2023-01-24,EVENING,945,4,1,0.05,0145,2,1,1
2023-01-25,MIDDAY,043,1,1,0.05,0145,3,1,1
2023-01-25,EVENING,948,9,1,0.05,0145,1,1,0
2023-01-26,MIDDAY,799,2,1,0.05,0134,0,0,0
2023-01-26,EVENING,271,8,1,0.05,1245,2,1,1
2023-01-27,MIDDAY,787,3,2,0.09,1245,0,0,0
2023-01-27,EVENING,272,5,2,0.09,1248,1,1,0
2023-01-28,MIDDAY,479,9,1,0.05,1245,1,1,0
2023-01-28,EVENING,680,9,1,0.05,0245,1,1,0
2023-01-29,MIDDAY,095,7,1,0.05,0249,2,1,1
2023-01-29,EVENING,545,2,2,0.09,0459,2,1,1
2023-01-30,MIDDAY,378,7,1,0.05,2459,0,0,0
2023-01-30,EVENING,893,2,0,0.02,4589,2,1,1
2023-01-31,MIDDAY,579,4,2,0.09,2489,2,1,1
2023-01-31,EVENING,500,5,1,0.05,4579,1,1,0
2023-02-01,MIDDAY,966,3,1,0.05,4579,1,1,0
2023-02-01,EVENING,260,2,0,0.02,4579,0,0,0
2023-02-02,MIDDAY,749,8,1,0.05,2459,2,1,1
2023-02-02,EVENING,977,0,0,0.02,0459,2,1,1
2023-02-03,MIDDAY,634,3,2,0.09,4579,1,1,0
2023-02-03,EVENING,397,9,0,0.02,4579,2,1,1
2023-02-04,MIDDAY,383,1,1,0.05,3479,1,1,0
2023-02-04,EVENING,104,8,1,0.05,3479,1,1,0
2023-02-05,MIDDAY,767,6,2,0.09,3479,1,1,0
2023-02-05,EVENING,446,8,0,0.02,3479,1,1,0
2023-02-06,MIDDAY,932,7,1,0.05,4789,2,1,1
2023-02-06,EVENING,928,3,0,0.02,4789,2,1,1
2023-02-07,MIDDAY,436,5,3,0.04,3789,1,1,0
2023-02-07,EVENING,541,2,1,0.05,3479,1,1,0
2023-02-08,MIDDAY,974,8,2,0.09,3479,3,1,1
2023-02-08,EVENING,424,6,1,0.05,3479,1,1,0
2023-02-09,MIDDAY,264,8,1,0.05,4789,2,1,1
2023-02-09,EVENING,420,7,3,0.04,4789,2,1,1
2023-02-10,MIDDAY,429,9,2,0.09,2489,3,1,1
2023-02-10,EVENING,974,9,2,0.09,2479,3,1,1
2023-02-11,MIDDAY,660,2,2,0.09,2479,1,1,0
2023-02-11,EVENING,813,1,0,0.02,2479,0,0,0
2023-02-12,MIDDAY,450,9,0,0.02,2489,2,1,1
2023-02-12,EVENING,610,7,0,0.02,2479,1,1,0
2023-02-13,MIDDAY,152,5,1,0.05,2479,1,1,0
2023-02-13,EVENING,203,5,1,0.05,2479,1,1,0
2023-02-14,MIDDAY,778,8,2,0.09,2479,1,1,0
2023-02-14,EVENING,184,9,0,0.02,2479,2,1,1
2023-02-15,MIDDAY,865,3,1,0.05,2479,0,0,0
2023-02-15,EVENING,942,0,1,0.05,2478,2,1,1
2023-02-16,MIDDAY,272,0,0,0.02,2489,1,1,0
2023-02-16,EVENING,007,0,2,0.09,0248,1,1,0
2023-02-17,MIDDAY,705,7,2,0.09,0247,2,1,1
2023-02-17,EVENING,795,1,2,0.09,0247,1,1,0
2023-02-18,MIDDAY,691,4,2,0.09,2479,2,1,1
2023-02-18,EVENING,368,8,2,0.09,2479,0,0,0
2023-02-19,MIDDAY,023,7,1,0.05,2479,2,1,1
2023-02-19,EVENING,500,7,1,0.05,0247,2,1,1
2023-02-20,MIDDAY,826,7,2,0.09,0247,2,1,1
2023-02-20,EVENING,151,1,1,0.05,0247,0,0,0
2023-02-21,MIDDAY,025,5,0,0.02,0247,2,1,1
2023-02-21,EVENING,205,7,1,0.05,0257,4,1,1
2023-02-22,MIDDAY,865,3,3,0.04,0257,1,1,0
2023-02-22,EVENING,963,7,1,0.05,0257,1,1,0
2023-02-23,MIDDAY,759,5,2,0.09,0257,2,1,1
2023-02-23,EVENING,208,6,2,0.09,0257,2,1,1
2023-02-24,MIDDAY,040,5,0,0.02,0257,2,1,1
2023-02-24,EVENING,055,7,1,0.05,0257,3,1,1
2023-02-25,MIDDAY,387,2,2,0.09,0257,2,1,1
2023-02-25,EVENING,969,1,1,0.05,0257,0,0,0
2023-02-26,MIDDAY,424,4,0,0.02,0257,1,1,0
2023-02-26,EVENING,591,4,0,0.02,0257,1,1,0
2023-02-27,MIDDAY,506,9,1,0.05,0257,2,1,1
2023-02-27,EVENING,852,6,2,0.09,0257,2,1,1
2023-02-28,MIDDAY,544,9,2,0.09,0257,1,1,0
2023-02-28,EVENING,991,8,1,0.05,0257,0,0,0
2023-03-01,MIDDAY,905,3,1,0.05,0579,3,1,1
2023-03-01,EVENING,226,2,1,0.05,0579,0,0,0
2023-03-02,MIDDAY,809,3,0,0.02,2569,1,1,0
2023-03-02,EVENING,956,2,0,0.02,0259,3,1,1
2023-03-03,MIDDAY,370,7,1,0.05,0259,1,1,0
2023-03-03,EVENING,359,7,0,0.02,0259,2,1,1
2023-03-04,MIDDAY,385,4,2,0.09,0259,1,1,0
2023-03-04,EVENING,860,6,2,0.09,0259,1,1,0
2023-03-05,MIDDAY,558,3,1,0.05,0569,1,1,0
2023-03-05,EVENING,008,6,1,0.05,0589,2,1,1
2023-03-06,MIDDAY,824,0,1,0.05,0589,2,1,1
2023-03-06,EVENING,115,8,2,0.09,0589,2,1,1
2023-03-07,MIDDAY,829,8,1,0.05,0589,2,1,1
2023-03-07,EVENING,979,3,1,0.05,0589,1,1,0
2023-03-08,MIDDAY,021,7,1,0.05,0589,1,1,0
2023-03-08,EVENING,182,9,1,0.05,0589,2,1,1
2023-03-09,MIDDAY,986,3,2,0.09,0589,2,1,1
2023-03-09,EVENING,880,1,2,0.09,0589,2,1,1
2023-03-10,MIDDAY,566,9,1,0.05,0589,2,1,1
2023-03-10,EVENING,586,4,0,0.02,0589,2,1,1
2023-03-11,MIDDAY,160,7,2,0.09,0589,1,1,0
2023-03-11,EVENING,236,8,1,0.05,0589,1,1,0
2023-03-12,MIDDAY,836,8,1,0.05,5689,2,1,1
2023-03-12,EVENING,108,1,3,0.04,0689,2,1,1
2023-03-13,MIDDAY,970,8,1,0.05,0689,3,1,1
2023-03-13,EVENING,022,8,2,0.09,0689,2,1,1
2023-03-14,MIDDAY,435,0,2,0.09,0689,1,1,0
2023-03-14,EVENING,785,5,1,0.05,0568,2,1,1
2023-03-15,MIDDAY,641,9,1,0.05,0568,1,1,0
2023-03-15,EVENING,113,0,0,0.02,0568,1,1,0
2023-03-16,MIDDAY,709,9,1,0.05,0568,1,1,0
2023-03-16,EVENING,524,9,1,0.05,0689,1,1,0
2023-03-17,MIDDAY,565,5,1,0.05,0589,1,1,0
2023-03-17,EVENING,815,9,1,0.05,0589,3,1,1
2023-03-18,MIDDAY,962,5,1,0.05,0589,2,1,1
2023-03-18,EVENING,939,9,2,0.09,0589,1,1,0
2023-03-19,MIDDAY,578,3,1,0.05,5689,2,1,1
2023-03-19,EVENING,414,8,1,0.05,5689,1,1,0
2023-03-20,MIDDAY,660,7,1,0.05,5689,1,1,0
2023-03-20,EVENING,256,0,0,0.02,0589,2,1,1
2023-03-21,MIDDAY,096,0,2,0.09,5689,2,1,1
2023-03-21,EVENING,569,4,2,0.09,5689,3,1,1
2023-03-22,MIDDAY,270,3,2,0.09,5689,0,0,0
2023-03-22,EVENING,121,4,0,0.02,0569,0,0,0
2023-03-23,MIDDAY,098,6,1,0.05,0569,3,1,1
2023-03-23,EVENING,170,7,0,0.02,0689,1,1,0
2023-03-24,MIDDAY,967,8,1,0.05,0689,3,1,1
2023-03-24,EVENING,247,3,1,0.05,0689,0,0,0
2023-03-25,MIDDAY,510,9,1,0.05,0689,2,1,1
2023-03-25,EVENING,135,6,0,0.02,0569,2,1,1
2023-03-26,MIDDAY,464,4,2,0.09,0569,1,1,0
2023-03-26,EVENING,734,9,1,0.05,0569,1,1,0
2023-03-27,MIDDAY,917,9,1,0.05,0679,2,1,1
2023-03-27,EVENING,609,5,2,0.09,0679,3,1,1
2023-03-28,MIDDAY,918,3,1,0.05,0569,1,1,0
2023-03-28,EVENING,959,9,1,0.05,0569,2,1,1
2023-03-29,MIDDAY,356,2,1,0.05,0569,2,1,1
2023-03-29,EVENING,716,4,1,0.05,0569,1,1,0
2023-03-30,MIDDAY,966,5,1,0.05,1569,3,1,1
2023-03-30,EVENING,398,6,1,0.05,1569,2,1,1
2023-03-31,MIDDAY,689,2,2,0.09,3569,2,1,1
2023-03-31,EVENING,427,6,3,0.04,0569,1,1,0
2023-04-01,MIDDAY,223,5,2,0.09,5679,1,1,0
2023-04-01,EVENING,303,6,1,0.05,3569,2,1,1
2023-04-02,MIDDAY,074,3,1,0.05,3569,1,1,0
2023-04-02,EVENING,723,2,2,0.09,3569,1,1,0
2023-04-03,MIDDAY,459,4,2,0.09,3679,1,1,0
2023-04-03,EVENING,414,5,0,0.02,3679,0,0,0
2023-04-04,MIDDAY,415,6,2,0.09,3569,2,1,1
2023-04-04,EVENING,628,8,3,0.04,3569,1,1,0
2023-04-05,MIDDAY,719,4,1,0.05,3569,1,1,0
2023-04-05,EVENING,390,7,0,0.02,4569,1,1,0
2023-04-06,MIDDAY,291,0,2,0.09,3569,1,1,0
2023-04-06,EVENING,776,7,2,0.09,3569,1,1,0
2023-04-07,MIDDAY,102,3,0,0.02,4679,0,0,0
2023-04-07,EVENING,917,4,0,0.02,3679,2,1,1
2023-04-08,MIDDAY,179,2,1,0.05,1679,3,1,1
2023-04-08,EVENING,569,6,3,0.04,1679,2,1,1
2023-04-09,MIDDAY,091,4,1,0.05,1679,2,1,1
2023-04-09,EVENING,324,4,1,0.05,1679,0,0,0
2023-04-10,MIDDAY,866,9,1,0.05,1469,2,1,1
2023-04-10,EVENING,825,8,0,0.02,1269,1,1,0
2023-04-11,MIDDAY,992,7,1,0.05,1269,2,1,1
2023-04-11,EVENING,380,7,1,0.05,2679,1,1,0
2023-04-12,MIDDAY,619,6,1,0.05,2679,2,1,1
2023-04-12,EVENING,121,9,0,0.02,2679,2,1,1
2023-04-13,MIDDAY,357,3,2,0.09,1279,1,1,0
2023-04-13,EVENING,306,6,0,0.02,1279,0,0,0
2023-04-14,MIDDAY,515,2,1,0.05,1279,2,1,1
2023-04-14,EVENING,921,1,0,0.02,1279,3,1,1
2023-04-15,MIDDAY,803,7,2,0.09,1279,1,1,0
2023-04-15,EVENING,015,3,0,0.02,1279,1,1,0
2023-04-16,MIDDAY,231,3,2,0.09,1279,2,1,1
2023-04-16,EVENING,164,8,2,0.09,1239,1,1,0
2023-04-17,MIDDAY,451,2,1,0.05,1239,2,1,1
2023-04-17,EVENING,555,7,2,0.09,1239,0,0,0
2023-04-18,MIDDAY,830,9,1,0.05,1239,2,1,1
2023-04-18,EVENING,320,8,0,0.02,1239,2,1,1
2023-04-19,MIDDAY,577,1,3,0.04,1239,1,1,0
2023-04-19,EVENING,518,1,0,0.02,1239,1,1,0
2023-04-20,MIDDAY,464,0,2,0.09,1239,0,0,0
2023-04-20,EVENING,457,6,0,0.02,1235,1,1,0
2023-04-21,MIDDAY,638,5,2,0.09,1235,2,1,1
2023-04-21,EVENING,672,3,2,0.09,1235,2,1,1
2023-04-22,MIDDAY,960,3,2,0.09,1235,1,1,0
2023-04-22,EVENING,800,2,2,0.09,1356,0,0,0
2023-04-23,MIDDAY,734,1,1,0.05,2356,1,1,0
2023-04-23,EVENING,216,0,0,0.02,1367,2,1,1
2023-04-24,MIDDAY,277,5,1,0.05,1236,1,1,0
2023-04-24,EVENING,253,8,1,0.05,1236,2,1,1
2023-04-25,MIDDAY,943,4,2,0.09,1235,1,1,0
2023-04-25,EVENING,388,5,1,0.05,1235,2,1,1
2023-04-26,MIDDAY,211,9,1,0.05,1235,2,1,1
2023-04-26,EVENING,090,6,0,0.02,1235,0,0,0
2023-04-27,MIDDAY,326,6,1,0.05,1235,2,1,1
2023-04-27,EVENING,556,4,1,0.05,1235,1,1,0
2023-04-28,MIDDAY,069,8,1,0.05,1235,0,0,0
2023-04-28,EVENING,275,5,1,0.05,2356,2,1,1
2023-04-29,MIDDAY,065,8,0,0.02,2356,2,1,1
2023-04-29,EVENING,852,3,1,0.05,2356,3,1,1
2023-04-30,MIDDAY,190,6,2,0.09,2356,1,1,0
2023-04-30,EVENING,073,6,0,0.02,2356,2,1,1
2023-05-01,MIDDAY,058,4,2,0.09,2356,1,1,0
2023-05-01,EVENING,882,8,1,0.05,0356,0,0,0
2023-05-02,MIDDAY,298,3,1,0.05,0256,1,1,0
2023-05-02,EVENING,142,7,2,0.09,2368,1,1,0
2023-05-03,MIDDAY,782,9,1,0.05,2368,2,1,1
2023-05-03,EVENING,114,8,2,0.09,2368,1,1,0
2023-05-04,MIDDAY,844,3,1,0.05,2368,2,1,1
2023-05-04,EVENING,540,7,2,0.09,0238,1,1,0
2023-05-05,MIDDAY,675,5,1,0.05,0238,0,0,0
2023-05-05,EVENING,208,4,2,0.09,2358,2,1,1
2023-05-06,MIDDAY,141,2,0,0.02,0258,1,1,0
2023-05-06,EVENING,386,4,2,0.09,2358,2,1,1
2023-05-07,MIDDAY,237,8,1,0.05,2348,3,1,1
2023-05-07,EVENING,151,2,2,0.09,2348,1,1,0
2023-05-08,MIDDAY,917,0,1,0.05,2458,0,0,0
2023-05-08,EVENING,963,7,1,0.05,0248,0,0,0
2023-05-09,MIDDAY,334,7,2,0.09,2678,1,1,0
2023-05-09,EVENING,119,3,2,0.09,2378,1,1,0
2023-05-10,MIDDAY,067,8,1,0.05,2378,2,1,1
2023-05-10,EVENING,856,7,0,0.02,2378,2,1,1
2023-05-11,MIDDAY,596,1,3,0.04,2378,0,0,0
2023-05-11,EVENING,731,2,2,0.09,3678,2,1,1
2023-05-12,MIDDAY,863,1,1,0.05,2378,2,1,1
2023-05-12,EVENING,079,5,2,0.09,3678,1,1,0
2023-05-13,MIDDAY,911,4,0,0.02,3678,0,0,0
2023-05-13,EVENING,853,9,1,0.05,1378,2,1,1
2023-05-14,MIDDAY,738,3,1,0.05,1378,3,1,1
2023-05-14,EVENING,898,8,2,0.09,1378,1,1,0
2023-05-15,MIDDAY,900,7,1,0.05,3789,2,1,1
2023-05-15,EVENING,935,3,1,0.05,3789,2,1,1
2023-05-16,MIDDAY,544,4,1,0.05,3789,0,0,0
2023-05-16,EVENING,896,3,1,0.05,3789,3,1,1
2023-05-17,MIDDAY,364,1,0,0.02,3789,1,1,0
2023-05-17,EVENING,800,7,2,0.09,3789,2,1,1
2023-05-18,MIDDAY,062,1,0,0.02,3789,0,0,0
2023-05-18,EVENING,919,7,1,0.05,3789,2,1,1
2023-05-19,MIDDAY,831,1,1,0.05,3789,2,1,1
2023-05-19,EVENING,427,1,1,0.05,3789,1,1,0
2023-05-20,MIDDAY,022,5,1,0.05,1379,0,0,0
2023-05-20,EVENING,453,8,1,0.05,1378,2,1,1
2023-05-21,MIDDAY,587,0,1,0.05,1378,2,1,1
2023-05-21,EVENING,665,8,2,0.09,1378,1,1,0
2023-05-22,MIDDAY,230,6,2,0.09,3578,1,1,0
2023-05-22,EVENING,545,5,1,0.05,3578,1,1,0
2023-05-23,MIDDAY,125,7,0,0.02,3578,2,1,1
2023-05-23,EVENING,833,6,1,0.05,3578,2,1,1
2023-05-24,MIDDAY,315,0,0,0.02,3578,2,1,1
2023-05-24,EVENING,435,7,1,0.05,1358,2,1,1
2023-05-25,MIDDAY,139,2,2,0.09,3578,1,1,0
2023-05-25,EVENING,580,9,1,0.05,3578,2,1,1
2023-05-26,MIDDAY,758,9,1,0.05,3578,3,1,1
2023-05-26,EVENING,417,4,3,0.04,3578,1,1,0
2023-05-27,MIDDAY,817,7,1,0.05,3578,2,1,1
2023-05-27,EVENING,599,0,2,0.09,1578,1,1,0
2023-05-28,MIDDAY,950,3,0,0.02,1578,1,1,0
2023-05-28,EVENING,846,7,3,0.04,1358,1,1,0
2023-05-29,MIDDAY,233,5,0,0.02,3578,2,1,1
2023-05-29,EVENING,030,9,0,0.02,3578,1,1,0
2023-05-30,MIDDAY,665,7,1,0.05,3578,2,1,1
2023-05-30,EVENING,845,9,0,0.02,3578,2,1,1
2023-05-31,MIDDAY,518,4,1,0.05,3578,2,1,1
2023-05-31,EVENING,186,2,3,0.04,3578,1,1,0
2023-06-01,MIDDAY,969,8,2,0.09,3578,1,1,0
2023-06-01,EVENING,211,7,2,0.09,3589,0,0,0
2023-06-02,MIDDAY,467,8,0,0.02,5789,2,1,1
2023-06-02,EVENING,334,1,1,0.05,5678,0,0,0
2023-06-03,MIDDAY,528,8,1,0.05,1578,2,1,1
2023-06-03,EVENING,766,9,0,0.02,1578,1,1,0
2023-06-04,MIDDAY,978,0,0,0.02,1578,2,1,1
2023-06-04,EVENING,738,7,2,0.09,5789,2,1,1
2023-06-05,MIDDAY,206,4,2,0.09,5789,0,0,0
2023-06-05,EVENING,600,6,0,0.02,5789,0,0,0
2023-06-06,MIDDAY,493,4,2,0.09,5789,1,1,0
2023-06-06,EVENING,433,1,0,0.02,5789,0,0,0
2023-06-07,MIDDAY,238,9,2,0.09,4789,2,1,1
2023-06-07,EVENING,938,1,1,0.05,3789,3,1,1
2023-06-08,MIDDAY,242,9,3,0.04,3489,2,1,1
2023-06-08,EVENING,754,6,1,0.05,3489,1,1,0
2023-06-09,MIDDAY,324,2,1,0.05,3489,2,1,1
2023-06-09,EVENING,491,8,1,0.05,3489,3,1,1
2023-06-10,MIDDAY,171,7,1,0.05,3489,0,0,0
2023-06-10,EVENING,447,3,1,0.05,3489,2,1,1
2023-06-11,MIDDAY,080,0,1,0.05,3489,1,1,0
2023-06-11,EVENING,773,4,0,0.02,3478,3,1,1
2023-06-12,MIDDAY,697,2,0,0.02,3478,1,1,0
2023-06-12,EVENING,777,3,1,0.05,3478,2,1,1
2023-06-13,MIDDAY,827,2,1,0.05,3478,2,1,1
2023-06-13,EVENING,726,3,1,0.05,3478,2,1,1
2023-06-14,MIDDAY,373,0,2,0.09,3478,2,1,1
2023-06-14,EVENING,339,7,2,0.09,3478,2,1,1
2023-06-15,MIDDAY,991,5,2,0.09,3478,0,0,0
2023-06-15,EVENING,441,8,1,0.05,3789,1,1,0
2023-06-16,MIDDAY,053,6,1,0.05,3479,1,1,0
2023-06-16,EVENING,767,5,0,0.02,3479,1,1,0
2023-06-17,MIDDAY,117,6,2,0.09,3479,1,1,0
2023-06-17,EVENING,546,9,2,0.09,3479,2,1,1
2023-06-18,MIDDAY,031,4,1,0.05,3479,2,1,1
2023-06-18,EVENING,294,9,1,0.05,3479,2,1,1
2023-06-19,MIDDAY,495,0,1,0.05,3479,2,1,1
2023-06-19,EVENING,179,8,2,0.09,3479,2,1,1
2023-06-20,MIDDAY,791,8,1,0.05,3479,2,1,1
2023-06-20,EVENING,860,1,4,0.08,0147,2,1,1
2023-06-21,MIDDAY,561,3,2,0.09,1479,1,1,0
2023-06-21,EVENING,250,1,2,0.09,1479,1,1,0
2023-06-22,MIDDAY,376,3,2,0.09,1479,1,1,0
2023-06-22,EVENING,560,9,0,0.02,1367,1,1,0
2023-06-23,MIDDAY,298,8,1,0.05,1679,1,1,0
2023-06-23,EVENING,716,1,1,0.05,1679,3,1,1
2023-06-24,MIDDAY,547,8,0,0.02,1679,1,1,0
2023-06-24,EVENING,197,8,1,0.05,1679,3,1,1
2023-06-25,MIDDAY,769,1,2,0.09,1679,4,1,1
2023-06-25,EVENING,911,8,3,0.04,1679,2,1,1
2023-06-26,MIDDAY,586,6,2,0.09,1679,1,1,0
2023-06-26,EVENING,350,7,1,0.05,1679,1,1,0
2023-06-27,MIDDAY,055,7,1,0.05,1679,1,1,0
2023-06-27,EVENING,193,1,3,0.04,1679,2,1,1
2023-06-28,MIDDAY,443,7,0,0.02,1679,1,1,0
2023-06-28,EVENING,379,3,1,0.05,1679,2,1,1
2023-06-29,MIDDAY,822,3,2,0.09,1379,1,1,0
2023-06-29,EVENING,386,3,1,0.05,1379,1,1,0
2023-06-30,MIDDAY,191,0,2,0.09,1379,2,1,1
2023-06-30,EVENING,422,2,0,0.02,1379,0,0,0
2023-07-01,MIDDAY,093,0,0,0.02,1379,2,1,1
2023-07-01,EVENING,466,2,0,0.02,1379,0,0,0
2023-07-02,MIDDAY,375,8,0,0.02,1379,2,1,1
2023-07-02,EVENING,428,3,0,0.02,1379,1,1,0
2023-07-03,MIDDAY,938,0,2,0.09,3789,3,1,1
2023-07-03,EVENING,186,4,2,0.09,3789,1,1,0
2023-07-04,MIDDAY,285,1,1,0.05,3789,1,1,0
2023-07-04,EVENING,006,1,2,0.09,3789,0,0,0
2023-07-05,MIDDAY,422,5,1,0.05,1389,0,0,0
2023-07-05,EVENING,695,5,0,0.02,1378,0,0,0
2023-07-06,MIDDAY,700,4,1,0.05,1389,0,0,0
2023-07-06,EVENING,061,2,0,0.02,3789,0,0,0
2023-07-07,MIDDAY,455,7,1,0.05,1389,0,0,0
2023-07-07,EVENING,917,7,0,0.02,1378,2,1,1
2023-07-08,MIDDAY,410,4,1,0.05,1378,1,1,0
2023-07-08,EVENING,005,0,1,0.05,0134,1,1,0
2023-07-09,MIDDAY,201,0,1,0.05,0135,2,1,1
2023-07-09,EVENING,508,7,1,0.05,0134,1,1,0
2023-07-10,MIDDAY,097,7,1,0.05,0145,1,1,0
2023-07-10,EVENING,803,8,2,0.09,0147,1,1,0
2023-07-11,MIDDAY,226,5,1,0.05,0178,0,0,0
2023-07-11,EVENING,417,6,0,0.02,0158,1,1,0
2023-07-12,MIDDAY,545,1,1,0.05,0157,2,1,1
2023-07-12,EVENING,967,1,2,0.09,0145,1,1,0
2023-07-13,MIDDAY,021,6,1,0.05,0157,2,1,1
2023-07-13,EVENING,417,5,2,0.09,0156,2,1,1
2023-07-14,MIDDAY,112,0,1,0.05,0157,2,1,1
2023-07-14,EVENING,222,5,1,0.05,0157,1,1,0
2023-07-15,MIDDAY,975,0,1,0.05,0157,3,1,1
2023-07-15,EVENING,975,5,1,0.05,0157,2,1,1
2023-07-16,MIDDAY,406,1,3,0.04,0157,2,1,1
2023-07-16,EVENING,474,6,0,0.02,0157,1,1,0
2023-07-17,MIDDAY,850,7,2,0.09,0157,3,1,1
2023-07-17,EVENING,553,6,1,0.05,0157,1,1,0
2023-07-18,MIDDAY,546,8,1,0.05,0157,1,1,0
2023-07-18,EVENING,978,7,2,0.09,0157,1,1,0
2023-07-19,MIDDAY,817,3,1,0.05,0157,2,1,1
2023-07-19,EVENING,386,4,2,0.09,0157,0,0,0
2023-07-20,MIDDAY,233,1,2,0.09,0157,1,1,0
2023-07-20,EVENING,221,7,1,0.05,0157,2,1,1
2023-07-21,MIDDAY,720,4,2,0.09,0157,2,1,1
2023-07-21,EVENING,022,5,2,0.09,0157,2,1,1
2023-07-22,MIDDAY,482,3,2,0.09,0157,0,0,0
2023-07-22,EVENING,628,7,1,0.05,1247,2,1,1
2023-07-23,MIDDAY,652,7,2,0.09,1247,2,1,1
2023-07-23,EVENING,029,9,3,0.04,2567,1,1,0
2023-07-24,MIDDAY,202,5,1,0.05,1257,2,1,1
2023-07-24,EVENING,205,0,2,0.09,0257,3,1,1
2023-07-25,MIDDAY,406,4,3,0.04,0257,1,1,0
2023-07-25,EVENING,814,3,1,0.05,0257,0,0,0
2023-07-26,MIDDAY,684,4,1,0.05,0257,0,0,0
2023-07-26,EVENING,222,1,2,0.09,0245,1,1,0
2023-07-27,MIDDAY,970,6,0,0.02,0257,2,1,1
2023-07-27,EVENING,978,7,0,0.02,0267,1,1,0
2023-07-28,MIDDAY,453,5,2,0.09,0267,0,0,0
2023-07-28,EVENING,941,4,0,0.02,0246,1,1,0
2023-07-29,MIDDAY,699,3,1,0.05,0247,0,0,0
2023-07-29,EVENING,843,8,1,0.05,2467,1,1,0
2023-07-30,MIDDAY,047,4,1,0.05,2468,1,1,0
2023-07-30,EVENING,318,7,1,0.05,2478,2,1,1
2023-07-31,MIDDAY,915,1,1,0.05,2478,0,0,0
2023-07-31,EVENING,541,3,1,0.05,1247,2,1,1
2023-08-01,MIDDAY,102,3,2,0.09,1247,2,1,1
2023-08-01,EVENING,000,8,2,0.09,0124,1,1,0
2023-08-02,MIDDAY,132,1,1,0.05,0124,2,1,1
2023-08-02,EVENING,950,7,0,0.02,0124,1,1,0
2023-08-03,MIDDAY,646,3,0,0.02,0123,1,1,0
2023-08-03,EVENING,982,1,0,0.02,0134,1,1,0
2023-08-04,MIDDAY,460,5,0,0.02,0124,2,1,1
2023-08-04,EVENING,693,6,0,0.02,0134,1,1,0
2023-08-05,MIDDAY,460,3,1,0.05,0134,3,1,1
2023-08-05,EVENING,622,5,2,0.09,0134,0,0,0
2023-08-06,MIDDAY,585,7,1,0.05,0346,0,0,0
2023-08-06,EVENING,915,5,1,0.05,0346,0,0,0
2023-08-07,MIDDAY,519,7,1,0.05,1345,2,1,1
2023-08-07,EVENING,121,8,3,0.04,1345,1,1,0
2023-08-08,MIDDAY,812,5,1,0.05,1359,2,1,1
2023-08-08,EVENING,490,9,3,0.04,1358,0,0,0
2023-08-09,MIDDAY,816,5,0,0.02,1459,2,1,1
2023-08-09,EVENING,284,9,0,0.02,1458,2,1,1
2023-08-10,MIDDAY,351,4,1,0.05,1458,3,1,1
2023-08-10,EVENING,164,0,1,0.05,1458,2,1,1
2023-08-11,MIDDAY,638,3,2,0.09,1458,1,1,0
2023-08-11,EVENING,130,5,1,0.05,1458,2,1,1
2023-08-12,MIDDAY,366,5,1,0.05,1358,2,1,1
2023-08-12,EVENING,341,5,2,0.09,1358,3,1,1
2023-08-13,MIDDAY,053,8,2,0.09,1345,2,1,1
2023-08-13,EVENING,742,1,2,0.09,1345,2,1,1
2023-08-14,MIDDAY,802,3,0,0.02,1345,1,1,0
2023-08-14,EVENING,347,0,1,0.05,1345,2,1,1
2023-08-15,MIDDAY,733,7,2,0.09,1345,1,1,0
2023-08-15,EVENING,536,5,2,0.09,1345,2,1,1
2023-08-16,MIDDAY,134,3,1,0.05,1345,3,1,1
2023-08-16,EVENING,483,2,1,0.05,1345,2,1,1
2023-08-17,MIDDAY,261,4,2,0.09,1345,2,1,1
2023-08-17,EVENING,642,7,2,0.09,1345,1,1,0
2023-08-18,MIDDAY,050,9,3,0.04,1345,1,1,0
2023-08-18,EVENING,078,4,0,0.02,1345,1,1,0
2023-08-19,MIDDAY,978,5,1,0.05,1345,1,1,0
2023-08-19,EVENING,821,7,2,0.09,1345,1,1,0
2023-08-20,MIDDAY,818,6,2,0.09,1348,2,1,1
2023-08-20,EVENING,903,4,2,0.09,1348,2,1,1
2023-08-21,MIDDAY,102,2,0,0.02,1348,1,1,0
2023-08-21,EVENING,850,7,1,0.05,1348,1,1,0
2023-08-22,MIDDAY,672,0,1,0.05,1348,0,0,0
2023-08-22,EVENING,924,4,2,0.09,0134,1,1,0
2023-08-23,MIDDAY,382,2,1,0.05,0134,1,1,0
2023-08-23,EVENING,858,9,1,0.05,0348,1,1,0
2023-08-24,MIDDAY,809,1,1,0.05,0238,2,1,1
2023-08-24,EVENING,565,0,2,0.09,0238,1,1,0
2023-08-25,MIDDAY,311,1,1,0.05,0238,1,1,0
2023-08-25,EVENING,700,1,0,0.02,0238,1,1,0
2023-08-26,MIDDAY,315,6,1,0.05,0128,1,1,0
2023-08-26,EVENING,988,0,1,0.05,0138,2,1,1
2023-08-27,MIDDAY,547,7,0,0.02,0138,0,0,0
2023-08-27,EVENING,996,5,0,0.02,0158,1,1,0
2023-08-28,MIDDAY,390,3,1,0.05,0158,1,1,0
2023-08-28,EVENING,237,5,1,0.05,0158,1,1,0
2023-08-29,MIDDAY,208,6,1,0.05,0158,2,1,1
2023-08-29,EVENING,157,7,1,0.05,0158,2,1,1
2023-08-30,MIDDAY,849,3,0,0.02,0158,1,1,0
2023-08-30,EVENING,811,5,0,0.02,0158,3,1,1
2023-08-31,MIDDAY,241,3,1,0.05,0158,1,1,0
2023-08-31,EVENING,471,0,1,0.05,0158,2,1,1
2023-09-01,MIDDAY,936,8,2,0.09,0158,1,1,0
2023-09-01,EVENING,141,2,0,0.02,0138,1,1,0
2023-09-02,MIDDAY,417,9,0,0.02,0138,1,1,0
2023-09-02,EVENING,573,5,2,0.09,0138,1,1,0
2023-09-03,MIDDAY,022,1,1,0.05,1358,1,1,0
2023-09-03,EVENING,639,6,0,0.02,0135,1,1,0
2023-09-04,MIDDAY,370,0,0,0.02,1359,1,1,0
2023-09-04,EVENING,780,4,1,0.05,0137,2,1,1
2023-09-05,MIDDAY,954,6,2,0.09,0137,0,0,0
2023-09-05,EVENING,014,4,1,0.05,0137,2,1,1
2023-09-06,MIDDAY,913,8,1,0.05,0134,2,1,1
2023-09-06,EVENING,409,6,1,0.05,0134,2,1,1
2023-09-07,MIDDAY,492,9,1,0.05,0134,1,1,0
2023-09-07,EVENING,359,8,2,0.09,0349,2,1,1
2023-09-08,MIDDAY,289,0,1,0.05,0349,2,1,1
2023-09-08,EVENING,818,6,2,0.09,0349,0,0,0
2023-09-09,MIDDAY,760,7,1,0.05,0149,1,1,0
2023-09-09,EVENING,834,9,1,0.05,0149,2,1,1
2023-09-10,MIDDAY,693,2,0,0.02,1489,1,1,0
2023-09-10,EVENING,479,3,2,0.09,0489,2,1,1
2023-09-11,MIDDAY,523,7,2,0.09,3489,1,1,0
2023-09-11,EVENING,510,6,2,0.09,3489,0,0,0
2023-09-12,MIDDAY,773,9,1,0.05,0349,2,1,1
2023-09-12,EVENING,110,8,0,0.02,0379,1,1,0
2023-09-13,MIDDAY,221,4,0,0.02,0139,1,1,0
2023-09-13,EVENING,646,2,1,0.05,0139,0,0,0
2023-09-14,MIDDAY,508,3,2,0.09,0349,2,1,1
2023-09-14,EVENING,008,7,0,0.02,0349,1,1,0
2023-09-15,MIDDAY,577,3,2,0.09,0389,1,1,0
2023-09-15,EVENING,037,7,1,0.05,0389,2,1,1
2023-09-16,MIDDAY,095,8,2,0.09,0379,2,1,1
2023-09-16,EVENING,580,8,1,0.05,0389,2,1,1
2023-09-17,MIDDAY,383,6,3,0.04,0389,2,1,1
2023-09-17,EVENING,025,7,1,0.05,0389,1,1,0
2023-09-18,MIDDAY,101,7,0,0.02,0389,1,1,0
2023-09-18,EVENING,476,4,2,0.09,0378,1,1,0
2023-09-19,MIDDAY,016,6,1,0.05,0378,1,1,0
2023-09-19,EVENING,183,0,1,0.05,0378,3,1,1
2023-09-20,MIDDAY,434,7,2,0.09,0378,2,1,1
2023-09-20,EVENING,752,2,1,0.05,0378,1,1,0
2023-09-21,MIDDAY,239,5,1,0.05,0378,1,1,0
2023-09-21,EVENING,252,2,2,0.09,0357,1,1,0
2023-09-22,MIDDAY,362,5,2,0.09,0357,2,1,1
2023-09-22,EVENING,095,9,2,0.09,0357,2,1,1
2023-09-23,MIDDAY,341,4,1,0.05,0357,1,1,0
2023-09-23,EVENING,260,4,0,0.02,0357,1,1,0
2023-09-24,MIDDAY,742,0,1,0.05,0357,2,1,1
2023-09-24,EVENING,889,1,3,0.04,0357,0,0,0
2023-09-25,MIDDAY,156,2,0,0.02,0235,2,1,1
2023-09-25,EVENING,316,7,1,0.05,0235,1,1,0
2023-09-26,MIDDAY,526,1,2,0.09,0235,2,1,1
2023-09-26,EVENING,983,3,2,0.09,0235,1,1,0
2023-09-27,MIDDAY,461,4,0,0.02,0357,0,0,0
2023-09-27,EVENING,265,5,0,0.02,0135,1,1,0
2023-09-28,MIDDAY,272,0,1,0.05,0256,2,1,1
2023-09-28,EVENING,588,6,1,0.05,0256,2,1,1
2023-09-29,MIDDAY,461,0,0,0.02,0256,2,1,1
2023-09-29,EVENING,849,7,1,0.05,0256,0,0,0
2023-09-30,MIDDAY,572,0,1,0.05,0256,3,1,1
2023-09-30,EVENING,852,7,1,0.05,0256,2,1,1
2023-10-01,MIDDAY,193,6,3,0.04,2567,1,1,0
2023-10-01,EVENING,754,4,0,0.02,0256,1,1,0
2023-10-02,MIDDAY,025,8,0,0.02,2567,2,1,1
2023-10-02,EVENING,309,4,1,0.05,2567,0,0,0
2023-10-03,MIDDAY,572,7,1,0.05,0257,3,1,1
2023-10-03,EVENING,634,7,0,0.02,2567,2,1,1
2023-10-04,MIDDAY,076,6,1,0.05,2567,2,1,1
2023-10-04,EVENING,328,3,2,0.09,2567,1,1,0
2023-10-05,MIDDAY,949,5,0,0.02,2567,1,1,0
2023-10-05,EVENING,015,7,0,0.02,2567,2,1,1
2023-10-06,MIDDAY,621,3,1,0.05,0257,1,1,0
2023-10-06,EVENING,706,4,1,0.05,2567,2,1,1
2023-10-07,MIDDAY,123,4,1,0.05,2567,1,1,0
2023-10-07,EVENING,735,8,1,0.05,2567,2,1,1
2023-10-08,MIDDAY,754,2,1,0.05,2567,3,1,1
2023-10-08,EVENING,699,0,2,0.09,2457,0,0,0
2023-10-09,MIDDAY,684,5,0,0.02,2567,2,1,1
2023-10-09,EVENING,901,3,1,0.05,4567,0,0,0
2023-10-10,MIDDAY,922,3,0,0.02,0567,0,0,0
2023-10-10,EVENING,851,8,2,0.09,0257,1,1,0
2023-10-11,MIDDAY,771,9,0,0.02,2357,1,1,0
2023-10-11,EVENING,612,3,1,0.05,3457,1,1,0
2023-10-12,MIDDAY,856,8,1,0.05,2357,1,1,0
2023-10-12,EVENING,259,5,1,0.05,2357,2,1,1
2023-10-13,MIDDAY,778,2,1,0.05,2567,2,1,1
2023-10-13,EVENING,499,7,1,0.05,2567,1,1,0
2023-10-14,MIDDAY,972,5,1,0.05,2357,3,1,1
2023-10-14,EVENING,220,7,2,0.09,2579,2,1,1
2023-10-15,MIDDAY,704,3,2,0.09,2579,1,1,0
2023-10-15,EVENING,108,0,2,0.09,2357,0,0,0
2023-10-16,MIDDAY,926,6,1,0.05,2357,1,1,0
2023-10-16,EVENING,449,8,0,0.02,2579,1,1,0
2023-10-17,MIDDAY,852,5,1,0.05,2579,2,1,1
2023-10-17,EVENING,149,5,1,0.05,2579,2,1,1
2023-10-18,MIDDAY,183,5,1,0.05,2579,1,1,0
2023-10-18,EVENING,124,5,2,0.09,2579,2,1,1
2023-10-19,MIDDAY,107,2,2,0.09,2579,2,1,1
2023-10-19,EVENING,299,6,2,0.09,1257,1,1,0
2023-10-20,MIDDAY,334,6,1,0.05,1259,0,0,0
2023-10-20,EVENING,564,8,1,0.05,1259,1,1,0
2023-10-21,MIDDAY,509,8,2,0.09,2459,2,1,1
2023-10-21,EVENING,599,4,2,0.09,2589,2,1,1
2023-10-22,MIDDAY,875,9,2,0.09,2459,2,1,1
2023-10-22,EVENING,586,4,2,0.09,2589,2,1,1
2023-10-23,MIDDAY,285,5,2,0.09,2589,3,1,1
2023-10-23,EVENING,960,0,2,0.09,2589,1,1,0
2023-10-24,MIDDAY,837,0,0,0.02,2589,1,1,0
2023-10-24,EVENING,955,8,1,0.05,2589,3,1,1
2023-10-25,MIDDAY,293,8,1,0.05,2589,3,1,1
2023-10-25,EVENING,387,2,2,0.09,2589,2,1,1
2023-10-26,MIDDAY,797,3,3,0.04,2589,1,1,0
2023-10-26,EVENING,294,8,2,0.09,2589,3,1,1
2023-10-27,MIDDAY,194,7,1,0.05,2589,1,1,0
2023-10-27,EVENING,290,8,2,0.09,2589,3,1,1
2023-10-28,MIDDAY,136,1,1,0.05,2589,0,0,0
2023-10-28,EVENING,676,7,0,0.02,2589,0,0,0
2023-10-29,MIDDAY,688,4,1,0.05,2589,1,1,0
2023-10-29,EVENING,684,9,1,0.05,2589,2,1,1
2023-10-30,MIDDAY,444,9,3,0.04,2489,2,1,1
2023-10-30,EVENING,643,6,2,0.09,4689,2,1,1
2023-10-31,MIDDAY,318,9,1,0.05,4689,2,1,1
2023-10-31,EVENING,024,4,1,0.05,4689,1,1,0
2023-11-01,MIDDAY,201,0,0,0.02,4689,0,0,0
2023-11-01,EVENING,589,2,2,0.09,4689,2,1,1
2023-11-02,MIDDAY,848,2,1,0.05,2489,3,1,1
2023-11-02,EVENING,789,6,2,0.09,2489,2,1,1
2023-11-03,MIDDAY,234,3,1,0.05,2489,2,1,1
2023-11-03,EVENING,337,1,0,0.02,2489,0,0,0
2023-11-04,MIDDAY,976,0,1,0.05,2489,1,1,0
2023-11-04,EVENING,226,6,1,0.05,2489,1,1,0
2023-11-05,MIDDAY,731,7,1,0.05,2489,0,0,0
2023-11-05,EVENING,275,1,0,0.02,2789,2,1,1
2023-11-06,MIDDAY,431,2,2,0.09,2789,1,1,0
2023-11-06,EVENING,085,9,2,0.09,2489,2,1,1
2023-11-07,MIDDAY,404,9,0,0.02,2789,1,1,0
2023-11-07,EVENING,836,2,2,0.09,2489,2,1,1
2023-11-08,MIDDAY,856,3,0,0.02,2489,1,1,0
2023-11-08,EVENING,535,0,3,0.04,2689,0,0,0
2023-11-09,MIDDAY,895,6,2,0.09,2368,2,1,1
2023-11-09,EVENING,024,8,1,0.05,3689,1,1,0
2023-11-10,MIDDAY,131,4,1,0.05,2489,1,1,0
2023-11-10,EVENING,616,6,1,0.05,2348,0,0,0
2023-11-11,MIDDAY,749,1,1,0.05,2348,1,1,0
2023-11-11,EVENING,418,2,1,0.05,3489,2,1,1
2023-11-12,MIDDAY,546,3,2,0.09,2348,2,1,1
2023-11-12,EVENING,017,8,1,0.05,2348,1,1,0
2023-11-13,MIDDAY,730,4,0,0.02,1248,1,1,0
2023-11-13,EVENING,431,1,2,0.09,1348,3,1,1
2023-11-14,MIDDAY,188,5,2,0.09,1348,2,1,1
2023-11-14,EVENING,014,1,1,0.05,1348,2,1,1
2023-11-15,MIDDAY,772,3,1,0.05,1348,1,1,0
2023-11-15,EVENING,493,7,0,0.02,1348,2,1,1
2023-11-16,MIDDAY,100,4,2,0.09,1348,2,1,1
2023-11-16,EVENING,689,5,1,0.05,1348,1,1,0
2023-11-17,MIDDAY,684,9,0,0.02,1348,2,1,1
2023-11-17,EVENING,556,9,3,0.04,1348,0,0,0
2023-11-18,MIDDAY,401,3,2,0.09,1348,3,1,1
2023-11-18,EVENING,093,3,0,0.02,1348,1,1,0
2023-11-19,MIDDAY,731,4,2,0.09,1349,3,1,1
2023-11-19,EVENING,343,8,1,0.05,1349,2,1,1
2023-11-20,MIDDAY,753,1,2,0.09,1348,2,1,1
2023-11-20,EVENING,966,3,1,0.05,1348,1,1,0
2023-11-21,MIDDAY,387,8,1,0.05,1349,1,1,0
2023-11-21,EVENING,749,1,1,0.05,1348,2,1,1
2023-11-22,MIDDAY,748,7,1,0.05,1349,1,1,0
2023-11-22,EVENING,477,6,2,0.09,1347,2,1,1
2023-11-23,MIDDAY,530,4,2,0.09,1347,2,1,1
2023-11-23,EVENING,189,8,1,0.05,1347,1,1,0
2023-11-24,MIDDAY,375,7,0,0.02,1347,2,1,1
2023-11-24,EVENING,678,1,0,0.02,1347,2,1,1
2023-11-25,MIDDAY,574,0,1,0.05,1347,2,1,1
2023-11-25,EVENING,213,5,1,0.05,1347,2,1,1
2023-11-26,MIDDAY,481,3,1,0.05,1347,3,1,1
2023-11-26,EVENING,061,3,2,0.09,1347,2,1,1
2023-11-27,MIDDAY,072,0,2,0.09,1347,1,1,0
2023-11-27,EVENING,114,9,1,0.05,1347,2,1,1
2023-11-28,MIDDAY,418,8,0,0.02,1347,2,1,1
2023-11-28,EVENING,920,6,2,0.09,1347,0,0,0
2023-11-29,MIDDAY,078,3,0,0.02,1347,2,1,1
2023-11-29,EVENING,717,5,1,0.05,1347,2,1,1
2023-11-30,MIDDAY,231,9,1,0.05,1347,2,1,1
2023-11-30,EVENING,477,2,1,0.05,1347,2,1,1
2023-12-01,MIDDAY,374,8,1,0.05,1347,3,1,1
2023-12-01,EVENING,848,0,2,0.09,1347,1,1,0
2023-12-02,MIDDAY,246,6,2,0.09,1347,1,1,0
2023-12-02,EVENING,618,4,1,0.05,1347,2,1,1
2023-12-03,MIDDAY,880,7,2,0.09,1478,2,1,1
2023-12-03,EVENING,254,6,1,0.05,1478,1,1,0
2023-12-04,MIDDAY,611,2,0,0.02,1478,1,1,0
2023-12-04,EVENING,536,8,2,0.09,1478,1,1,0
2023-12-05,MIDDAY,399,4,1,0.05,1478,1,1,0
2023-12-05,EVENING,033,5,1,0.05,1348,1,1,0
2023-12-06,MIDDAY,430,7,1,0.05,1348,2,1,1
2023-12-06,EVENING,669,6,2,0.09,1347,0,0,0
2023-12-07,MIDDAY,006,6,0,0.02,1346,1,1,0
2023-12-07,EVENING,617,0,1,0.05,0346,2,1,1
2023-12-08,MIDDAY,710,4,2,0.09,0346,2,1,1
2023-12-08,EVENING,082,8,3,0.04,0146,1,1,0
2023-12-09,MIDDAY,398,3,1,0.05,0146,0,0,0
2023-12-09,EVENING,896,2,1,0.05,0347,0,0,0
2023-12-10,MIDDAY,650,7,2,0.09,0468,2,1,1
2023-12-10,EVENING,141,8,1,0.05,0467,1,1,0
2023-12-11,MIDDAY,601,6,0,0.02,0468,2,1,1
2023-12-11,EVENING,867,8,1,0.05,0468,2,1,1
2023-12-12,MIDDAY,538,1,1,0.05,0468,1,1,0
2023-12-12,EVENING,959,6,1,0.05,0468,1,1,0
2023-12-13,MIDDAY,663,9,1,0.05,0468,1,1,0
2023-12-13,EVENING,114,6,2,0.09,0368,1,1,0
2023-12-14,MIDDAY,507,1,1,0.05,1468,1,1,0
2023-12-14,EVENING,254,3,1,0.05,0168,0,0,0
2023-12-15,MIDDAY,043,1,1,0.05,0168,2,1,1
2023-12-15,EVENING,584,7,2,0.09,0136,0,0,0
2023-12-16,MIDDAY,328,6,1,0.05,0146,1,1,0
2023-12-16,EVENING,343,3,1,0.05,1346,2,1,1
2023-12-17,MIDDAY,576,3,1,0.05,3468,2,1,1
2023-12-17,EVENING,522,7,1,0.05,0346,0,0,0
2023-12-18,MIDDAY,774,9,2,0.09,3467,2,1,1
2023-12-18,EVENING,801,3,1,0.05,3467,1,1,0
2023-12-19,MIDDAY,585,1,0,0.02,3467,0,0,0
2023-12-19,EVENING,805,6,2,0.09,1368,2,1,1
2023-12-20,MIDDAY,169,6,2,0.09,3568,1,1,0
2023-12-20,EVENING,210,3,1,0.05,1568,1,1,0
2023-12-21,MIDDAY,902,1,1,0.05,1368,1,1,0
2023-12-21,EVENING,701,3,3,0.04,1368,2,1,1
2023-12-22,MIDDAY,124,4,2,0.09,0136,1,1,0
2023-12-22,EVENING,356,5,1,0.05,0136,2,1,1
2023-12-23,MIDDAY,338,2,0,0.02,0136,1,1,0
2023-12-23,EVENING,680,8,1,0.05,0136,2,1,1
2023-12-24,MIDDAY,300,8,1,0.05,1368,2,1,1
2023-12-24,EVENING,267,6,2,0.09,0136,1,1,0
2023-12-25,MIDDAY,298,8,0,0.02,0136,0,0,0
2023-12-25,EVENING,711,0,1,0.05,0368,1,1,0
2023-12-26,MIDDAY,484,7,0,0.02,0138,1,1,0
2023-12-26,EVENING,669,4,1,0.05,0138,0,0,0
2023-12-27,MIDDAY,535,6,1,0.05,0368,2,1,1
2023-12-27,EVENING,967,5,1,0.05,0368,1,1,0
2023-12-28,MIDDAY,850,5,2,0.09,3678,1,1,0
2023-12-28,EVENING,074,0,1,0.05,0368,1,1,0
2023-12-29,MIDDAY,397,3,1,0.05,0678,1,1,0
2023-12-29,EVENING,137,8,1,0.05,0367,2,1,1
2023-12-30,MIDDAY,053,2,2,0.09,0378,2,1,1
2023-12-30,EVENING,467,1,1,0.05,0378,1,1,0
2023-12-31,MIDDAY,335,4,0,0.02,0367,1,1,0
2023-12-31,EVENING,378,0,1,0.05,0367,3,1,1
2024-01-01,MIDDAY,108,3,1,0.05,0367,2,1,1
2024-01-01,EVENING,616,6,3,0.04,0378,0,0,0
2024-01-02,MIDDAY,492,2,1,0.05,0378,0,0,0
2024-01-02,EVENING,305,2,0,0.02,0378,2,1,1
2024-01-03,MIDDAY,225,2,1,0.05,0378,0,0,0
2024-01-03,EVENING,648,8,2,0.09,0378,1,1,0
2024-01-04,MIDDAY,008,6,0,0.02,0368,3,1,1
2024-01-04,EVENING,529,0,2,0.09,0368,1,1,0
2024-01-05,MIDDAY,993,4,1,0.05,0368,1,1,0
2024-01-05,EVENING,919,0,1,0.05,0358,1,1,0
2024-01-06,MIDDAY,219,9,1,0.05,0356,0,0,0
2024-01-06,EVENING,946,6,2,0.09,0359,1,1,0
2024-01-07,MIDDAY,720,8,1,0.05,0349,1,1,0
2024-01-07,EVENING,585,4,0,0.02,0349,1,1,0
2024-01-08,MIDDAY,762,6,1,0.05,0345,0,0,0
2024-01-08,EVENING,140,2,0,0.02,0358,1,1,0
2024-01-09,MIDDAY,162,4,1,0.05,0248,2,1,1
2024-01-09,EVENING,080,4,3,0.04,0248,3,1,1
2024-01-10,MIDDAY,485,9,1,0.05,0248,2,1,1
2024-01-10,EVENING,971,4,2,0.09,0248,1,1,0
2024-01-11,MIDDAY,105,7,2,0.09,0248,1,1,0
2024-01-11,EVENING,423,6,2,0.09,0124,2,1,1
2024-01-12,MIDDAY,390,7,0,0.02,0124,1,1,0
2024-01-12,EVENING,531,5,1,0.05,0124,1,1,0
2024-01-13,MIDDAY,995,4,1,0.05,0124,1,1,0
2024-01-13,EVENING,417,1,1,0.05,0124,2,1,1
2024-01-14,MIDDAY,465,8,1,0.05,0149,1,1,0
2024-01-14,EVENING,912,4,1,0.05,0249,3,1,1
2024-01-15,MIDDAY,395,0,1,0.05,0149,2,1,1
2024-01-15,EVENING,870,7,1,0.05,0149,1,1,0
2024-01-16,MIDDAY,238,0,1,0.05,0459,1,1,0
2024-01-16,EVENING,314,8,2,0.09,0489,2,1,1
2024-01-17,MIDDAY,218,3,2,0.09,0489,1,1,0
2024-01-17,EVENING,875,1,3,0.04,0148,2,1,1
2024-01-18,MIDDAY,396,2,2,0.09,0148,0,0,0
2024-01-18,EVENING,679,1,0,0.02,1248,1,1,0
2024-01-19,MIDDAY,492,1,2,0.09,1489,3,1,1
2024-01-19,EVENING,945,8,2,0.09,1489,3,1,1
2024-01-20,MIDDAY,555,4,2,0.09,1489,1,1,0
2024-01-20,EVENING,121,6,2,0.09,1489,1,1,0
2024-01-21,MIDDAY,699,2,0,0.02,1489,1,1,0
2024-01-21,EVENING,117,0,2,0.09,1249,1,1,0
2024-01-22,MIDDAY,249,4,0,0.02,1249,3,1,1
2024-01-22,EVENING,555,9,0,0.02,1249,1,1,0
2024-01-23,MIDDAY,613,7,1,0.05,1249,1,1,0
2024-01-23,EVENING,132,1,0,0.02,1249,2,1,1
2024-01-24,MIDDAY,910,9,2,0.09,1249,2,1,1
2024-01-24,EVENING,973,1,1,0.05,1249,2,1,1
2024-01-25,MIDDAY,673,5,2,0.09,1249,0,0,0
2024-01-25,EVENING,770,3,2,0.09,1249,0,0,0
2024-01-26,MIDDAY,418,8,2,0.09,1239,1,1,0
2024-01-26,EVENING,354,3,0,0.02,1239,1,1,0
2024-01-27,MIDDAY,817,9,1,0.05,1349,2,1,1
2024-01-27,EVENING,614,8,0,0.02,1379,1,1,0
2024-01-28,MIDDAY,307,1,2,0.09,1349,2,1,1
2024-01-28,EVENING,835,0,1,0.05,1349,1,1,0
2024-01-29,MIDDAY,690,9,2,0.09,1349,1,1,0
2024-01-29,EVENING,082,1,1,0.05,1379,1,1,0
2024-01-30,MIDDAY,947,5,1,0.05,1379,2,1,1
2024-01-30,EVENING,846,8,0,0.02,1479,1,1,0
2024-01-31,MIDDAY,326,3,1,0.05,1479,0,0,0
2024-01-31,EVENING,288,4,1,0.05,1349,1,1,0
2024-02-01,MIDDAY,088,1,1,0.05,1489,2,1,1
2024-02-01,EVENING,099,6,1,0.05,1348,0,0,0
2024-02-02,MIDDAY,164,7,1,0.05,0189,1,1,0
2024-02-02,EVENING,986,0,1,0.05,0149,2,1,1
2024-02-03,MIDDAY,719,3,1,0.05,0189,2,1,1
2024-02-03,EVENING,891,1,1,0.05,1489,3,1,1
2024-02-04,MIDDAY,015,5,2,0.09,1389,1,1,0
2024-02-04,EVENING,202,5,1,0.05,0189,1,1,0
2024-02-05,MIDDAY,527,0,2,0.09,0189,1,1,0
2024-02-05,EVENING,527,0,3,0.04,0189,1,1,0
2024-02-06,MIDDAY,548,1,4,0.08,0123,1,1,0
2024-02-06,EVENING,644,2,1,0.05,0158,0,0,0
2024-02-07,MIDDAY,909,7,1,0.05,0148,1,1,0
2024-02-07,EVENING,205,4,0,0.02,0189,1,1,0
2024-02-08,MIDDAY,021,7,1,0.05,0158,2,1,1
2024-02-08,EVENING,411,6,2,0.09,0128,1,1,0
2024-02-09,MIDDAY,432,5,1,0.05,0124,2,1,1
2024-02-09,EVENING,828,6,1,0.05,0124,1,1,0
2024-02-10,MIDDAY,905,0,1,0.05,0124,1,1,0
2024-02-10,EVENING,533,8,0,0.02,0124,0,0,0
2024-02-11,MIDDAY,505,8,1,0.05,0125,2,1,1
2024-02-11,EVENING,813,2,2,0.09,0125,2,1,1
2024-02-12,MIDDAY,404,8,1,0.05,0125,1,1,0
2024-02-12,EVENING,929,5,1,0.05,0125,2,1,1
2024-02-13,MIDDAY,860,5,0,0.02,0125,2,1,1
2024-02-13,EVENING,364,2,1,0.05,0258,1,1,0
2024-02-14,MIDDAY,450,0,1,0.05,0258,2,1,1
2024-02-14,EVENING,591,4,1,0.05,0258,1,1,0
2024-02-15,MIDDAY,556,2,2,0.09,0258,2,1,1
2024-02-15,EVENING,775,4,1,0.05,0245,2,1,1
2024-02-16,MIDDAY,669,6,1,0.05,0245,0,0,0
2024-02-16,EVENING,192,7,0,0.02,0245,1,1,0
2024-02-17,MIDDAY,006,0,1,0.05,0245,1,1,0
2024-02-17,EVENING,348,1,0,0.02,0245,1,1,0
2024-02-18,MIDDAY,319,6,0,0.02,0245,0,0,0
2024-02-18,EVENING,167,6,2,0.09,0456,1,1,0
2024-02-19,MIDDAY,809,4,2,0.09,0456,2,1,1
2024-02-19,EVENING,687,6,0,0.02,0456,1,1,0
2024-02-20,MIDDAY,792,8,1,0.05,4568,1,1,0
2024-02-20,EVENING,406,8,2,0.09,4568,3,1,1
2024-02-21,MIDDAY,844,8,1,0.05,0468,2,1,1
2024-02-21,EVENING,767,5,2,0.09,0468,1,1,0
2024-02-22,MIDDAY,472,9,0,0.02,0468,1,1,0
2024-02-22,EVENING,445,2,1,0.05,4568,2,1,1
2024-02-23,MIDDAY,283,5,2,0.09,4568,2,1,1
2024-02-23,EVENING,036,0,2,0.09,4568,1,1,0
2024-02-24,MIDDAY,439,4,1,0.05,2468,1,1,0
2024-02-24,EVENING,901,3,1,0.05,4568,0,0,0
2024-02-25,MIDDAY,156,9,2,0.09,4569,3,1,1
2024-02-25,EVENING,803,5,2,0.09,4569,1,1,0
2024-02-26,MIDDAY,878,9,1,0.05,4569,1,1,0
2024-02-26,EVENING,762,8,1,0.05,4569,1,1,0
2024-02-27,MIDDAY,182,8,2,0.09,5689,1,1,0
2024-02-27,EVENING,954,8,2,0.09,2689,2,1,1
2024-02-28,MIDDAY,107,1,1,0.05,5689,0,0,0
2024-02-28,EVENING,890,4,0,0.02,0689,3,1,1
2024-02-29,MIDDAY,785,0,1,0.05,0489,2,1,1
2024-02-29,EVENING,904,4,2,0.09,0589,2,1,1
2024-03-01,MIDDAY,045,0,1,0.05,0489,2,1,1
2024-03-01,EVENING,841,0,2,0.09,0489,3,1,1
2024-03-02,MIDDAY,503,6,2,0.09,0489,1,1,0
2024-03-02,EVENING,593,5,1,0.05,0458,1,1,0
2024-03-03,MIDDAY,557,3,2,0.09,0458,1,1,0
2024-03-03,EVENING,026,9,2,0.09,0458,1,1,0
2024-03-04,MIDDAY,575,0,0,0.02,0458,2,1,1
2024-03-04,EVENING,292,3,1,0.05,0589,1,1,0
2024-03-05,MIDDAY,281,6,0,0.02,0589,1,1,0
2024-03-05,EVENING,805,1,1,0.05,0589,3,1,1
2024-03-06,MIDDAY,154,3,2,0.09,0589,1,1,0
2024-03-06,EVENING,593,5,2,0.09,0358,2,1,1
2024-03-07,MIDDAY,652,4,2,0.09,0589,1,1,0
2024-03-07,EVENING,569,8,1,0.05,0589,3,1,1
2024-03-08,MIDDAY,547,0,2,0.09,0589,2,1,1
2024-03-08,EVENING,971,4,1,0.05,0589,1,1,0
2024-03-09,MIDDAY,858,0,2,0.09,0589,3,1,1
2024-03-09,EVENING,016,5,0,0.02,0589,2,1,1
2024-03-10,MIDDAY,370,7,2,0.09,0458,1,1,0
2024-03-10,EVENING,553,2,1,0.05,0589,1,1,0
2024-03-11,MIDDAY,689,0,1,0.05,0459,2,1,1
2024-03-11,EVENING,265,3,0,0.02,0589,1,1,0
2024-03-12,MIDDAY,995,4,1,0.05,0569,2,1,1
2024-03-12,EVENING,252,1,1,0.05,0589,1,1,0
2024-03-13,MIDDAY,475,9,1,0.05,0359,2,1,1
2024-03-13,EVENING,817,7,1,0.05,0459,0,0,0
2024-03-14,MIDDAY,416,3,1,0.05,0589,0,0,0
2024-03-14,EVENING,931,0,1,0.05,0359,3,1,1
2024-03-15,MIDDAY,023,5,2,0.09,0359,3,1,1
2024-03-15,EVENING,256,7,2,0.09,0359,1,1,0
2024-03-16,MIDDAY,992,9,2,0.09,0359,1,1,0
2024-03-16,EVENING,668,7,1,0.05,0359,0,0,0
2024-03-17,MIDDAY,507,2,0,0.02,2359,2,1,1
2024-03-17,EVENING,766,3,1,0.05,0257,1,1,0
2024-03-18,MIDDAY,820,7,1,0.05,0357,2,1,1
2024-03-18,EVENING,554,6,1,0.05,0357,1,1,0
2024-03-19,MIDDAY,628,2,0,0.02,0567,1,1,0
2024-03-19,EVENING,047,4,1,0.05,0256,1,1,0
2024-03-20,MIDDAY,475,5,0,0.02,0567,2,1,1
2024-03-20,EVENING,580,1,2,0.09,0567,2,1,1
2024-03-21,MIDDAY,136,8,1,0.05,0567,1,1,0
2024-03-21,EVENING,249,6,2,0.09,0567,1,1,0
2024-03-22,MIDDAY,208,0,1,0.05,0567,1,1,0
2024-03-22,EVENING,293,2,1,0.05,0256,1,1,0
2024-03-23,MIDDAY,434,6,1,0.05,0256,1,1,0
2024-03-23,EVENING,012,7,1,0.05,0256,2,1,1
2024-03-24,MIDDAY,248,4,0,0.02,0256,1,1,0
2024-03-24,EVENING,229,1,1,0.05,0245,1,1,0
2024-03-25,MIDDAY,849,9,1,0.05,0257,0,0,0
2024-03-25,EVENING,114,5,1,0.05,0248,1,1,0
2024-03-26,MIDDAY,286,0,1,0.05,2456,2,1,1
2024-03-26,EVENING,704,9,0,0.02,0246,2,1,1
2024-03-27,MIDDAY,730,6,1,0.05,0245,1,1,0
2024-03-27,EVENING,567,3,2,0.09,0267,2,1,1
2024-03-28,MIDDAY,730,9,3,0.04,0267,2,1,1
2024-03-28,EVENING,092,2,2,0.09,0267,2,1,1
2024-03-29,MIDDAY,863,7,2,0.09,0267,2,1,1
2024-03-29,EVENING,310,7,0,0.02,0267,2,1,1
2024-03-30,MIDDAY,476,7,2,0.09,0267,2,1,1
2024-03-30,EVENING,982,7,1,0.05,0267,2,1,1
2024-03-31,MIDDAY,828,2,1,0.05,0267,1,1,0
2024-03-31,EVENING,786,6,2,0.09,0267,2,1,1
2024-04-01,MIDDAY,185,3,1,0.05,0267,0,0,0
2024-04-01,EVENING,646,1,1,0.05,2678,1,1,0
2024-04-02,MIDDAY,505,5,1,0.05,2678,0,0,0
2024-04-02,EVENING,351,4,0,0.02,2678,0,0,0
2024-04-03,MIDDAY,521,8,1,0.05,2678,2,1,1
2024-04-03,EVENING,723,0,2,0.09,2378,3,1,1
2024-04-04,MIDDAY,760,4,1,0.05,2378,1,1,0
2024-04-04,EVENING,125,8,2,0.09,0278,2,1,1
2024-04-05,MIDDAY,636,2,0,0.02,0278,1,1,0
2024-04-05,EVENING,118,1,1,0.05,2678,1,1,0
2024-04-06,MIDDAY,082,2,0,0.02,1278,2,1,1
2024-04-06,EVENING,745,2,1,0.05,0278,2,1,1
2024-04-07,MIDDAY,169,9,1,0.05,0278,0,0,0
2024-04-07,EVENING,715,6,0,0.02,2678,2,1,1
2024-04-08,MIDDAY,527,3,2,0.09,2678,2,1,1
2024-04-08,EVENING,448,7,2,0.09,2367,1,1,0
2024-04-09,MIDDAY,222,2,1,0.05,2678,1,1,0
2024-04-09,EVENING,228,3,0,0.02,2678,2,1,1
2024-04-10,MIDDAY,451,0,1,0.05,2678,0,0,0
2024-04-10,EVENING,006,2,0,0.02,1278,1,1,0
2024-04-11,MIDDAY,159,0,1,0.05,1278,1,1,0
2024-04-11,EVENING,023,6,1,0.05,1257,1,1,0
2024-04-12,MIDDAY,770,3,1,0.05,0125,1,1,0
2024-04-12,EVENING,830,6,2,0.09,0257,1,1,0
2024-04-13,MIDDAY,200,3,2,0.09,0238,3,1,1
2024-04-13,EVENING,431,1,2,0.09,0123,2,1,1
2024-04-14,MIDDAY,955,1,1,0.05,0123,1,1,0
2024-04-14,EVENING,798,3,1,0.05,0123,1,1,0
2024-04-15,MIDDAY,107,8,1,0.05,0123,2,1,1
2024-04-15,EVENING,934,5,2,0.09,0123,1,1,0
2024-04-16,MIDDAY,175,9,0,0.02,0237,1,1,0
2024-04-16,EVENING,410,7,2,0.09,0123,2,1,1
2024-04-17,MIDDAY,759,5,2,0.09,0137,1,1,0
2024-04-17,EVENING,851,3,1,0.05,0137,2,1,1
2024-04-18,MIDDAY,654,7,1,0.05,0137,1,1,0
2024-04-18,EVENING,610,6,1,0.05,1357,1,1,0
2024-04-19,MIDDAY,799,2,1,0.05,0157,1,1,0
2024-04-19,EVENING,836,3,0,0.02,0157,0,0,0
2024-04-20,MIDDAY,052,4,0,0.02,0137,1,1,0
2024-04-20,EVENING,662,2,0,0.02,0357,0,0,0
2024-04-21,MIDDAY,086,4,1,0.05,0357,1,1,0
2024-04-21,EVENING,901,4,1,0.05,0357,1,1,0
2024-04-22,MIDDAY,372,4,2,0.09,0135,1,1,0
2024-04-22,EVENING,706,2,1,0.05,0137,2,1,1
2024-04-23,MIDDAY,559,0,2,0.09,0367,1,1,0
2024-04-23,EVENING,300,3,1,0.05,0137,2,1,1
2024-04-24,MIDDAY,651,3,1,0.05,0237,1,1,0
2024-04-24,EVENING,077,6,1,0.05,0357,2,1,1
2024-04-25,MIDDAY,594,4,1,0.05,0367,0,0,0
2024-04-25,EVENING,223,2,0,0.02,0357,1,1,0
2024-04-26,MIDDAY,403,7,0,0.02,0357,3,1,1
2024-04-26,EVENING,828,8,1,0.05,0357,0,0,0
2024-04-27,MIDDAY,198,4,0,0.02,0357,0,0,0
2024-04-27,EVENING,563,1,1,0.05,0347,1,1,0
2024-04-28,MIDDAY,661,3,1,0.05,0345,1,1,0
2024-04-28,EVENING,678,7,3,0.04,0136,1,1,0
2024-04-29,MIDDAY,759,8,1,0.05,0367,1,1,0
2024-04-29,EVENING,619,8,2,0.09,3567,1,1,0
2024-04-30,MIDDAY,640,5,2,0.09,0136,2,1,1
2024-04-30,EVENING,384,1,1,0.05,0367,1,1,0
2024-05-01,MIDDAY,343,6,1,0.05,0136,2,1,1
2024-05-01,EVENING,084,3,2,0.09,0346,3,1,1
2024-05-02,MIDDAY,161,9,2,0.09,0346,1,1,0
2024-05-02,EVENING,963,6,0,0.02,0346,2,1,1
2024-05-03,MIDDAY,483,3,2,0.09,0346,2,1,1
2024-05-03,EVENING,574,2,1,0.05,0346,1,1,0
2024-05-04,MIDDAY,284,3,1,0.05,0346,2,1,1
2024-05-04,EVENING,604,7,2,0.09,3468,2,1,1
2024-05-05,MIDDAY,046,8,1,0.05,0346,3,1,1
2024-05-05,EVENING,764,8,3,0.04,0346,2,1,1
2024-05-06,MIDDAY,887,9,3,0.04,3468,1,1,0
2024-05-06,EVENING,273,9,2,0.09,3468,1,1,0
2024-05-07,MIDDAY,924,3,2,0.09,3468,2,1,1
2024-05-07,EVENING,567,0,3,0.04,3468,1,1,0
2024-05-08,MIDDAY,058,4,0,0.02,3468,2,1,1
2024-05-08,EVENING,262,7,2,0.09,3468,1,1,0
2024-05-09,MIDDAY,638,3,0,0.02,4678,2,1,1
2024-05-09,EVENING,151,5,1,0.05,4678,0,0,0
2024-05-10,MIDDAY,509,2,0,0.02,3468,0,0,0
2024-05-10,EVENING,396,0,1,0.05,4678,1,1,0
2024-05-11,MIDDAY,557,7,2,0.09,3468,0,0,0
2024-05-11,EVENING,568,4,0,0.02,3467,2,1,1
2024-05-12,MIDDAY,231,6,1,0.05,3468,2,1,1
2024-05-12,EVENING,425,6,1,0.05,3468,2,1,1
2024-05-13,MIDDAY,655,7,2,0.09,3468,1,1,0
2024-05-13,EVENING,515,0,2,0.09,3456,1,1,0
2024-05-14,MIDDAY,196,1,1,0.05,3456,1,1,0
2024-05-14,EVENING,437,7,1,0.05,3456,2,1,1
2024-05-15,MIDDAY,031,9,0,0.02,3456,1,1,0
2024-05-15,EVENING,071,4,1,0.05,3456,1,1,0
2024-05-16,MIDDAY,432,6,2,0.09,4567,2,1,1
2024-05-16,EVENING,964,4,1,0.05,3467,2,1,1
2024-05-17,MIDDAY,755,2,2,0.09,3467,1,1,0
2024-05-17,EVENING,189,3,0,0.02,4567,0,0,0
2024-05-18,MIDDAY,292,4,0,0.02,3467,1,1,0
2024-05-18,EVENING,717,4,1,0.05,3469,1,1,0
2024-05-19,MIDDAY,599,4,1,0.05,3469,2,1,1
2024-05-19,EVENING,477,1,1,0.05,4569,1,1,0
2024-05-20,MIDDAY,773,2,1,0.05,4567,1,1,0
2024-05-20,EVENING,254,0,1,0.05,3467,1,1,0
2024-05-21,MIDDAY,634,8,1,0.05,4567,2,1,1
2024-05-21,EVENING,951,3,1,0.05,3456,2,1,1
2024-05-22,MIDDAY,555,5,1,0.05,1345,1,1,0
2024-05-22,EVENING,848,5,1,0.05,3456,2,1,1
2024-05-23,MIDDAY,662,4,1,0.05,3456,2,1,1
2024-05-23,EVENING,777,3,1,0.05,3456,1,1,0
2024-05-24,MIDDAY,900,9,0,0.02,3456,0,0,0
2024-05-24,EVENING,489,3,0,0.02,3456,2,1,1
2024-05-25,MIDDAY,627,7,1,0.05,3459,0,0,0
2024-05-25,EVENING,660,0,0,0.02,3459,0,0,0
2024-05-26,MIDDAY,728,7,1,0.05,3469,0,0,0
2024-05-26,EVENING,551,7,0,0.02,3479,1,1,0
2024-05-27,MIDDAY,207,7,1,0.05,2347,2,1,1
2024-05-27,EVENING,811,2,1,0.05,2347,1,1,0
2024-05-28,MIDDAY,544,8,1,0.05,2467,1,1,0
2024-05-28,EVENING,483,5,1,0.05,2457,2,1,1
2024-05-29,MIDDAY,481,1,3,0.04,2457,1,1,0
2024-05-29,EVENING,547,5,2,0.09,4578,3,1,1
2024-05-30,MIDDAY,118,0,1,0.05,4578,1,1,0
2024-05-30,EVENING,543,2,0,0.02,4578,2,1,1
2024-05-31,MIDDAY,888,8,0,0.02,4578,1,1,0
2024-05-31,EVENING,896,7,0,0.02,2458,1,1,0
2024-06-01,MIDDAY,323,8,1,0.05,4578,1,1,0
2024-06-01,EVENING,468,2,1,0.05,2458,3,1,1
2024-06-02,MIDDAY,130,3,2,0.09,2458,0,0,0
2024-06-02,EVENING,971,6,0,0.02,2458,0,0,0
2024-06-03,MIDDAY,325,4,1,0.05,2458,3,1,1
2024-06-03,EVENING,389,8,0,0.02,2458,1,1,0
2024-06-04,MIDDAY,109,3,1,0.05,2348,1,1,0
2024-06-04,EVENING,833,7,2,0.09,2348,2,1,1
2024-06-05,MIDDAY,583,9,1,0.05,3478,2,1,1
2024-06-05,EVENING,643,5,2,0.09,3478,2,1,1
2024-06-06,MIDDAY,102,9,2,0.09,3458,0,0,0
2024-06-06,EVENING,119,6,0,0.02,2348,0,0,0
2024-06-07,MIDDAY,814,8,2,0.09,1348,3,1,1
2024-06-07,EVENING,558,1,1,0.05,1348,2,1,1
2024-06-08,MIDDAY,869,6,2,0.09,1348,1,1,0
2024-06-08,EVENING,902,9,1,0.05,1348,0,0,0
2024-06-09,MIDDAY,511,4,1,0.05,1389,1,1,0
2024-06-09,EVENING,235,9,0,0.02,1489,1,1,0
2024-06-10,MIDDAY,223,0,1,0.05,3489,1,1,0
2024-06-10,EVENING,592,3,2,0.09,1389,2,1,1
2024-06-11,MIDDAY,860,5,2,0.09,2389,1,1,0
2024-06-11,EVENING,814,8,1,0.05,3589,1,1,0
2024-06-12,MIDDAY,375,2,1,0.05,3589,2,1,1
2024-06-12,EVENING,361,9,0,0.02,3589,2,1,1
2024-06-13,MIDDAY,498,3,1,0.05,3589,3,1,1
2024-06-13,EVENING,056,6,2,0.09,3589,1,1,0
2024-06-14,MIDDAY,494,8,0,0.02,3589,2,1,1
2024-06-14,EVENING,383,5,0,0.02,3589,3,1,1
2024-06-15,MIDDAY,253,1,1,0.05,3589,2,1,1
2024-06-15,EVENING,231,5,2,0.09,3589,2,1,1
2024-06-16,MIDDAY,521,8,4,0.08,0135,2,1,1
2024-06-16,EVENING,106,0,3,0.04,1358,1,1,0
2024-06-17,MIDDAY,115,6,1,0.05,1358,2,1,1
2024-06-17,EVENING,786,0,2,0.09,1358,1,1,0
2024-06-18,MIDDAY,462,8,1,0.05,1358,1,1,0
2024-06-18,EVENING,054,6,2,0.09,1258,1,1,0
2024-06-19,MIDDAY,410,1,2,0.09,1568,1,1,0
2024-06-19,EVENING,332,6,2,0.09,1358,1,1,0
2024-06-20,MIDDAY,220,8,0,0.02,1258,2,1,1
2024-06-20,EVENING,706,1,1,0.05,1258,1,1,0
2024-06-21,MIDDAY,185,3,1,0.05,1258,3,1,1
2024-06-21,EVENING,119,3,1,0.05,1358,2,1,1
2024-06-22,MIDDAY,188,5,2,0.09,1358,3,1,1
2024-06-22,EVENING,359,5,1,0.05,1358,2,1,1
2024-06-23,MIDDAY,607,3,1,0.05,1358,1,1,0
2024-06-23,EVENING,570,5,1,0.05,1358,1,1,0
2024-06-24,MIDDAY,098,2,2,0.09,1358,1,1,0
2024-06-24,EVENING,945,6,1,0.05,1358,1,1,0
2024-06-25,MIDDAY,439,1,1,0.05,1358,2,1,1
2024-06-25,EVENING,900,0,2,0.09,1358,0,0,0
2024-06-26,MIDDAY,900,4,1,0.05,0135,1,1,0
2024-06-26,EVENING,410,6,2,0.09,0135,2,1,1
2024-06-27,MIDDAY,428,5,2,0.09,0135,1,1,0
2024-06-27,EVENING,069,9,1,0.05,0156,2,1,1
2024-06-28,MIDDAY,847,7,0,0.02,0156,0,0,0
2024-06-28,EVENING,187,1,0,0.02,0169,1,1,0
2024-06-29,MIDDAY,635,1,2,0.09,0168,2,1,1
2024-06-29,EVENING,415,6,1,0.05,0156,3,1,1
2024-06-30,MIDDAY,554,8,3,0.04,0146,1,1,0
2024-06-30,EVENING,188,4,2,0.09,0145,2,1,1
2024-07-01,MIDDAY,663,6,2,0.09,0145,0,0,0
2024-07-01,EVENING,578,1,0,0.02,1458,3,1,1
2024-07-02,MIDDAY,734,5,0,0.02,1458,2,1,1
2024-07-02,EVENING,753,2,2,0.09,1458,1,1,0
2024-07-03,MIDDAY,871,2,3,0.04,1458,2,1,1
2024-07-03,EVENING,756,5,2,0.09,1458,1,1,0
2024-07-04,MIDDAY,562,5,1,0.05,1458,1,1,0
2024-07-04,EVENING,487,5,2,0.09,1568,2,1,1
2024-07-05,MIDDAY,162,1,1,0.05,4568,1,1,0
2024-07-05,EVENING,620,1,0,0.02,1456,2,1,1
2024-07-06,MIDDAY,037,5,3,0.04,1456,1,1,0
2024-07-06,EVENING,805,4,1,0.05,1456,2,1,1
2024-07-07,MIDDAY,059,3,2,0.09,1456,1,1,0
2024-07-07,EVENING,087,9,2,0.09,1456,0,0,0
2024-07-08,MIDDAY,750,2,2,0.09,0568,2,1,1
2024-07-08,EVENING,197,3,2,0.09,0578,1,1,0
2024-07-09,MIDDAY,451,2,1,0.05,0157,2,1,1
2024-07-09,EVENING,520,5,1,0.05,0157,2,1,1
2024-07-10,MIDDAY,772,4,2,0.09,0157,1,1,0
2024-07-10,EVENING,381,8,1,0.05,0157,1,1,0
2024-07-11,MIDDAY,977,1,0,0.02,0157,2,1,1
2024-07-11,EVENING,759,3,1,0.05,0157,2,1,1
2024-07-12,MIDDAY,865,8,2,0.09,0157,1,1,0
2024-07-12,EVENING,904,5,1,0.05,1578,1,1,0
2024-07-13,MIDDAY,219,8,1,0.05,0157,1,1,0
2024-07-13,EVENING,473,0,1,0.05,1257,1,1,0
2024-07-14,MIDDAY,936,5,0,0.02,0157,1,1,0
2024-07-14,EVENING,677,1,1,0.05,3579,1,1,0
2024-07-15,MIDDAY,745,6,1,0.05,1579,2,1,1
2024-07-15,EVENING,910,8,2,0.09,1579,2,1,1
2024-07-16,MIDDAY,410,1,0,0.02,1579,1,1,0
2024-07-16,EVENING,666,8,2,0.09,0157,0,0,0
2024-07-17,MIDDAY,218,7,0,0.02,0157,2,1,1
2024-07-17,EVENING,167,9,1,0.05,0157,2,1,1
2024-07-18,MIDDAY,130,5,2,0.09,0157,3,1,1
2024-07-18,EVENING,725,6,1,0.05,0157,2,1,1
2024-07-19,MIDDAY,226,8,1,0.05,0157,0,0,0
2024-07-19,EVENING,074,9,2,0.09,1567,1,1,0
2024-07-20,MIDDAY,595,6,0,0.02,0157,1,1,0
2024-07-20,EVENING,908,7,1,0.05,1567,1,1,0
2024-07-21,MIDDAY,416,9,1,0.05,1579,2,1,1
2024-07-21,EVENING,878,6,1,0.05,1567,2,1,1
2024-07-22,MIDDAY,184,9,1,0.05,1679,2,1,1
2024-07-22,EVENING,717,4,1,0.05,1679,2,1,1
2024-07-23,MIDDAY,797,5,2,0.09,1679,2,1,1
2024-07-23,EVENING,017,6,1,0.05,1679,3,1,1
2024-07-24,MIDDAY,400,5,1,0.05,1679,0,0,0
2024-07-24,EVENING,006,1,1,0.05,1679,2,1,1
2024-07-25,MIDDAY,027,9,1,0.05,1679,2,1,1
2024-07-25,EVENING,197,7,1,0.05,1679,3,1,1
2024-07-26,MIDDAY,665,0,2,0.09,1679,1,1,0
2024-07-26,EVENING,213,3,0,0.02,0167,1,1,0
2024-07-27,MIDDAY,756,9,0,0.02,0167,2,1,1
2024-07-27,EVENING,772,4,0,0.02,1679,1,1,0
2024-07-28,MIDDAY,479,7,1,0.05,1679,2,1,1
2024-07-28,EVENING,847,8,2,0.09,1679,1,1,0
2024-07-29,MIDDAY,949,4,2,0.09,1679,1,1,0
2024-07-29,EVENING,607,7,1,0.05,1479,1,1,0
2024-07-30,MIDDAY,841,3,0,0.02,0679,0,0,0
2024-07-30,EVENING,418,9,0,0.02,1479,3,1,1
2024-07-31,MIDDAY,973,0,3,0.04,1479,2,1,1
2024-07-31,EVENING,806,6,1,0.05,1479,0,0,0
2024-08-01,MIDDAY,864,1,1,0.05,0479,1,1,0
2024-08-01,EVENING,860,0,2,0.09,1479,0,0,0
2024-08-02,MIDDAY,466,2,2,0.09,1479,1,1,0
2024-08-02,EVENING,476,8,1,0.05,1467,3,1,1
2024-08-03,MIDDAY,402,8,2,0.09,4678,2,1,1
2024-08-03,EVENING,044,3,2,0.09,4678,1,1,0
2024-08-04,MIDDAY,919,7,2,0.09,0467,1,1,0
2024-08-04,EVENING,999,9,0,0.02,0467,0,0,0
2024-08-05,MIDDAY,705,6,1,0.05,0467,3,1,1
2024-08-05,EVENING,313,5,0,0.02,0467,0,0,0
2024-08-06,MIDDAY,764,2,1,0.05,0467,3,1,1
2024-08-06,EVENING,841,1,0,0.02,0467,1,1,0
2024-08-07,MIDDAY,342,4,1,0.05,4678,1,1,0
2024-08-07,EVENING,543,8,1,0.05,4678,2,1,1
2024-08-08,MIDDAY,332,4,2,0.09,4678,1,1,0
2024-08-08,EVENING,631,5,2,0.09,4678,1,1,0
2024-08-09,MIDDAY,075,5,1,0.05,4678,1,1,0
2024-08-09,EVENING,446,1,1,0.05,4678,2,1,1
2024-08-10,MIDDAY,744,9,0,0.02,1467,2,1,1
2024-08-10,EVENING,578,7,1,0.05,1467,1,1,0
2024-08-11,MIDDAY,225,3,1,0.05,4678,0,0,0
2024-08-11,EVENING,560,9,1,0.05,4678,1,1,0
2024-08-12,MIDDAY,143,5,1,0.05,4567,2,1,1
2024-08-12,EVENING,534,5,1,0.05,4567,2,1,1
2024-08-13,MIDDAY,010,2,3,0.04,4567,0,0,0
2024-08-13,EVENING,069,5,0,0.02,1456,2,1,1
2024-08-14,MIDDAY,000,8,1,0.05,0456,1,1,0
2024-08-14,EVENING,897,6,1,0.05,0456,1,1,0
2024-08-15,MIDDAY,510,3,1,0.05,0457,2,1,1
2024-08-15,EVENING,675,2,0,0.02,0345,1,1,0
2024-08-16,MIDDAY,200,1,1,0.05,0456,1,1,0
2024-08-16,EVENING,731,3,1,0.05,0145,1,1,0
2024-08-17,MIDDAY,057,4,1,0.05,0145,3,1,1
2024-08-17,EVENING,932,1,1,0.05,0457,0,0,0
2024-08-18,MIDDAY,341,7,0,0.02,0145,2,1,1
2024-08-18,EVENING,494,6,2,0.09,1457,1,1,0
2024-08-19,MIDDAY,198,5,1,0.05,1345,2,1,1
2024-08-19,EVENING,627,5,1,0.05,1345,1,1,0
2024-08-20,MIDDAY,233,5,1,0.05,1457,1,1,0
2024-08-20,EVENING,308,7,2,0.09,1457,1,1,0
2024-08-21,MIDDAY,446,3,1,0.05,1357,1,1,0
2024-08-21,EVENING,015,5,1,0.05,3457,1,1,0
2024-08-22,MIDDAY,585,4,0,0.02,1345,2,1,1
2024-08-22,EVENING,653,9,1,0.05,1345,2,1,1
2024-08-23,MIDDAY,532,3,1,0.05,3456,2,1,1
2024-08-23,EVENING,336,5,2,0.09,3456,3,1,1
2024-08-24,MIDDAY,304,9,2,0.09,3456,2,1,1
2024-08-24,EVENING,087,3,1,0.05,3456,1,1,0
2024-08-25,MIDDAY,360,0,2,0.09,0356,3,1,1
2024-08-25,EVENING,127,6,2,0.09,0356,1,1,0
2024-08-26,MIDDAY,770,4,1,0.05,0356,1,1,0
2024-08-26,EVENING,833,6,1,0.05,0357,1,1,0
2024-08-27,MIDDAY,025,7,0,0.02,3567,2,1,1
2024-08-27,EVENING,902,6,0,0.02,0357,1,1,0
2024-08-28,MIDDAY,657,6,2,0.09,0356,2,1,1
2024-08-28,EVENING,721,0,1,0.05,0356,1,1,0
2024-08-29,MIDDAY,382,4,1,0.05,0357,1,1,0
2024-08-29,EVENING,726,7,1,0.05,0357,1,1,0
2024-08-30,MIDDAY,302,9,1,0.05,3567,1,1,0
2024-08-30,EVENING,709,6,1,0.05,2367,2,1,1
2024-08-31,MIDDAY,451,6,2,0.09,0367,1,1,0
2024-08-31,EVENING,804,0,1,0.05,0356,1,1,0
2024-09-01,MIDDAY,540,2,1,0.05,0356,2,1,1
2024-09-01,EVENING,914,7,2,0.09,0356,0,0,0
2024-09-02,MIDDAY,026,3,1,0.05,0367,3,1,1
2024-09-02,EVENING,302,7,0,0.02,0236,3,1,1
2024-09-03,MIDDAY,761,1,3,0.04,0236,1,1,0
2024-09-03,EVENING,631,3,1,0.05,0267,1,1,0
2024-09-04,MIDDAY,181,8,2,0.09,0367,0,0,0
2024-09-04,EVENING,692,2,1,0.05,0367,1,1,0
2024-09-05,MIDDAY,380,7,0,0.02,0236,2,1,1
2024-09-05,EVENING,783,7,0,0.02,0367,2,1,1
2024-09-06,MIDDAY,186,4,3,0.04,0367,1,1,0
2024-09-06,EVENING,855,0,1,0.05,0367,1,1,0
2024-09-07,MIDDAY,435,6,1,0.05,0267,1,1,0
2024-09-07,EVENING,454,4,1,0.05,0367,0,0,0
2024-09-08,MIDDAY,753,5,2,0.09,0367,2,1,1
2024-09-08,EVENING,347,5,1,0.05,0367,2,1,1
2024-09-09,MIDDAY,173,1,3,0.04,0367,2,1,1
2024-09-09,EVENING,035,8,2,0.09,3567,2,1,1
2024-09-10,MIDDAY,194,3,1,0.05,0357,1,1,0
2024-09-10,EVENING,252,5,1,0.05,3457,1,1,0
2024-09-11,MIDDAY,132,4,0,0.02,3457,2,1,1
2024-09-11,EVENING,609,6,1,0.05,3457,0,0,0
2024-09-12,MIDDAY,450,8,0,0.02,3456,2,1,1
2024-09-12,EVENING,028,1,1,0.05,0345,1,1,0
2024-09-13,MIDDAY,064,3,2,0.09,0345,3,1,1
2024-09-13,EVENING,427,8,1,0.05,0345,1,1,0
2024-09-14,MIDDAY,077,8,1,0.05,0348,2,1,1
2024-09-14,EVENING,369,1,2,0.09,0348,1,1,0
2024-09-15,MIDDAY,019,1,0,0.02,0348,1,1,0
2024-09-15,EVENING,243,1,2,0.09,0138,2,1,1
2024-09-16,MIDDAY,550,5,1,0.05,0134,1,1,0
2024-09-16,EVENING,436,1,0,0.02,0348,2,1,1
2024-09-17,MIDDAY,621,3,0,0.02,0134,2,1,1
2024-09-17,EVENING,661,6,3,0.04,0134,1,1,0
2024-09-18,MIDDAY,376,7,2,0.09,0134,1,1,0
2024-09-18,EVENING,138,2,1,0.05,1346,2,1,1
2024-09-19,MIDDAY,703,9,1,0.05,0136,2,1,1
2024-09-19,EVENING,303,5,1,0.05,0136,2,1,1
2024-09-20,MIDDAY,319,7,2,0.09,0136,2,1,1
2024-09-20,EVENING,919,9,1,0.05,0137,1,1,0
2024-09-21,MIDDAY,555,0,2,0.09,0136,1,1,0
2024-09-21,EVENING,874,3,0,0.02,0136,1,1,0
2024-09-22,MIDDAY,934,9,0,0.02,0137,1,1,0
2024-09-22,EVENING,412,6,2,0.09,0134,2,1,1
2024-09-23,MIDDAY,029,5,1,0.05,0134,1,1,0
2024-09-23,EVENING,968,7,1,0.05,0134,0,0,0
2024-09-24,MIDDAY,288,4,1,0.05,0139,0,0,0
2024-09-24,EVENING,647,3,1,0.05,0134,2,1,1
2024-09-25,MIDDAY,172,1,1,0.05,1346,1,1,0
2024-09-25,EVENING,544,2,1,0.05,1347,1,1,0
2024-09-26,MIDDAY,677,6,1,0.05,1234,0,0,0
2024-09-26,EVENING,023,7,0,0.02,1347,2,1,1
2024-09-27,MIDDAY,602,9,1,0.05,1237,1,1,0
2024-09-27,EVENING,713,9,2,0.09,1237,3,1,1
2024-09-28,MIDDAY,486,2,1,0.05,1237,1,1,0
2024-09-28,EVENING,257,4,0,0.02,2367,2,1,1
2024-09-29,MIDDAY,931,2,2,0.09,2347,2,1,1
2024-09-29,EVENING,912,2,1,0.05,2347,1,1,0
2024-09-30,MIDDAY,747,9,3,0.04,1237,1,1,0
2024-09-30,EVENING,216,3,1,0.05,2347,2,1,1
2024-10-01,MIDDAY,580,1,0,0.02,2379,0,0,0
2024-10-01,EVENING,669,0,1,0.05,1237,0,0,0
2024-10-02,MIDDAY,801,5,1,0.05,1239,1,1,0
2024-10-02,EVENING,938,8,1,0.05,1239,2,1,1
2024-10-03,MIDDAY,825,5,1,0.05,1239,1,1,0
2024-10-03,EVENING,364,9,1,0.05,1239,2,1,1
2024-10-04,MIDDAY,729,0,0,0.02,1239,2,1,1
2024-10-04,EVENING,552,2,1,0.05,1239,1,1,0
2024-10-05,MIDDAY,223,1,1,0.05,1239,3,1,1
2024-10-05,EVENING,659,5,1,0.05,1239,1,1,0
2024-10-06,MIDDAY,147,9,0,0.02,1239,2,1,1
2024-10-06,EVENING,871,3,1,0.05,1239,2,1,1
2024-10-07,MIDDAY,033,5,2,0.09,1239,1,1,0
2024-10-07,EVENING,491,2,1,0.05,1239,3,1,1
2024-10-08,MIDDAY,364,9,0,0.02,1239,2,1,1
2024-10-08,EVENING,429,4,2,0.09,1239,2,1,1
2024-10-09,MIDDAY,250,5,2,0.09,1239,1,1,0
2024-10-09,EVENING,564,9,1,0.05,1239,1,1,0
2024-10-10,MIDDAY,080,8,1,0.05,1239,0,0,0
2024-10-10,EVENING,481,9,0,0.02,1249,3,1,1
2024-10-11,MIDDAY,987,8,1,0.05,1249,1,1,0
2024-10-11,EVENING,856,4,2,0.09,1249,1,1,0
2024-10-12,MIDDAY,805,4,1,0.05,1249,1,1,0
2024-10-12,EVENING,770,2,3,0.04,4589,0,0,0
2024-10-13,MIDDAY,391,8,1,0.05,2489,2,1,1
2024-10-13,EVENING,523,7,0,0.02,2489,1,1,0
2024-10-14,MIDDAY,169,4,1,0.05,2589,1,1,0
2024-10-14,EVENING,383,0,0,0.02,4589,1,1,0
2024-10-15,MIDDAY,313,4,0,0.02,2489,1,1,0
2024-10-15,EVENING,323,2,1,0.05,2489,1,1,0
2024-10-16,MIDDAY,437,4,1,0.05,2349,2,1,1
2024-10-16,EVENING,536,4,1,0.05,2349,2,1,1
2024-10-17,MIDDAY,022,5,2,0.09,2349,1,1,0
2024-10-17,EVENING,221,0,1,0.05,2349,1,1,0
2024-10-18,MIDDAY,355,9,2,0.09,2349,2,1,1
2024-10-18,EVENING,594,2,0,0.02,2349,3,1,1
2024-10-19,MIDDAY,206,2,2,0.09,2349,1,1,0
2024-10-19,EVENING,194,3,1,0.05,2349,3,1,1
2024-10-20,MIDDAY,854,5,0,0.02,2349,1,1,0
2024-10-20,EVENING,770,5,1,0.05,2349,0,0,0
2024-10-21,MIDDAY,356,3,1,0.05,2459,1,1,0
2024-10-21,EVENING,597,7,1,0.05,2345,1,1,0
2024-10-22,MIDDAY,501,6,1,0.05,3459,1,1,0
2024-10-22,EVENING,940,1,1,0.05,3459,2,1,1
2024-10-23,MIDDAY,813,3,2,0.09,3459,1,1,0
2024-10-23,EVENING,094,9,1,0.05,3459,2,1,1
2024-10-24,MIDDAY,336,7,0,0.02,0345,1,1,0
2024-10-24,EVENING,297,2,0,0.02,3459,1,1,0
2024-10-25,MIDDAY,743,6,1,0.05,3459,2,1,1
2024-10-25,EVENING,845,4,1,0.05,3459,2,1,1
2024-10-26,MIDDAY,297,2,1,0.05,3459,1,1,0
2024-10-26,EVENING,324,2,0,0.02,3459,2,1,1
2024-10-27,MIDDAY,267,2,1,0.05,3459,0,0,0
2024-10-27,EVENING,952,1,1,0.05,2349,2,1,1
2024-10-28,MIDDAY,872,8,1,0.05,2345,1,1,0
2024-10-28,EVENING,035,7,1,0.05,2459,1,1,0
2024-10-29,MIDDAY,631,3,1,0.05,2357,1,1,0
2024-10-29,EVENING,144,4,1,0.05,2359,0,0,0
2024-10-30,MIDDAY,605,4,1,0.05,2345,2,1,1
2024-10-30,EVENING,906,4,1,0.05,3459,2,1,1
2024-10-31,MIDDAY,718,9,3,0.04,2459,1,1,0
2024-10-31,EVENING,581,4,1,0.05,4579,2,1,1
2024-11-01,MIDDAY,281,4,2,0.09,1457,2,1,1
2024-11-01,EVENING,865,7,3,0.04,1457,2,1,1
2024-11-02,MIDDAY,196,0,1,0.05,1457,1,1,0
2024-11-02,EVENING,824,1,1,0.05,1456,2,1,1
2024-11-03,MIDDAY,459,2,1,0.05,1459,3,1,1
2024-11-03,EVENING,911,8,2,0.09,1459,2,1,1
2024-11-04,MIDDAY,026,9,1,0.05,1489,1,1,0
2024-11-04,EVENING,365,3,1,0.05,1249,0,0,0
2024-11-05,MIDDAY,555,0,1,0.05,1249,0,0,0
2024-11-05,EVENING,776,2,1,0.05,2456,2,1,1
2024-11-06,MIDDAY,549,8,0,0.02,2456,2,1,1
2024-11-06,EVENING,057,6,0,0.02,2459,1,1,0
2024-11-07,MIDDAY,714,4,1,0.05,4569,1,1,0
2024-11-07,EVENING,381,8,1,0.05,2456,0,0,0
2024-11-08,MIDDAY,772,9,1,0.05,1456,0,0,0
2024-11-08,EVENING,075,9,0,0.02,1569,2,1,1
2024-11-09,MIDDAY,228,2,2,0.09,1579,0,0,0
2024-11-09,EVENING,556,1,0,0.02,4579,1,1,0
2024-11-10,MIDDAY,524,3,0,0.02,1569,1,1,0
2024-11-10,EVENING,443,7,1,0.05,1456,1,1,0
2024-11-11,MIDDAY,203,3,2,0.09,1457,0,0,0
2024-11-11,EVENING,457,7,1,0.05,2457,3,1,1
2024-11-12,MIDDAY,797,5,0,0.02,2457,2,1,1
2024-11-12,EVENING,247,3,2,0.09,2457,3,1,1
2024-11-13,MIDDAY,133,4,1,0.05,2457,1,1,0
2024-11-13,EVENING,142,3,2,0.09,2457,2,1,1
2024-11-14,MIDDAY,617,8,3,0.04,2457,1,1,0
2024-11-14,EVENING,802,7,1,0.05,2457,2,1,1
2024-11-15,MIDDAY,397,5,2,0.09,2457,2,1,1
2024-11-15,EVENING,214,8,1,0.05,2457,2,1,1
2024-11-16,MIDDAY,976,4,0,0.02,2457,2,1,1
2024-11-16,EVENING,538,9,1,0.05,2457,1,1,0
2024-11-17,MIDDAY,573,0,1,0.05,3457,3,1,1
2024-11-17,EVENING,510,8,2,0.09,3457,1,1,0
2024-11-18,MIDDAY,915,6,2,0.09,3457,1,1,0
2024-11-18,EVENING,457,7,2,0.09,1457,3,1,1
2024-11-19,MIDDAY,681,2,1,0.05,1457,1,1,0
2024-11-19,EVENING,312,0,0,0.02,1457,1,1,0
2024-11-20,MIDDAY,481,9,2,0.09,1257,1,1,0
2024-11-20,EVENING,289,4,1,0.05,1457,1,1,0
2024-11-21,MIDDAY,338,8,3,0.04,1457,0,0,0
2024-11-21,EVENING,863,6,1,0.05,1458,1,1,0
2024-11-22,MIDDAY,002,2,2,0.09,1458,0,0,0
2024-11-22,EVENING,430,3,0,0.02,1348,2,1,1
2024-11-23,MIDDAY,339,3,1,0.05,1348,1,1,0
2024-11-23,EVENING,807,3,1,0.05,1348,2,1,1
2024-11-24,MIDDAY,684,7,1,0.05,3478,3,1,1
2024-11-24,EVENING,542,9,2,0.09,3478,1,1,0
2024-11-25,MIDDAY,128,5,1,0.05,3478,1,1,0
2024-11-25,EVENING,998,5,2,0.09,2348,1,1,0
2024-11-26,MIDDAY,210,3,2,0.09,2358,2,1,1
2024-11-26,EVENING,627,9,0,0.02,2358,1,1,0
2024-11-27,MIDDAY,011,1,1,0.05,2389,0,0,0
2024-11-27,EVENING,935,6,0,0.02,2389,2,1,1
2024-11-28,MIDDAY,789,8,0,0.02,3589,2,1,1
2024-11-28,EVENING,948,2,1,0.05,3589,2,1,1
2024-11-29,MIDDAY,320,2,2,0.09,2589,1,1,0
2024-11-29,EVENING,091,6,1,0.05,2389,1,1,0
2024-11-30,MIDDAY,037,2,1,0.05,2389,2,1,1
2024-11-30,EVENING,268,7,1,0.05,2389,2,1,1
2024-12-01,MIDDAY,438,8,2,0.09,2389,2,1,1
2024-12-01,EVENING,075,2,1,0.05,2389,1,1,0
2024-12-02,MIDDAY,610,3,0,0.02,2389,1,1,0
2024-12-02,EVENING,728,0,1,0.05,0238,3,1,1
2024-12-03,MIDDAY,933,4,1,0.05,0238,1,1,0
2024-12-03,EVENING,834,9,0,0.02,0238,2,1,1
2024-12-04,MIDDAY,921,3,3,0.04,0238,2,1,1
2024-12-04,EVENING,799,3,2,0.09,2389,2,1,1
2024-12-05,MIDDAY,110,5,2,0.09,2389,0,0,0
2024-12-05,EVENING,483,6,0,0.02,2389,2,1,1
2024-12-06,MIDDAY,057,0,0,0.02,2389,0,0,0
2024-12-06,EVENING,162,7,0,0.02,2389,1,1,0
2024-12-07,MIDDAY,091,4,1,0.05,0239,2,1,1
2024-12-07,EVENING,268,6,1,0.05,0239,1,1,0
2024-12-08,MIDDAY,580,2,0,0.02,0239,2,1,1
2024-12-08,EVENING,180,0,2,0.09,0238,2,1,1
2024-12-09,MIDDAY,859,1,2,0.09,0238,1,1,0
2024-12-09,EVENING,885,4,2,0.09,0289,1,1,0
2024-12-10,MIDDAY,347,0,2,0.09,0289,1,1,0
2024-12-10,EVENING,600,5,1,0.05,0238,1,1,0
2024-12-11,MIDDAY,851,6,1,0.05,0238,1,1,0
2024-12-11,EVENING,285,9,2,0.09,0138,1,1,0
2024-12-12,MIDDAY,558,8,2,0.09,0258,2,1,1
2024-12-12,EVENING,154,8,2,0.09,0258,2,1,1
2024-12-13,MIDDAY,523,2,2,0.09,0158,1,1,0
2024-12-13,EVENING,386,9,1,0.05,0358,2,1,1
2024-12-14,MIDDAY,878,6,1,0.05,0358,1,1,0
2024-12-14,EVENING,309,2,2,0.09,0358,2,1,1
2024-12-15,MIDDAY,341,0,0,0.02,0358,2,1,1
2024-12-15,EVENING,786,5,2,0.09,0358,2,1,1
2024-12-16,MIDDAY,653,9,0,0.02,0358,2,1,1
2024-12-16,EVENING,591,4,2,0.09,0358,1,1,0
2024-12-17,MIDDAY,457,4,2,0.09,3589,1,1,0
2024-12-17,EVENING,963,1,2,0.09,0358,1,1,0
2024-12-18,MIDDAY,981,8,0,0.02,3589,2,1,1
2024-12-18,EVENING,884,8,2,0.09,1589,1,1,0
2024-12-19,MIDDAY,930,2,1,0.05,1589,1,1,0
2024-12-19,EVENING,492,2,0,0.02,3589,1,1,0
2024-12-20,MIDDAY,893,4,2,0.09,3589,3,1,1
2024-12-20,EVENING,534,8,2,0.09,3589,3,1,1
2024-12-21,MIDDAY,602,8,3,0.04,3589,1,1,0
2024-12-21,EVENING,917,7,1,0.05,3589,1,1,0
2024-12-22,MIDDAY,185,6,0,0.02,3589,2,1,1
2024-12-22,EVENING,928,5,1,0.05,3589,3,1,1
2024-12-23,MIDDAY,860,8,2,0.09,3589,1,1,0
2024-12-23,EVENING,377,3,1,0.05,3589,1,1,0
2024-12-24,MIDDAY,175,7,0,0.02,3589,1,1,0
2024-12-24,EVENING,082,1,1,0.05,3589,1,1,0
2024-12-25,MIDDAY,867,4,1,0.05,3589,1,1,0
2024-12-25,EVENING,564,5,1,0.05,3589,1,1,0
2024-12-26,MIDDAY,413,8,2,0.09,5689,1,1,0
2024-12-26,EVENING,475,0,1,0.05,1458,2,1,1
2024-12-27,MIDDAY,442,9,1,0.05,1458,1,1,0
2024-12-27,EVENING,169,3,1,0.05,4589,1,1,0
2024-12-28,MIDDAY,509,8,1,0.05,4589,3,1,1
2024-12-28,EVENING,945,4,1,0.05,4589,3,1,1
2024-12-29,MIDDAY,472,2,2,0.09,4589,1,1,0
2024-12-29,EVENING,892,0,1,0.05,4589,2,1,1
2024-12-30,MIDDAY,126,5,1,0.05,4589,1,1,0
2024-12-30,EVENING,182,9,1,0.05,4589,2,1,1
2024-12-31,MIDDAY,071,7,2,0.09,4589,0,0,0
2024-12-31,EVENING,292,8,1,0.05,2589,3,1,1
2025-01-01,MIDDAY,864,2,0,0.02,2589,2,1,1
2025-01-01,EVENING,633,2,2,0.09,2589,1,1,0
2025-01-02,MIDDAY,286,9,2,0.09,2589,3,1,1
2025-01-02,EVENING,880,6,2,0.09,2689,2,1,1
2025-01-03,MIDDAY,618,7,2,0.09,2689,2,1,1
2025-01-03,EVENING,634,6,2,0.09,2689,1,1,0
2025-01-04,MIDDAY,967,3,1,0.05,2689,2,1,1
2025-01-04,EVENING,394,2,2,0.09,2689,2,1,1
2025-01-05,MIDDAY,715,3,2,0.09,2689,0,0,0
2025-01-05,EVENING,448,5,1,0.05,2689,1,1,0
2025-01-06,MIDDAY,897,2,1,0.05,2468,2,1,1
2025-01-06,EVENING,074,4,1,0.05,2689,0,0,0
2025-01-07,MIDDAY,111,2,1,0.05,4689,0,0,0
2025-01-07,EVENING,026,2,0,0.02,2489,1,1,0
2025-01-08,MIDDAY,359,9,1,0.05,2689,1,1,0
2025-01-08,EVENING,964,0,0,0.02,2689,2,1,1
2025-01-09,MIDDAY,746,1,1,0.05,2689,1,1,0
2025-01-09,EVENING,820,0,2,0.09,2469,1,1,0
2025-01-10,MIDDAY,805,2,0,0.02,2689,2,1,1
2025-01-10,EVENING,707,9,3,0.04,2689,1,1,0
2025-01-11,MIDDAY,518,6,1,0.05,2689,2,1,1
2025-01-11,EVENING,221,1,0,0.02,2689,1,1,0
2025-01-12,MIDDAY,447,9,1,0.05,2689,1,1,0
2025-01-12,EVENING,032,1,0,0.02,2689,1,1,0
2025-01-13,MIDDAY,456,7,0,0.02,2689,1,1,0
2025-01-13,EVENING,757,6,0,0.02,2468,1,1,0
2025-01-14,MIDDAY,196,6,3,0.04,2678,1,1,0
2025-01-14,EVENING,813,1,1,0.05,2679,0,0,0
2025-01-15,MIDDAY,975,2,1,0.05,1678,1,1,0
2025-01-15,EVENING,866,1,0,0.02,1679,2,1,1
2025-01-16,MIDDAY,994,0,0,0.02,1267,0,0,0
2025-01-16,EVENING,638,0,0,0.02,1679,1,1,0
2025-01-17,MIDDAY,687,7,1,0.05,1679,2,1,1
2025-01-17,EVENING,145,4,2,0.09,1678,1,1,0
2025-01-18,MIDDAY,393,1,0,0.02,1678,1,1,0
2025-01-18,EVENING,988,5,1,0.05,1689,2,1,1
2025-01-19,MIDDAY,600,7,1,0.05,1689,1,1,0
2025-01-19,EVENING,183,8,0,0.02,1689,2,1,1
2025-01-20,MIDDAY,383,9,0,0.02,1689,2,1,1
2025-01-20,EVENING,824,3,2,0.09,1689,1,1,0
2025-01-21,MIDDAY,150,7,2,0.09,1689,1,1,0
2025-01-21,EVENING,051,2,0,0.02,1689,1,1,0
2025-01-22,MIDDAY,187,1,3,0.04,1589,2,1,1
2025-01-22,EVENING,443,9,1,0.05,1789,1,1,0
2025-01-23,MIDDAY,499,7,0,0.02,1789,2,1,1
2025-01-23,EVENING,577,0,2,0.09,1789,1,1,0
2025-01-24,MIDDAY,862,7,1,0.05,1789,2,1,1
2025-01-24,EVENING,351,4,1,0.05,1789,1,1,0
2025-01-25,MIDDAY,057,1,0,0.02,1378,2,1,1
2025-01-25,EVENING,867,2,2,0.09,1578,2,1,1
2025-01-26,MIDDAY,110,8,1,0.05,1678,2,1,1
2025-01-26,EVENING,003,8,1,0.05,0178,2,1,1
2025-01-27,MIDDAY,977,3,2,0.09,0178,1,1,0
2025-01-27,EVENING,006,8,1,0.05,0178,2,1,1
2025-01-28,MIDDAY,835,4,0,0.02,0178,1,1,0
2025-01-28,EVENING,106,6,1,0.05,0378,1,1,0
2025-01-29,MIDDAY,512,6,0,0.02,0178,1,1,0
2025-01-29,EVENING,564,8,2,0.09,0178,1,1,0
2025-01-30,MIDDAY,021,1,2,0.09,0158,2,1,1
2025-01-30,EVENING,511,1,0,0.02,0158,2,1,1
2025-01-31,MIDDAY,439,1,1,0.05,0158,1,1,0
2025-01-31,EVENING,573,1,1,0.05,0158,2,1,1
2025-02-01,MIDDAY,568,3,2,0.09,1358,3,1,1
2025-02-01,EVENING,812,3,2,0.09,1358,3,1,1
2025-02-02,MIDDAY,829,3,2,0.09,1358,2,1,1
2025-02-02,EVENING,772,6,3,0.04,1358,0,0,0
2025-02-03,MIDDAY,729,4,1,0.05,1358,0,0,0
2025-02-03,EVENING,042,8,2,0.09,1378,1,1,0
2025-02-04,MIDDAY,731,8,2,0.09,1238,3,1,1
2025-02-04,EVENING,925,8,1,0.05,1378,1,1,0
2025-02-05,MIDDAY,917,7,1,0.05,1238,1,1,0
2025-02-05,EVENING,706,9,1,0.05,1378,1,1,0
2025-02-06,MIDDAY,347,5,2,0.09,1378,2,1,1
2025-02-06,EVENING,106,5,1,0.05,1378,1,1,0
2025-02-07,MIDDAY,544,8,1,0.05,1378,1,1,0
2025-02-07,EVENING,303,7,1,0.05,1578,1,1,0
2025-02-08,MIDDAY,516,3,0,0.02,1378,2,1,1
2025-02-08,EVENING,441,1,1,0.05,1358,1,1,0
2025-02-09,MIDDAY,104,2,1,0.05,1358,1,1,0
2025-02-09,EVENING,290,1,2,0.09,1358,1,1,0
2025-02-10,MIDDAY,159,4,3,0.04,0135,2,1,1
2025-02-10,EVENING,769,8,2,0.09,1345,0,0,0
2025-02-11,MIDDAY,525,3,1,0.05,1578,1,1,0
2025-02-11,EVENING,118,3,0,0.02,1235,2,1,1
2025-02-12,MIDDAY,891,6,1,0.05,1358,2,1,1
2025-02-12,EVENING,683,8,2,0.09,1389,2,1,1
2025-02-13,MIDDAY,747,8,2,0.09,1358,1,1,0
2025-02-13,EVENING,830,9,1,0.05,1378,2,1,1
2025-02-14,MIDDAY,344,0,1,0.05,1389,1,1,0
2025-02-14,EVENING,479,1,2,0.09,1389,2,1,1
2025-02-15,MIDDAY,226,3,1,0.05,1378,1,1,0
2025-02-15,EVENING,879,9,0,0.02,1389,2,1,1
2025-02-16,MIDDAY,014,9,0,0.02,1389,2,1,1
2025-02-16,EVENING,694,7,1,0.05,1389,1,1,0
2025-02-17,MIDDAY,742,7,2,0.09,1489,1,1,0
2025-02-17,EVENING,195,6,2,0.09,1479,2,1,1
2025-02-18,MIDDAY,956,7,0,0.02,1479,2,1,1
2025-02-18,EVENING,231,6,3,0.04,1479,1,1,0
2025-02-19,MIDDAY,402,1,1,0.05,1469,2,1,1
2025-02-19,EVENING,414,6,2,0.09,1469,3,1,1
2025-02-20,MIDDAY,814,8,2,0.09,1469,2,1,1
2025-02-20,EVENING,838,7,2,0.09,1469,0,0,0
2025-02-21,MIDDAY,914,5,1,0.05,1469,3,1,1
2025-02-21,EVENING,884,2,0,0.02,1469,1,1,0
2025-02-22,MIDDAY,582,7,1,0.05,1489,1,1,0
2025-02-22,EVENING,947,5,2,0.09,1489,2,1,1
2025-02-23,MIDDAY,239,5,2,0.09,1489,1,1,0
2025-02-23,EVENING,410,1,2,0.09,1489,2,1,1
2025-02-24,MIDDAY,310,7,0,0.02,1489,1,1,0
2025-02-24,EVENING,678,3,2,0.09,1479,1,1,0
2025-02-25,MIDDAY,597,8,2,0.09,1479,2,1,1
2025-02-25,EVENING,678,0,2,0.09,1479,1,1,0
2025-02-26,MIDDAY,453,7,2,0.09,4789,2,1,1
2025-02-26,EVENING,725,5,1,0.05,1479,1,1,0
2025-02-27,MIDDAY,591,9,2,0.09,1479,2,1,1
2025-02-27,EVENING,838,2,1,0.05,1479,0,0,0
2025-02-28,MIDDAY,552,3,0,0.02,1479,0,0,0
2025-02-28,EVENING,494,4,2,0.09,1457,1,1,0
2025-03-01,MIDDAY,611,2,0,0.02,4579,0,0,0
2025-03-01,EVENING,421,0,0,0.02,1457,2,1,1
2025-03-02,MIDDAY,323,9,2,0.09,1457,0,0,0
2025-03-02,EVENING,786,1,1,0.05,1247,2,1,1
2025-03-03,MIDDAY,728,0,0,0.02,1247,2,1,1
2025-03-03,EVENING,140,6,2,0.09,1247,2,1,1
2025-03-04,MIDDAY,638,3,1,0.05,1247,0,0,0
2025-03-04,EVENING,185,9,1,0.05,1278,2,1,1
2025-03-05,MIDDAY,838,0,1,0.05,1278,1,1,0
2025-03-05,EVENING,133,7,1,0.05,1278,2,1,1
2025-03-06,MIDDAY,258,4,1,0.05,1378,1,1,0
2025-03-06,EVENING,670,5,0,0.02,1378,1,1,0
2025-03-07,MIDDAY,003,7,1,0.05,1378,2,1,1
2025-03-07,EVENING,120,1,2,0.09,1378,1,1,0
2025-03-08,MIDDAY,617,6,1,0.05,1378,2,1,1
2025-03-08,EVENING,672,0,1,0.05,1378,1,1,0
2025-03-09,MIDDAY,327,5,2,0.09,1278,2,1,1
2025-03-09,EVENING,963,4,2,0.09,1237,1,1,0
2025-03-10,MIDDAY,036,3,1,0.05,1237,1,1,0
2025-03-10,EVENING,080,3,2,0.09,1237,1,1,0
2025-03-11,MIDDAY,983,6,2,0.09,0237,1,1,0
2025-03-11,EVENING,452,5,2,0.09,2367,1,1,0
2025-03-12,MIDDAY,811,8,0,0.02,2367,0,0,0
2025-03-12,EVENING,900,4,0,0.02,2367,0,0,0
2025-03-13,MIDDAY,960,0,0,0.02,0367,2,1,1
2025-03-13,EVENING,822,1,2,0.09,0367,0,0,0
2025-03-14,MIDDAY,569,8,0,0.02,0368,2,1,1
2025-03-14,EVENING,980,5,1,0.05,0368,2,1,1
2025-03-15,MIDDAY,710,5,3,0.04,0368,1,1,0
2025-03-15,EVENING,797,7,2,0.09,0168,0,0,0
2025-03-16,MIDDAY,469,7,1,0.05,0178,1,1,0
2025-03-16,EVENING,151,5,2,0.09,0789,0,0,0
2025-03-17,MIDDAY,433,7,0,0.02,0578,1,1,0
2025-03-17,EVENING,019,7,0,0.02,0578,2,1,1
2025-03-18,MIDDAY,916,8,1,0.05,0579,1,1,0
2025-03-18,EVENING,957,9,2,0.09,0679,2,1,1
2025-03-19,MIDDAY,705,3,1,0.05,0679,2,1,1
2025-03-19,EVENING,881,4,2,0.09,0579,0,0,0
2025-03-20,MIDDAY,145,1,0,0.02,0179,1,1,0
2025-03-20,EVENING,860,0,2,0.09,0179,1,1,0
2025-03-21,MIDDAY,546,7,0,0.02,0789,1,1,0
2025-03-21,EVENING,483,5,1,0.05,5789,2,1,1
2025-03-22,MIDDAY,342,8,2,0.09,5789,1,1,0
2025-03-22,EVENING,728,9,3,0.04,0578,2,1,1
2025-03-23,MIDDAY,301,8,2,0.09,5789,1,1,0
2025-03-23,EVENING,878,1,1,0.05,1578,3,1,1
2025-03-24,MIDDAY,870,8,2,0.09,1578,2,1,1
2025-03-24,EVENING,525,8,2,0.09,0178,1,1,0
2025-03-25,MIDDAY,007,9,1,0.05,0578,2,1,1
2025-03-25,EVENING,591,5,0,0.02,0178,1,1,0
2025-03-26,MIDDAY,591,8,1,0.05,1578,3,1,1
2025-03-26,EVENING,322,5,3,0.04,1578,1,1,0
2025-03-27,MIDDAY,110,6,1,0.05,1578,1,1,0
2025-03-27,EVENING,867,6,0,0.02,1578,2,1,1
2025-03-28,MIDDAY,614,0,1,0.05,1578,1,1,0
2025-03-28,EVENING,196,9,1,0.05,1578,1,1,0
2025-03-29,MIDDAY,505,1,2,0.09,1578,2,1,1
2025-03-29,EVENING,442,2,1,0.05,0158,0,0,0
2025-03-30,MIDDAY,763,0,0,0.02,0158,1,1,0
2025-03-30,EVENING,336,1,0,0.02,0158,1,1,0
2025-03-31,MIDDAY,109,3,2,0.09,0158,2,1,1
2025-03-31,EVENING,759,0,2,0.09,0168,1,1,0
2025-04-01,MIDDAY,116,0,2,0.09,0168,3,1,1
2025-04-01,EVENING,881,8,1,0.05,0168,2,1,1
2025-04-02,MIDDAY,874,5,1,0.05,0168,1,1,0
2025-04-02,EVENING,309,8,1,0.05,0158,2,1,1
2025-04-03,MIDDAY,327,2,1,0.05,0189,0,0,0
2025-04-03,EVENING,512,9,1,0.05,0178,1,1,0
2025-04-04,MIDDAY,431,4,1,0.05,0189,1,1,0
2025-04-04,EVENING,992,6,1,0.05,0189,1,1,0
2025-04-05,MIDDAY,811,9,0,0.02,0189,3,1,1
2025-04-05,EVENING,871,7,1,0.05,0189,2,1,1
2025-04-06,MIDDAY,376,3,2,0.09,0189,0,0,0
2025-04-06,EVENING,285,5,1,0.05,1789,1,1,0
2025-04-07,MIDDAY,745,6,0,0.02,1789,1,1,0
2025-04-07,EVENING,107,1,1,0.05,1678,2,1,1
2025-04-08,MIDDAY,289,3,1,0.05,1678,1,1,0
2025-04-08,EVENING,916,8,0,0.02,1789,3,1,1
2025-04-09,MIDDAY,103,6,2,0.09,1789,1,1,0
2025-04-09,EVENING,416,6,2,0.09,1689,2,1,1
2025-04-10,MIDDAY,317,2,2,0.09,1678,2,1,1
2025-04-10,EVENING,566,6,1,0.05,1367,1,1,0
2025-04-11,MIDDAY,279,5,0,0.02,1367,1,1,0
2025-04-11,EVENING,411,9,1,0.05,1367,1,1,0
2025-04-12,MIDDAY,118,8,1,0.05,1679,1,1,0
2025-04-12,EVENING,931,8,1,0.05,1789,3,1,1
2025-04-13,MIDDAY,203,5,2,0.09,1789,0,0,0
2025-04-13,EVENING,909,0,1,0.05,1389,1,1,0
2025-04-14,MIDDAY,293,6,1,0.05,1389,2,1,1
2025-04-14,EVENING,765,2,1,0.05,1389,0,0,0
2025-04-15,MIDDAY,266,6,2,0.09,1239,1,1,0
2025-04-15,EVENING,164,6,2,0.09,1269,2,1,1
2025-04-16,MIDDAY,151,2,1,0.05,1269,2,1,1
2025-04-16,EVENING,265,9,1,0.05,1269,3,1,1
2025-04-17,MIDDAY,982,3,2,0.09,1269,2,1,1
2025-04-17,EVENING,523,8,2,0.09,1269,1,1,0
2025-04-18,MIDDAY,029,9,3,0.04,1269,2,1,1
2025-04-18,EVENING,250,4,1,0.05,1269,1,1,0
2025-04-19,MIDDAY,655,9,2,0.09,1269,2,1,1
2025-04-19,EVENING,677,1,1,0.05,1269,2,1,1
2025-04-20,MIDDAY,022,6,1,0.05,1269,2,1,1
2025-04-20,EVENING,595,2,1,0.05,1269,2,1,1
2025-04-21,MIDDAY,309,0,1,0.05,1269,1,1,0
2025-04-21,EVENING,161,5,1,0.05,2569,2,1,1
2025-04-22,MIDDAY,027,6,0,0.02,2569,2,1,1
2025-04-22,EVENING,494,3,1,0.05,2569,1,1,0
2025-04-23,MIDDAY,288,4,0,0.02,2569,1,1,0
2025-04-23,EVENING,800,9,1,0.05,2569,1,1,0
2025-04-24,MIDDAY,394,7,1,0.05,2569,1,1,0
2025-04-24,EVENING,309,3,1,0.05,2369,2,1,1
2025-04-25,MIDDAY,668,0,2,0.09,2369,1,1,0
2025-04-25,EVENING,822,8,1,0.05,0269,1,1,0
2025-04-26,MIDDAY,566,9,1,0.05,0269,2,1,1
2025-04-26,EVENING,394,8,0,0.02,2569,1,1,0
2025-04-27,MIDDAY,368,9,1,0.05,2689,3,1,1
2025-04-27,EVENING,707,5,3,0.04,2369,0,0,0
2025-04-28,MIDDAY,101,7,0,0.02,2689,0,0,0
2025-04-28,EVENING,711,5,2,0.09,0269,0,0,0
2025-04-29,MIDDAY,261,5,2,0.09,0269,2,1,1
2025-04-29,EVENING,315,4,2,0.09,2569,1,1,0
2025-04-30,MIDDAY,260,3,2,0.09,2569,2,1,1
2025-04-30,EVENING,598,1,1,0.05,2569,2,1,1
2025-05-01,MIDDAY,987,7,0,0.02,0569,1,1,0
2025-05-01,EVENING,627,6,2,0.09,0569,1,1,0
2025-05-02,MIDDAY,820,4,1,0.05,2569,1,1,0
2025-05-02,EVENING,771,3,1,0.05,0269,0,0,0
2025-05-03,MIDDAY,778,6,0,0.02,2369,1,1,0
2025-05-03,EVENING,715,7,1,0.05,6789,1,1,0
2025-05-04,MIDDAY,732,2,1,0.05,6789,1,1,0
2025-05-04,EVENING,803,7,1,0.05,2789,2,1,1
2025-05-05,MIDDAY,332,2,2,0.09,3789,1,1,0
2025-05-05,EVENING,699,9,1,0.05,2378,0,0,0
2025-05-06,MIDDAY,520,5,0,0.02,3789,0,0,0
2025-05-06,EVENING,298,0,0,0.02,2367,1,1,0
2025-05-07,MIDDAY,979,0,2,0.09,0278,2,1,1
2025-05-07,EVENING,629,8,2,0.09,0278,2,1,1
2025-05-08,MIDDAY,646,1,1,0.05,2789,0,0,0
2025-05-08,EVENING,121,3,1,0.05,2679,1,1,0
2025-05-09,MIDDAY,420,4,1,0.05,2379,1,1,0
2025-05-09,EVENING,887,4,1,0.05,0267,1,1,0
2025-05-10,MIDDAY,794,5,1,0.05,0278,1,1,0
2025-05-10,EVENING,790,0,2,0.09,0279,3,1,1
2025-05-11,MIDDAY,751,6,2,0.09,0279,1,1,0
2025-05-11,EVENING,492,2,1,0.05,0279,2,1,1
2025-05-12,MIDDAY,922,3,0,0.02,0279,2,1,1
2025-05-12,EVENING,718,0,2,0.09,0279,2,1,1
2025-05-13,MIDDAY,378,2,0,0.02,0279,2,1,1
2025-05-13,EVENING,654,8,2,0.09,0279,0,0,0
2025-05-14,MIDDAY,392,1,1,0.05,2789,2,1,1
2025-05-14,EVENING,107,9,0,0.02,2789,2,1,1
2025-05-15,MIDDAY,309,9,2,0.09,0279,2,1,1
2025-05-15,EVENING,660,5,2,0.09,0279,1,1,0
2025-05-16,MIDDAY,827,4,1,0.05,0279,2,1,1
2025-05-16,EVENING,567,4,0,0.02,0279,1,1,0
2025-05-17,MIDDAY,814,8,2,0.09,0279,0,0,0
2025-05-17,EVENING,407,2,1,0.05,2789,2,1,1
2025-05-18,MIDDAY,720,1,1,0.05,0279,3,1,1
2025-05-18,EVENING,158,1,3,0.04,0279,0,0,0
2025-05-19,MIDDAY,794,1,1,0.05,0279,2,1,1
2025-05-19,EVENING,837,3,1,0.05,0127,1,1,0
2025-05-20,MIDDAY,120,8,1,0.05,1247,2,1,1
2025-05-20,EVENING,548,3,1,0.05,1278,1,1,0
2025-05-21,MIDDAY,781,5,1,0.05,1278,3,1,1
2025-05-21,EVENING,891,5,2,0.09,1478,2,1,1
2025-05-22,MIDDAY,141,5,3,0.04,1478,2,1,1
2025-05-22,EVENING,842,9,2,0.09,1578,1,1,0
2025-05-23,MIDDAY,767,5,1,0.05,1278,1,1,0
2025-05-23,EVENING,490,7,0,0.02,1578,1,1,0
2025-05-24,MIDDAY,280,7,1,0.05,1478,2,1,1
2025-05-24,EVENING,889,2,2,0.09,1478,1,1,0
2025-05-25,MIDDAY,252,9,2,0.09,1278,1,1,0
2025-05-25,EVENING,839,7,2,0.09,2578,2,1,1
2025-05-26,MIDDAY,664,0,1,0.05,2789,0,0,0
2025-05-26,EVENING,055,6,0,0.02,2789,0,0,0
2025-05-27,MIDDAY,168,2,2,0.09,0789,1,1,0
2025-05-27,EVENING,405,0,1,0.05,0278,1,1,0
2025-05-28,MIDDAY,478,0,0,0.02,2578,2,1,1
2025-05-28,EVENING,450,3,2,0.09,0478,2,1,1
2025-05-29,MIDDAY,274,9,2,0.09,0478,2,1,1
2025-05-29,EVENING,078,7,1,0.05,0478,3,1,1
2025-05-30,MIDDAY,619,1,1,0.05,0478,0,0,0
2025-05-30,EVENING,949,6,0,0.02,0478,1,1,0
2025-05-31,MIDDAY,461,8,2,0.09,0478,2,1,1
2025-05-31,EVENING,137,6,2,0.09,4789,1,1,0
2025-06-01,MIDDAY,312,3,2,0.09,0478,0,0,0
2025-06-01,EVENING,688,5,2,0.09,1478,1,1,0
2025-06-02,MIDDAY,657,2,0,0.02,1478,1,1,0
2025-06-02,EVENING,522,3,2,0.09,4678,0,0,0
2025-06-03,MIDDAY,670,3,2,0.09,4678,2,1,1
2025-06-03,EVENING,487,8,1,0.05,4678,3,1,1
2025-06-04,MIDDAY,212,8,1,0.05,4678,1,1,0
2025-06-04,EVENING,943,2,1,0.05,2678,1,1,0
2025-06-05,MIDDAY,134,8,1,0.05,2478,2,1,1
2025-06-05,EVENING,236,1,2,0.09,2478,1,1,0
2025-06-06,MIDDAY,494,4,2,0.09,2468,1,1,0
2025-06-06,EVENING,532,9,0,0.02,2468,1,1,0
2025-06-07,MIDDAY,689,4,1,0.05,2348,2,1,1
2025-06-07,EVENING,220,9,1,0.05,2468,1,1,0
2025-06-08,MIDDAY,407,4,1,0.05,2468,1,1,0
2025-06-08,EVENING,161,1,1,0.05,2468,1,1,0
2025-06-09,MIDDAY,238,7,0,0.02,2468,2,1,1
2025-06-09,EVENING,316,1,0,0.02,2478,0,0,0
2025-06-10,MIDDAY,838,2,1,0.05,2346,2,1,1
2025-06-10,EVENING,498,1,1,0.05,2348,2,1,1
2025-06-11,MIDDAY,544,9,1,0.05,1248,1,1,0
2025-06-11,EVENING,904,5,2,0.09,2489,2,1,1
2025-06-12,MIDDAY,559,7,3,0.04,2489,1,1,0
2025-06-12,EVENING,211,9,2,0.09,3489,1,1,0
2025-06-13,MIDDAY,713,5,1,0.05,2349,1,1,0
2025-06-13,EVENING,312,3,1,0.05,2349,2,1,1
2025-06-14,MIDDAY,129,2,2,0.09,1239,3,1,1
2025-06-14,EVENING,817,3,2,0.09,1239,2,1,1
2025-06-15,MIDDAY,903,9,1,0.05,1239,2,1,1
2025-06-15,EVENING,847,8,1,0.05,1239,0,0,0
2025-06-16,MIDDAY,034,5,0,0.02,1349,2,1,1
2025-06-16,EVENING,500,4,1,0.05,2349,1,1,0
2025-06-17,MIDDAY,782,3,3,0.04,1349,1,1,0
2025-06-17,EVENING,629,5,0,0.02,2349,2,1,1
2025-06-18,MIDDAY,158,1,1,0.05,2349,0,0,0
2025-06-18,EVENING,659,6,1,0.05,2349,1,1,0
2025-06-19,MIDDAY,970,4,1,0.05,2359,1,1,0
2025-06-19,EVENING,338,5,1,0.05,3459,2,1,1
2025-06-20,MIDDAY,508,4,0,0.02,3459,2,1,1
2025-06-20,EVENING,621,1,2,0.09,3459,0,0,0
2025-06-21,MIDDAY,640,3,0,0.02,3459,2,1,1
2025-06-21,EVENING,110,2,1,0.05,3459,0,0,0
2025-06-22,MIDDAY,272,6,1,0.05,1345,0,0,0
2025-06-22,EVENING,592,1,1,0.05,2459,3,1,1
2025-06-23,MIDDAY,891,7,1,0.05,1259,2,1,1
2025-06-23,EVENING,043,9,2,0.09,1259,1,1,0
2025-06-24,MIDDAY,176,4,1,0.05,1259,1,1,0
2025-06-24,EVENING,909,9,1,0.05,1239,1,1,0
2025-06-25,MIDDAY,711,1,0,0.02,1239,1,1,0
2025-06-25,EVENING,019,0,0,0.02,1379,2,1,1
2025-06-26,MIDDAY,486,1,1,0.05,0129,1,1,0
2025-06-26,EVENING,169,1,1,0.05,0149,2,1,1
2025-06-27,MIDDAY,185,3,2,0.09,0149,1,1,0
2025-06-27,EVENING,827,3,1,0.05,0149,0,0,0
2025-06-28,MIDDAY,819,7,2,0.09,1489,3,1,1
2025-06-28,EVENING,740,0,2,0.09,1489,1,1,0
2025-06-29,MIDDAY,210,2,1,0.05,1789,1,1,0
2025-06-29,EVENING,697,0,1,0.05,1789,2,1,1
2025-06-30,MIDDAY,229,1,1,0.05,0179,2,1,1
2025-06-30,EVENING,669,2,1,0.05,0179,1,1,0
2025-07-01,MIDDAY,191,5,2,0.09,0179,2,1,1
2025-07-01,EVENING,471,9,1,0.05,0179,3,1,1
2025-07-02,MIDDAY,404,7,2,0.09,0179,2,1,1
2025-07-02,EVENING,646,2,2,0.09,0179,0,0,0
2025-07-03,MIDDAY,995,1,1,0.05,0179,2,1,1
2025-07-03,EVENING,873,2,0,0.02,0179,1,1,0
2025-07-04,MIDDAY,533,4,0,0.02,1279,0,0,0
2025-07-04,EVENING,161,7,1,0.05,1479,2,1,1
2025-07-05,MIDDAY,893,1,0,0.02,1479,2,1,1
2025-07-05,EVENING,430,3,1,0.05,1479,1,1,0
2025-07-06,MIDDAY,548,9,1,0.05,1479,2,1,1
2025-07-06,EVENING,053,1,1,0.05,1479,1,1,0
2025-07-07,MIDDAY,853,9,1,0.05,1479,1,1,0
2025-07-07,EVENING,636,2,2,0.09,1349,1,1,0
2025-07-08,MIDDAY,429,9,1,0.05,1389,1,1,0
2025-07-08,EVENING,751,7,1,0.05,1349,1,1,0
2025-07-09,MIDDAY,324,8,0,0.02,1359,1,1,0
2025-07-09,EVENING,914,1,0,0.02,1349,3,1,1
2025-07-10,MIDDAY,946,1,1,0.05,1349,3,1,1
2025-07-10,EVENING,586,3,3,0.04,0149,0,0,0
2025-07-11,MIDDAY,369,3,1,0.05,1349,2,1,1
2025-07-11,EVENING,206,5,2,0.09,1349,0,0,0
2025-07-12,MIDDAY,017,8,1,0.05,1349,1,1,0
2025-07-12,EVENING,871,3,1,0.05,1349,2,1,1
2025-07-13,MIDDAY,843,6,3,0.04,1349,2,1,1
2025-07-13,EVENING,743,6,2,0.09,1349,2,1,1
2025-07-14,MIDDAY,097,5,3,0.04,1349,1,1,0
2025-07-14,EVENING,759,0,1,0.05,1349,1,1,0
2025-07-15,MIDDAY,526,4,4,0.08,0139,0,0,0
2025-07-15,EVENING,085,7,1,0.05,1369,0,0,0
2025-07-16,MIDDAY,083,4,1,0.05,3579,1,1,0
2025-07-16,EVENING,166,9,2,0.09,3459,1,1,0
2025-07-17,MIDDAY,723,1,0,0.02,1349,2,1,1
2025-07-17,EVENING,622,2,1,0.05,1349,0,0,0
2025-07-18,MIDDAY,395,6,1,0.05,3469,3,1,1
2025-07-18,EVENING,441,7,1,0.05,3569,0,0,0
2025-07-19,MIDDAY,303,3,0,0.02,1369,1,1,0
2025-07-19,EVENING,056,2,0,0.02,3679,1,1,0
2025-07-20,MIDDAY,613,0,1,0.05,1367,3,1,1
2025-07-20,EVENING,156,1,2,0.09,0136,2,1,1
2025-07-21,MIDDAY,910,5,2,0.09,1356,2,1,1
2025-07-21,EVENING,549,6,2,0.09,1356,2,1,1
2025-07-22,MIDDAY,436,6,2,0.09,1356,2,1,1
2025-07-22,EVENING,765,4,2,0.09,1356,2,1,1
2025-07-23,MIDDAY,761,0,2,0.09,1356,2,1,1
2025-07-23,EVENING,624,6,2,0.09,0156,1,1,0
2025-07-24,MIDDAY,694,2,1,0.05,0156,1,1,0
2025-07-24,EVENING,677,0,3,0.04,1456,1,1,0
2025-07-25,MIDDAY,495,2,1,0.05,4567,2,1,1
2025-07-25,EVENING,995,4,0,0.02,4569,3,1,1
2025-07-26,MIDDAY,402,0,3,0.04,4569,1,1,0
2025-07-26,EVENING,357,8,1,0.05,0456,1,1,0
2025-07-27,MIDDAY,671,9,0,0.02,0456,1,1,0
2025-07-27,EVENING,888,4,1,0.05,4569,1,1,0
2025-07-28,MIDDAY,879,8,0,0.02,4569,1,1,0
2025-07-28,EVENING,937,3,1,0.05,4569,1,1,0
2025-07-29,MIDDAY,206,1,2,0.09,4679,1,1,0
2025-07-29,EVENING,112,5,0,0.02,4679,0,0,0
2025-07-30,MIDDAY,905,2,2,0.09,4569,2,1,1
2025-07-30,EVENING,118,7,2,0.09,4569,0,0,0
2025-07-31,MIDDAY,936,4,0,0.02,5679,2,1,1
2025-07-31,EVENING,592,6,0,0.02,4569,3,1,1
2025-08-01,MIDDAY,597,8,2,0.09,4569,2,1,1
2025-08-01,EVENING,477,6,2,0.09,5679,2,1,1
2025-08-02,MIDDAY,327,3,1,0.05,5679,1,1,0
2025-08-02,EVENING,433,4,1,0.05,5679,0,0,0
2025-08-03,MIDDAY,201,6,1,0.05,4679,1,1,0
2025-08-03,EVENING,894,3,0,0.02,4679,2,1,1
2025-08-04,MIDDAY,375,6,0,0.02,4679,2,1,1
2025-08-04,EVENING,752,7,1,0.05,4679,1,1,0
2025-08-05,MIDDAY,582,4,2,0.09,2679,1,1,0
2025-08-05,EVENING,085,8,2,0.09,2567,1,1,0
2025-08-06,MIDDAY,824,0,2,0.09,4567,1,1,0
2025-08-06,EVENING,516,8,2,0.09,2457,1,1,0
2025-08-07,MIDDAY,364,2,1,0.05,2457,2,1,1
2025-08-07,EVENING,022,3,1,0.05,2456,1,1,0
2025-08-08,MIDDAY,240,6,2,0.09,2567,2,1,1
2025-08-08,EVENING,299,4,2,0.09,2456,2,1,1
2025-08-09,MIDDAY,471,8,2,0.09,2456,1,1,0
2025-08-09,EVENING,790,4,1,0.05,2456,1,1,0
2025-08-10,MIDDAY,558,7,2,0.09,2456,1,1,0
2025-08-10,EVENING,205,9,1,0.05,2456,2,1,1
2025-08-11,MIDDAY,499,1,1,0.05,2456,1,1,0
2025-08-11,EVENING,450,0,1,0.05,2459,2,1,1
2025-08-12,MIDDAY,879,5,1,0.05,0245,1,1,0
2025-08-12,EVENING,323,7,1,0.05,2459,1,1,0
2025-08-13,MIDDAY,764,9,1,0.05,2457,2,1,1
2025-08-13,EVENING,522,0,1,0.05,2457,2,1,1
2025-08-14,MIDDAY,195,3,0,0.02,2457,1,1,0
2025-08-14,EVENING,141,9,1,0.05,2457,1,1,0
2025-08-15,MIDDAY,300,6,2,0.09,2459,0,0,0
2025-08-15,EVENING,687,6,0,0.02,2459,0,0,0
2025-08-16,MIDDAY,667,4,1,0.05,4579,2,1,1
2025-08-16,EVENING,412,8,2,0.09,2457,2,1,1
2025-08-17,MIDDAY,107,7,1,0.05,2457,1,1,0
2025-08-17,EVENING,021,0,1,0.05,0247,2,1,1
2025-08-18,MIDDAY,444,1,2,0.09,0247,1,1,0
2025-08-18,EVENING,337,3,1,0.05,0247,1,1,0
2025-08-19,MIDDAY,385,7,0,0.02,1247,1,1,0
2025-08-19,EVENING,533,5,2,0.09,0247,0,0,0
2025-08-20,MIDDAY,013,0,2,0.09,2457,0,0,0
2025-08-20,EVENING,227,1,1,0.05,1457,2,1,1
2025-08-21,MIDDAY,394,2,1,0.05,1247,2,1,1
2025-08-21,EVENING,646,6,1,0.05,1247,1,1,0
2025-08-22,MIDDAY,876,6,1,0.05,1247,1,1,0
2025-08-22,EVENING,063,7,1,0.05,1347,2,1,1
2025-08-23,MIDDAY,333,0,2,0.09,1347,1,1,0
2025-08-23,EVENING,421,6,2,0.09,0347,1,1,0
2025-08-24,MIDDAY,419,4,0,0.02,3467,1,1,0
2025-08-24,EVENING,152,0,2,0.09,1347,1,1,0
2025-08-25,MIDDAY,828,3,1,0.05,1347,1,1,0
2025-08-25,EVENING,960,6,1,0.05,1234,0,0,0
2025-08-26,MIDDAY,010,7,0,0.02,1234,1,1,0
2025-08-26,EVENING,466,0,1,0.05,0147,2,1,1
2025-08-27,MIDDAY,545,0,1,0.05,0147,2,1,1
2025-08-27,EVENING,158,2,2,0.09,0146,1,1,0
2025-08-28,MIDDAY,061,1,1,0.05,0124,2,1,1
2025-08-28,EVENING,394,7,1,0.05,0124,1,1,0
2025-08-29,MIDDAY,336,6,0,0.02,0124,0,0,0
2025-08-29,EVENING,287,3,1,0.05,0134,1,1,0
2025-08-30,MIDDAY,401,3,1,0.05,0134,4,1,1
2025-08-30,EVENING,040,6,1,0.05,0134,2,1,1
2025-08-31,MIDDAY,039,6,2,0.09,0134,2,1,1
2025-08-31,EVENING,413,4,2,0.09,0346,2,1,1
2025-09-01,MIDDAY,742,2,1,0.05,0134,1,1,0
2025-09-01,EVENING,627,1,1,0.05,0134,1,1,0
2025-09-02,MIDDAY,837,5,2,0.09,0346,1,1,0
2025-09-02,EVENING,855,0,1,0.05,0347,1,1,0
2025-09-03,MIDDAY,636,5,2,0.09,0346,2,1,1
2025-09-03,EVENING,905,8,1,0.05,0346,1,1,0
2025-09-04,MIDDAY,647,9,1,0.05,0346,2,1,1
2025-09-04,EVENING,447,8,1,0.05,0346,1,1,0
2025-09-05,MIDDAY,146,2,2,0.09,0346,2,1,1
2025-09-05,EVENING,959,6,1,0.05,0467,1,1,0
2025-09-06,MIDDAY,198,0,1,0.05,0467,1,1,0
2025-09-06,EVENING,580,8,1,0.05,0346,1,1,0
2025-09-07,MIDDAY,099,7,2,0.09,0146,1,1,0
2025-09-07,EVENING,341,6,1,0.05,0467,2,1,1
2025-09-08,MIDDAY,048,4,0,0.02,0346,2,1,1
2025-09-08,EVENING,061,8,1,0.05,0468,3,1,1
2025-09-09,MIDDAY,188,6,2,0.09,0468,2,1,1
2025-09-09,EVENING,787,6,3,0.04,0146,1,1,0
2025-09-10,MIDDAY,024,7,2,0.09,0468,2,1,1
2025-09-10,EVENING,521,3,1,0.05,0468,0,0,0
2025-09-11,MIDDAY,213,1,1,0.05,0168,1,1,0
2025-09-11,EVENING,671,4,3,0.04,0146,3,1,1
2025-09-12,MIDDAY,507,9,1,0.05,0146,1,1,0
2025-09-12,EVENING,390,7,1,0.05,0167,2,1,1
2025-09-13,MIDDAY,675,6,3,0.04,0167,2,1,1
2025-09-13,EVENING,294,2,1,0.05,0167,0,0,0
2025-09-14,MIDDAY,413,9,0,0.02,0167,1,1,0
2025-09-14,EVENING,444,4,2,0.09,0467,1,1,0
2025-09-15,MIDDAY,778,7,1,0.05,0467,1,1,0
2025-09-15,EVENING,253,6,0,0.02,1467,1,1,0
2025-09-16,MIDDAY,281,0,0,0.02,0467,1,1,0
2025-09-16,EVENING,169,2,1,0.05,1467,2,1,1
2025-09-17,MIDDAY,416,4,2,0.09,0146,3,1,1
2025-09-17,EVENING,373,9,2,0.09,0146,0,0,0
2025-09-18,MIDDAY,758,7,0,0.02,1467,1,1,0
2025-09-18,EVENING,584,9,1,0.05,1467,1,1,0
2025-09-19,MIDDAY,764,0,2,0.09,1467,3,1,1
2025-09-19,EVENING,067,9,1,0.05,1467,2,1,1
2025-09-20,MIDDAY,718,5,3,0.04,1467,2,1,1
2025-09-20,EVENING,601,4,1,0.05,1467,3,1,1
2025-09-21,MIDDAY,250,7,1,0.05,1467,1,1,0
2025-09-21,EVENING,914,8,1,0.05,1467,2,1,1
2025-09-22,MIDDAY,808,6,0,0.02,1467,1,1,0
2025-09-22,EVENING,516,2,1,0.05,0467,1,1,0
2025-09-23,MIDDAY,637,7,1,0.05,1467,2,1,1
2025-09-23,EVENING,992,7,1,0.05,1467,1,1,0
2025-09-24,MIDDAY,896,7,1,0.05,0167,2,1,1
2025-09-24,EVENING,693,8,2,0.09,6789,3,1,1
2025-09-25,MIDDAY,938,7,3,0.04,1679,2,1,1
2025-09-25,EVENING,571,5,3,0.04,6789,1,1,0
2025-09-26,MIDDAY,681,7,1,0.05,6789,3,1,1
2025-09-26,EVENING,548,6,2,0.09,6789,2,1,1
2025-09-27,MIDDAY,175,4,2,0.09,6789,1,1,0
2025-09-27,EVENING,086,0,2,0.09,1678,2,1,1
2025-09-28,MIDDAY,128,8,0,0.02,1678,2,1,1
2025-09-28,EVENING,574,6,1,0.05,1678,2,1,1
2025-09-29,MIDDAY,235,4,0,0.02,1678,0,0,0
2025-09-29,EVENING,700,5,2,0.09,1678,1,1,0
2025-09-30,MIDDAY,943,5,1,0.05,5678,1,1,0
2025-09-30,EVENING,580,5,1,0.05,5678,2,1,1
2025-10-01,MIDDAY,859,3,1,0.05,5678,2,1,1
2025-10-01,EVENING,509,1,2,0.09,5678,1,1,0
2025-10-02,MIDDAY,073,0,2,0.09,5678,1,1,0
2025-10-02,EVENING,043,5,1,0.05,5678,1,1,0
2025-10-03,MIDDAY,880,2,2,0.09,5678,1,1,0
2025-10-03,EVENING,083,7,1,0.05,0578,3,1,1
2025-10-04,MIDDAY,393,8,2,0.09,0578,1,1,0
2025-10-04,EVENING,054,8,2,0.09,3578,2,1,1
2025-10-05,MIDDAY,475,8,1,0.05,0578,3,1,1
2025-10-05,EVENING,269,5,3,0.04,0578,1,1,0
2025-10-06,MIDDAY,680,7,1,0.05,0578,3,1,1
2025-10-06,EVENING,913,2,1,0.05,0578,0,0,0
2025-10-07,MIDDAY,280,3,0,0.02,0578,2,1,1
2025-10-07,EVENING,132,6,2,0.09,0578,0,0,0
2025-10-08,MIDDAY,138,6,2,0.09,0578,1,1,0
2025-10-08,EVENING,862,5,3,0.04,0358,2,1,1
2025-10-09,MIDDAY,150,3,2,0.09,3568,2,1,1
2025-10-09,EVENING,395,9,1,0.05,0358,2,1,1
2025-10-10,MIDDAY,770,6,2,0.09,0358,1,1,0
2025-10-10,EVENING,843,6,0,0.02,0358,2,1,1
2025-10-11,MIDDAY,385,4,1,0.05,0358,3,1,1
2025-10-11,EVENING,210,5,3,0.04,0358,2,1,1
2025-10-12,MIDDAY,338,8,1,0.05,0358,2,1,1
2025-10-12,EVENING,104,3,0,0.02,0358,2,1,1
2025-10-13,MIDDAY,192,9,1,0.05,0358,0,0,0
2025-10-13,EVENING,160,2,1,0.05,0358,1,1,0
2025-10-14,MIDDAY,974,9,2,0.09,0358,0,0,0
2025-10-14,EVENING,966,8,0,0.02,0358,1,1,0
2025-10-15,MIDDAY,743,7,1,0.05,0368,1,1,0
2025-10-15,EVENING,090,2,0,0.02,0368,1,1,0
2025-10-16,MIDDAY,726,6,0,0.02,0238,1,1,0
2025-10-16,EVENING,141,3,1,0.05,2368,1,1,0
2025-10-17,MIDDAY,508,2,0,0.02,2368,2,1,1
2025-10-17,EVENING,839,4,0,0.02,2368,2,1,1
2025-10-18,MIDDAY,248,3,1,0.05,2368,3,1,1
2025-10-18,EVENING,820,9,3,0.04,0238,3,1,1
2025-10-19,MIDDAY,736,6,2,0.09,0238,1,1,0
2025-10-19,EVENING,230,5,0,0.02,0238,3,1,1
2025-10-20,MIDDAY,677,5,1,0.05,0238,0,0,0
2025-10-20,EVENING,722,9,1,0.05,0238,1,1,0
2025-10-21,MIDDAY,122,8,1,0.05,0238,2,1,1
2025-10-21,EVENING,969,4,1,0.05,0238,0,0,0
2025-10-22,MIDDAY,763,6,0,0.02,2389,1,1,0
2025-10-22,EVENING,813,7,1,0.05,2368,2,1,1
2025-10-23,MIDDAY,329,0,2,0.09,2378,2,1,1
2025-10-23,EVENING,785,2,1,0.05,2389,2,1,1
2025-10-24,MIDDAY,471,7,1,0.05,2378,1,1,0
2025-10-24,EVENING,043,5,1,0.05,2378,1,1,0
2025-10-25,MIDDAY,381,6,1,0.05,2378,2,1,1
2025-10-25,EVENING,089,7,1,0.05,2378,2,1,1
2025-10-26,MIDDAY,444,8,1,0.05,2378,1,1,0
2025-10-26,EVENING,524,0,1,0.05,2378,1,1,0
2025-10-27,MIDDAY,261,0,1,0.05,2378,1,1,0
2025-10-27,EVENING,066,5,2,0.09,0238,1,1,0
2025-10-28,MIDDAY,377,0,2,0.09,0238,2,1,1
2025-10-28,EVENING,479,3,1,0.05,0238,1,1,0
2025-10-29,MIDDAY,574,9,2,0.09,0238,0,0,0
2025-10-29,EVENING,409,5,3,0.04,0378,1,1,0
2025-10-30,MIDDAY,768,0,3,0.04,0347,2,1,1
2025-10-30,EVENING,125,3,1,0.05,0378,1,1,0
2025-10-31,MIDDAY,317,3,0,0.02,0237,2,1,1
2025-10-31,EVENING,196,8,2,0.09,0357,0,0,0
2025-11-01,MIDDAY,463,9,1,0.05,0357,1,1,0
2025-11-01,EVENING,285,2,2,0.09,0367,0,0,0
2025-11-02,MIDDAY,127,8,0,0.02,3789,2,1,1
2025-11-02,EVENING,504,7,2,0.09,3478,2,1,1
2025-11-03,MIDDAY,464,8,1,0.05,0347,1,1,0
2025-11-03,EVENING,227,3,1,0.05,3478,2,1,1
2025-11-04,MIDDAY,000,0,0,0.02,3478,0,0,0
2025-11-04,EVENING,952,6,0,0.02,0347,0,0,0
2025-11-05,MIDDAY,271,5,0,0.02,2478,2,1,1
2025-11-05,EVENING,650,5,2,0.09,0247,1,1,0
2025-11-06,MIDDAY,487,6,1,0.05,0257,1,1,0
2025-11-06,EVENING,470,0,1,0.05,0267,2,1,1
2025-11-07,MIDDAY,657,2,2,0.09,0247,2,1,1
2025-11-07,EVENING,083,5,1,0.05,0567,2,1,1
2025-11-08,MIDDAY,931,7,1,0.05,0567,1,1,0
2025-11-08,EVENING,937,5,1,0.05,0567,2,1,1
2025-11-09,MIDDAY,130,4,3,0.04,0357,2,1,1
2025-11-09,EVENING,262,1,1,0.05,0357,0,0,0
2025-11-10,MIDDAY,597,4,1,0.05,3567,2,1,1
2025-11-10,EVENING,416,7,0,0.02,3457,2,1,1
2025-11-11,MIDDAY,507,9,2,0.09,4567,2,1,1
2025-11-11,EVENING,452,3,1,0.05,3567,2,1,1
2025-11-12,MIDDAY,640,3,1,0.05,3457,2,1,1
2025-11-12,EVENING,991,3,2,0.09,3457,1,1,0
2025-11-13,MIDDAY,224,9,1,0.05,3457,1,1,0
2025-11-13,EVENING,169,5,1,0.05,3457,1,1,0
2025-11-14,MIDDAY,799,8,1,0.05,4567,1,1,0
2025-11-14,EVENING,518,8,1,0.05,4579,1,1,0
2025-11-15,MIDDAY,477,3,1,0.05,4579,2,1,1
2025-11-15,EVENING,463,3,0,0.02,3457,2,1,1
2025-11-16,MIDDAY,228,2,2,0.09,3457,0,0,0
2025-11-16,EVENING,526,5,0,0.02,3457,1,1,0
2025-11-17,MIDDAY,610,2,1,0.05,4567,1,1,0
2025-11-17,EVENING,909,8,2,0.09,4567,0,0,0
2025-11-18,MIDDAY,688,7,1,0.05,4567,2,1,1
2025-11-18,EVENING,531,7,1,0.05,4567,2,1,1
2025-11-19,MIDDAY,649,0,1,0.05,3567,1,1,0
2025-11-19,EVENING,366,7,0,0.02,4567,2,1,1
2025-11-20,MIDDAY,255,9,1,0.05,3467,0,0,0
2025-11-20,EVENING,184,0,0,0.02,5679,0,0,0
2025-11-21,MIDDAY,801,6,0,0.02,5679,1,1,0
2025-11-21,EVENING,152,2,3,0.04,1467,1,1,0
2025-11-22,MIDDAY,185,1,1,0.05,1567,2,1,1
2025-11-22,EVENING,582,2,2,0.09,1567,1,1,0
2025-11-23,MIDDAY,799,8,2,0.09,1568,1,1,0
2025-11-23,EVENING,730,0,1,0.05,1568,0,0,0
2025-11-24,MIDDAY,168,5,1,0.05,1568,4,1,1
2025-11-24,EVENING,366,0,0,0.02,1568,1,1,0
2025-11-25,MIDDAY,836,0,1,0.05,1568,2,1,1
2025-11-25,EVENING,998,0,3,0.04,1568,1,1,0
2025-11-26,MIDDAY,754,9,2,0.09,0568,1,1,0
2025-11-26,EVENING,040,1,1,0.05,5678,0,0,0
2025-11-27,MIDDAY,653,4,1,0.05,0568,2,1,1
2025-11-27,EVENING,925,6,1,0.05,0568,2,1,1
2025-11-28,MIDDAY,179,3,2,0.09,0568,0,0,0
2025-11-28,EVENING,574,1,1,0.05,0568,1,1,0
2025-11-29,MIDDAY,088,4,2,0.09,0156,1,1,0
2025-11-29,EVENING,212,3,1,0.05,0156,1,1,0
2025-11-30,MIDDAY,152,9,0,0.02,0158,2,1,1
2025-11-30,EVENING,169,0,2,0.09,1568,2,1,1
2025-12-01,MIDDAY,763,9,2,0.09,1569,2,1,1
2025-12-01,EVENING,511,7,2,0.09,1569,2,1,1
2025-12-02,MIDDAY,019,0,1,0.05,1569,2,1,1
2025-12-02,EVENING,719,8,1,0.05,0159,2,1,1
2025-12-03,MIDDAY,918,6,2,0.09,0159,2,1,1
2025-12-03,EVENING,370,8,3,0.04,1569,0,0,0
2025-12-04,MIDDAY,085,7,1,0.05,1589,2,1,1
2025-12-04,EVENING,251,5,3,0.04,1789,1,1,0
2025-12-05,MIDDAY,189,7,1,0.05,1579,3,1,1
2025-12-05,EVENING,939,6,1,0.05,1789,1,1,0
2025-12-06,MIDDAY,701,6,1,0.05,1789,2,1,1
2025-12-06,EVENING,142,6,1,0.05,1789,1,1,0
2025-12-07,MIDDAY,129,0,2,0.09,1679,2,1,1
2025-12-07,EVENING,247,6,2,0.09,0179,1,1,0
2025-12-08,MIDDAY,929,5,1,0.05,1679,1,1,0
2025-12-08,EVENING,652,6,1,0.05,1679,1,1,0
2025-12-09,MIDDAY,881,2,2,0.09,1679,1,1,0
2025-12-09,EVENING,486,2,1,0.05,1269,2,1,1
2025-12-10,MIDDAY,695,8,2,0.09,1269,2,1,1
2025-12-10,EVENING,144,6,2,0.09,1269,2,1,1
2025-12-11,MIDDAY,770,3,1,0.05,1269,0,0,0
2025-12-11,EVENING,636,7,0,0.02,1269,1,1,0
2025-12-12,MIDDAY,959,5,2,0.09,1269,1,1,0
2025-12-12,EVENING,344,0,0,0.02,1679,0,0,0
2025-12-13,MIDDAY,081,0,0,0.02,1679,1,1,0
2025-12-13,EVENING,473,7,1,0.05,1689,0,0,0
2025-12-14,MIDDAY,044,0,0,0.02,1678,0,0,0
2025-12-14,EVENING,698,5,1,0.05,0168,2,1,1
2025-12-15,MIDDAY,596,2,0,0.02,1689,2,1,1
2025-12-15,EVENING,225,1,3,0.04,1689,1,1,0
2025-12-16,MIDDAY,515,3,2,0.09,1256,2,1,1
2025-12-16,EVENING,151,9,2,0.09,1569,3,1,1
2025-12-17,MIDDAY,999,1,2,0.09,1569,2,1,1
2025-12-17,EVENING,890,6,2,0.09,1569,2,1,1
2025-12-18,MIDDAY,748,1,1,0.05,1569,1,1,0
2025-12-18,EVENING,912,1,1,0.05,1569,2,1,1
2025-12-19,MIDDAY,821,1,1,0.05,1569,1,1,0
2025-12-19,EVENING,255,4,2,0.09,1259,2,1,1
2025-12-20,MIDDAY,705,2,1,0.05,1259,2,1,1
2025-12-20,EVENING,349,5,2,0.09,1259,2,1,1
2025-12-21,MIDDAY,108,6,1,0.05,1259,1,1,0
2025-12-21,EVENING,744,8,0,0.02,1589,1,1,0
2025-12-22,MIDDAY,593,5,1,0.05,1589,2,1,1
2025-12-22,EVENING,530,3,0,0.02,1589,1,1,0
2025-12-23,MIDDAY,287,5,2,0.09,0159,1,1,0
2025-12-23,EVENING,735,4,1,0.05,1589,1,1,0
2025-12-24,MIDDAY,570,4,2,0.09,1589,1,1,0
2025-12-24,EVENING,098,4,3,0.04,1459,2,1,1
2025-12-25,MIDDAY,176,7,2,0.09,1459,1,1,0
2025-12-25,EVENING,309,5,0,0.02,1589,2,1,1
2025-12-26,MIDDAY,809,6,0,0.02,1579,1,1,0
2025-12-26,EVENING,743,4,2,0.09,0589,0,0,0
2025-12-27,MIDDAY,564,1,0,0.02,1589,2,1,1
2025-12-27,EVENING,925,3,1,0.05,1459,2,1,1
2025-12-28,MIDDAY,202,5,1,0.05,1459,1,1,0
2025-12-28,EVENING,419,6,2,0.09,0459,2,1,1
2025-12-29,MIDDAY,935,8,0,0.02,1459,2,1,1
2025-12-29,EVENING,287,7,1,0.05,1459,0,0,0
2025-12-30,MIDDAY,418,5,1,0.05,4589,3,1,1
2025-12-30,EVENING,523,6,1,0.05,4589,1,1,0
2025-12-31,MIDDAY,809,2,1,0.05,2459,2,1,1
2025-12-31,EVENING,119,8,1,0.05,2459,1,1,0
2026-01-01,MIDDAY,799,8,2,0.09,4589,2,1,1
2026-01-01,EVENING,468,2,2,0.09,4589,2,1,1
2026-01-02,MIDDAY,026,9,1,0.05,4589,1,1,0
2026-01-02,EVENING,994,1,2,0.09,4589,2,1,1
2026-01-03,MIDDAY,856,1,1,0.05,4589,2,1,1
2026-01-03,EVENING,666,1,1,0.05,4589,0,0,0
2026-01-04,MIDDAY,408,2,2,0.09,5689,1,1,0
2026-01-04,EVENING,679,0,0,0.02,4589,1,1,0
2026-01-05,MIDDAY,332,3,1,0.05,4589,0,0,0
2026-01-05,EVENING,020,0,0,0.02,5689,0,0,0
2026-01-06,MIDDAY,172,7,1,0.05,2689,1,1,0
2026-01-06,EVENING,195,7,1,0.05,1289,2,1,1
2026-01-07,MIDDAY,556,7,2,0.09,1259,1,1,0
2026-01-07,EVENING,002,9,2,0.09,1259,2,1,1
2026-01-08,MIDDAY,516,0,0,0.02,1259,2,1,1
2026-01-08,EVENING,220,8,1,0.05,1259,1,1,0
2026-01-09,MIDDAY,157,0,1,0.05,0259,2,1,1
2026-01-09,EVENING,743,9,1,0.05,0125,0,0,0
2026-01-10,MIDDAY,944,2,1,0.05,1259,2,1,1
2026-01-10,EVENING,624,1,2,0.09,0259,1,1,0
2026-01-11,MIDDAY,282,8,2,0.09,0129,1,1,0
2026-01-11,EVENING,046,7,1,0.05,0129,1,1,0
2026-01-12,MIDDAY,712,2,0,0.02,0269,1,1,0
2026-01-12,EVENING,756,5,1,0.05,0129,0,0,0
2026-01-13,MIDDAY,183,5,1,0.05,0127,1,1,0
2026-01-13,EVENING,224,8,1,0.05,1257,1,1,0
2026-01-14,MIDDAY,239,1,1,0.05,1257,2,1,1
2026-01-14,EVENING,986,2,1,0.05,1279,2,1,1
2026-01-15,MIDDAY,429,8,2,0.09,1269,2,1,1
2026-01-15,EVENING,701,2,3,0.04,1289,2,1,1
2026-01-16,MIDDAY,224,1,1,0.05,1279,2,1,1
2026-01-16,EVENING,706,8,2,0.09,1279,1,1,0
2026-01-17,MIDDAY,098,3,0,0.02,1278,1,1,0
2026-01-17,EVENING,339,3,2,0.09,1289,1,1,0
2026-01-18,MIDDAY,674,9,2,0.09,1289,1,1,0
2026-01-18,EVENING,174,9,1,0.05,1279,3,1,1
2026-01-19,MIDDAY,497,0,3,0.04,1279,2,1,1
2026-01-19,EVENING,409,7,3,0.04,2479,3,1,1
2026-01-20,MIDDAY,180,5,4,0.08,0129,2,1,1
2026-01-20,EVENING,745,0,1,0.05,2479,2,1,1
2026-01-21,MIDDAY,133,6,2,0.09,2479,0,0,0
2026-01-21,EVENING,750,2,0,0.02,2479,2,1,1
2026-01-22,MIDDAY,154,3,0,0.02,2479,1,1,0
2026-01-22,EVENING,287,2,1,0.05,2479,2,1,1
2026-01-23,MIDDAY,786,7,0,0.02,1247,1,1,0
2026-01-23,EVENING,246,2,2,0.09,2478,2,1,1
2026-01-24,MIDDAY,534,5,1,0.05,0247,1,1,0
2026-01-24,EVENING,581,6,1,0.05,1247,1,1,0
2026-01-25,MIDDAY,427,0,1,0.05,2478,3,1,1
2026-01-25,EVENING,672,3,0,0.02,2478,2,1,1
2026-01-26,MIDDAY,598,7,2,0.09,2467,1,1,0
2026-01-26,EVENING,532,2,1,0.05,2478,1,1,0
2026-01-27,MIDDAY,115,3,1,0.05,2478,0,0,0
2026-01-27,EVENING,038,3,2,0.09,2457,0,0,0
2026-01-28,MIDDAY,422,9,1,0.05,0247,2,1,1
2026-01-28,EVENING,575,1,0,0.02,2457,2,1,1
2026-01-29,MIDDAY,466,7,0,0.02,2457,2,1,1
2026-01-29,EVENING,067,4,1,0.05,2457,2,1,1
2026-01-30,MIDDAY,387,2,3,0.04,0247,2,1,1
2026-01-30,EVENING,154,5,1,0.05,2457,2,1,1
2026-01-31,MIDDAY,639,5,0,0.02,2457,1,1,0
2026-01-31,EVENING,209,7,1,0.05,2457,2,1,1
2026-02-01,MIDDAY,417,2,1,0.05,2457,3,1,1
2026-02-01,EVENING,781,3,2,0.09,2457,1,1,0
2026-02-02,MIDDAY,617,8,2,0.09,2457,1,1,0
2026-02-02,EVENING,730,8,3,0.04,1247,1,1,0
2026-02-03,MIDDAY,516,0,2,0.09,2347,0,0,0
2026-02-03,EVENING,922,3,1,0.05,1347,1,1,0
2026-02-04,MIDDAY,631,7,0,0.02,1237,3,1,1
2026-02-04,EVENING,359,8,1,0.05,1367,1,1,0
2026-02-05,MIDDAY,649,3,1,0.05,1237,1,1,0
2026-02-05,EVENING,535,5,2,0.09,1367,1,1,0
2026-02-06,MIDDAY,480,6,1,0.05,1357,0,0,0
2026-02-06,EVENING,735,6,0,0.02,3678,3,1,1
2026-02-07,MIDDAY,540,1,1,0.05,3567,1,1,0
2026-02-07,EVENING,385,2,1,0.05,3567,2,1,1
2026-02-08,MIDDAY,845,6,1,0.05,3567,2,1,1
2026-02-08,EVENING,508,5,2,0.09,3567,1,1,0
2026-02-09,MIDDAY,062,8,2,0.09,3578,1,1,0
2026-02-09,EVENING,231,3,2,0.09,3567,1,1,0
2026-02-10,MIDDAY,735,0,1,0.05,3567,3,1,1
2026-02-10,EVENING,961,0,1,0.05,3567,1,1,0
2026-02-11,MIDDAY,709,7,1,0.05,3567,1,1,0
2026-02-11,EVENING,990,1,2,0.09,0357,1,1,0
2026-02-12,MIDDAY,736,9,2,0.09,0357,2,1,1
2026-02-12,EVENING,855,5,1,0.05,0357,1,1,0
2026-02-13,MIDDAY,144,0,0,0.02,0357,1,1,0
2026-02-13,EVENING,212,0,0,0.02,0357,1,1,0
2026-02-14,MIDDAY,212,2,2,0.09,0135,1,1,0
2026-02-14,EVENING,637,5,2,0.09,0135,2,1,1
2026-02-15,MIDDAY,200,9,0,0.02,0356,1,1,0
2026-02-15,EVENING,420,2,0,0.02,0356,1,1,0
2026-02-16,MIDDAY,321,8,2,0.09,0356,1,1,0
2026-02-16,EVENING,411,8,1,0.05,0135,1,1,0
2026-02-17,MIDDAY,487,2,2,0.09,0135,0,0,0
2026-02-17,EVENING,553,9,2,0.09,0123,1,1,0
2026-02-18,MIDDAY,472,3,0,0.02,0135,1,1,0
2026-02-18,EVENING,496,8,1,0.05,0123,0,0,0
2026-02-19,MIDDAY,501,4,1,0.05,0238,1,1,0
2026-02-19,EVENING,606,4,1,0.05,0123,1,1,0
2026-02-20,MIDDAY,914,9,2,0.09,0234,1,1,0
2026-02-20,EVENING,060,4,1,0.05,0134,2,1,1
2026-02-21,MIDDAY,107,6,1,0.05,0134,2,1,1
2026-02-21,EVENING,289,3,2,0.09,0146,0,0,0
2026-02-22,MIDDAY,370,4,0,0.02,0134,3,1,1
2026-02-22,EVENING,796,9,1,0.05,0134,0,0,0
2026-02-23,MIDDAY,585,9,1,0.05,0146,0,0,0
2026-02-23,EVENING,085,5,1,0.05,0149,1,1,0
2026-02-24,MIDDAY,785,2,2,0.09,0149,0,0,0
2026-02-24,EVENING,673,6,2,0.09,0478,1,1,0
2026-02-25,MIDDAY,868,6,1,0.05,0478,1,1,0
2026-02-25,EVENING,760,0,1,0.05,0478,2,1,1
2026-02-26,MIDDAY,514,4,1,0.05,0678,0,0,0
2026-02-26,EVENING,236,3,0,0.02,0468,1,1,0
2026-02-27,MIDDAY,121,9,0,0.02,0468,0,0,0
2026-02-27,EVENING,210,2,1,0.05,0468,1,1,0
2026-02-28,MIDDAY,481,9,2,0.09,0246,1,1,0
2026-02-28,EVENING,535,6,1,0.05,0468,1,1,0
2026-03-01,MIDDAY,575,6,0,0.02,0468,1,1,0
2026-03-01,EVENING,036,4,2,0.09,0456,3,1,1
2026-03-02,MIDDAY,156,7,1,0.05,0456,2,1,1
2026-03-02,EVENING,351,2,1,0.05,0146,1,1,0
2026-03-03,MIDDAY,437,3,2,0.09,0156,0,0,0
2026-03-03,EVENING,080,4,1,0.05,0156,1,1,0
2026-03-04,MIDDAY,509,9,1,0.05,0146,1,1,0
2026-03-04,EVENING,617,0,1,0.05,0456,2,1,1
2026-03-05,MIDDAY,206,0,1,0.05,0567,2,1,1
2026-03-05,EVENING,911,1,2,0.09,0567,0,0,0
2026-03-06,MIDDAY,238,5,0,0.02,0167,0,0,0
2026-03-06,EVENING,035,1,0,0.02,0156,3,1,1
2026-03-07,MIDDAY,324,7,2,0.09,0156,0,0,0
2026-03-07,EVENING,549,8,1,0.05,0156,1,1,0
2026-03-08,MIDDAY,966,0,1,0.05,0156,2,1,1
2026-03-08,EVENING,773,1,1,0.05,0156,1,1,0
2026-03-09,MIDDAY,880,3,0,0.02,0136,2,1,1
2026-03-09,EVENING,660,5,1,0.05,0136,2,1,1
2026-03-10,MIDDAY,971,7,1,0.05,0136,1,1,0
2026-03-10,EVENING,992,1,0,0.02,0135,1,1,0
2026-03-11,MIDDAY,461,7,2,0.09,0136,2,1,1
2026-03-11,EVENING,105,0,1,0.05,0136,2,1,1
2026-03-12,MIDDAY,250,6,1,0.05,0156,3,1,1
2026-03-12,EVENING,840,4,2,0.09,0156,1,1,0
2026-03-13,MIDDAY,576,5,1,0.05,0156,2,1,1
2026-03-13,EVENING,681,4,0,0.02,0156,2,1,1
2026-03-14,MIDDAY,046,5,1,0.05,0156,3,1,1
2026-03-14,EVENING,759,7,2,0.09,0156,1,1,0
2026-03-15,MIDDAY,699,2,1,0.05,0156,1,1,0
2026-03-15,EVENING,413,3,1,0.05,0156,1,1,0
2026-03-16,MIDDAY,571,8,0,0.02,0156,2,1,1
2026-03-16,EVENING,042,0,1,0.05,0156,1,1,0
2026-03-17,MIDDAY,142,1,0,0.02,0156,1,1,0
2026-03-17,EVENING,791,7,2,0.09,0156,1,1,0
2026-03-18,MIDDAY,862,3,1,0.05,0156,1,1,0
2026-03-18,EVENING,373,4,0,0.02,1456,1,1,0
2026-03-19,MIDDAY,741,5,1,0.05,1467,3,1,1
2026-03-19,EVENING,754,3,2,0.09,1457,3,1,1
2026-03-20,MIDDAY,782,5,3,0.04,1457,2,1,1
2026-03-20,EVENING,157,4,2,0.09,1457,4,1,1
2026-03-21,MIDDAY,045,5,2,0.09,1457,2,1,1
2026-03-21,EVENING,112,7,2,0.09,1457,2,1,1
2026-03-22,MIDDAY,122,7,0,0.02,1457,2,1,1
2026-03-22,EVENING,757,0,3,0.04,1457,2,1,1
2026-03-23,MIDDAY,449,2,1,0.05,1457,1,1,0
2026-03-23,EVENING,234,1,0,0.02,1457,2,1,1
2026-03-24,MIDDAY,132,1,2,0.09,1457,1,1,0
2026-03-24,EVENING,019,8,3,0.04,1457,1,1,0
2026-03-25,MIDDAY,046,1,1,0.05,1457,2,1,1
2026-03-25,EVENING,234,7,2,0.09,1457,2,1,1
2026-03-26,MIDDAY,407,1,1,0.05,1247,3,1,1
2026-03-26,EVENING,634,3,2,0.09,1247,1,1,0
2026-03-27,MIDDAY,077,5,1,0.05,1247,1,1,0
2026-03-27,EVENING,985,5,0,0.02,1247,0,0,0
2026-03-28,MIDDAY,231,7,1,0.05,1247,3,1,1
2026-03-28,EVENING,204,1,0,0.02,1247,3,1,1
2026-03-29,MIDDAY,490,8,2,0.09,1247,1,1,0
2026-03-29,EVENING,401,4,2,0.09,0147,3,1,1
2026-03-30,MIDDAY,004,2,2,0.09,0147,2,1,1
2026-03-30,EVENING,831,0,2,0.09,0147,2,1,1
2026-03-31,MIDDAY,228,7,1,0.05,0147,1,1,0
2026-03-31,EVENING,625,0,1,0.05,0147,1,1,0
2026-04-01,MIDDAY,635,2,1,0.05,0124,1,1,0
2026-04-01,EVENING,705,8,3,0.04,0124,1,1,0
2026-04-02,MIDDAY,524,3,1,0.05,0124,2,1,1
2026-04-02,EVENING,409,8,1,0.05,0124,2,1,1
2026-04-03,MIDDAY,756,1,1,0.05,0124,1,1,0
2026-04-03,EVENING,591,0,0,0.02,0124,2,1,1
2026-04-04,MIDDAY,812,5,2,0.09,0124,2,1,1
2026-04-04,EVENING,447,7,2,0.09,0124,1,1,0
2026-04-05,MIDDAY,711,1,0,0.02,0124,1,1,0
2026-04-05,EVENING,341,9,1,0.05,0145,2,1,1
2026-04-06,MIDDAY,851,9,1,0.05,0145,2,1,1
2026-04-06,EVENING,351,1,2,0.09,0145,2,1,1
2026-04-07,MIDDAY,888,4,2,0.09,0145,1,1,0
2026-04-07,EVENING,370,8,0,0.02,0145,1,1,0
2026-04-08,MIDDAY,092,5,1,0.05,0145,2,1,1
2026-04-08,EVENING,314,1,1,0.05,0145,2,1,1
2026-04-09,MIDDAY,493,7,0,0.02,0145,1,1,0
2026-04-09,EVENING,293,6,2,0.09,0145,0,0,0
2026-04-10,MIDDAY,189,4,2,0.09,0134,2,1,1
2026-04-10,EVENING,255,2,1,0.05,1345,1,1,0
2026-04-11,MIDDAY,982,8,0,0.02,1345,0,0,0
2026-04-11,EVENING,324,3,1,0.05,1245,2,1,1
2026-04-12,MIDDAY,644,4,1,0.05,2345,1,1,0
2026-04-12,EVENING,913,8,1,0.05,2345,1,1,0
2026-04-13,MIDDAY,083,0,0,0.02,1345,1,1,0
2026-04-13,EVENING,601,7,2,0.09,1348,1,1,0
2026-04-14,MIDDAY,272,6,1,0.05,1348,0,0,0
2026-04-14,EVENING,597,1,2,0.09,1234,1,1,0
2026-04-15,MIDDAY,660,0,1,0.05,1489,0,0,0
2026-04-15,EVENING,193,4,0,0.02,1239,3,1,1
2026-04-16,MIDDAY,246,2,0,0.02,1349,1,1,0
2026-04-16,EVENING,261,0,1,0.05,1349,1,1,0
2026-04-17,MIDDAY,434,7,2,0.09,1349,2,1,1
2026-04-17,EVENING,501,4,0,0.02,1349,2,1,1
2026-04-18,MIDDAY,428,2,1,0.05,0134,1,1,0
2026-04-18,EVENING,423,8,1,0.05,1234,3,1,1
2026-04-19,MIDDAY,259,3,3,0.04,1234,2,1,1
2026-04-19,EVENING,943,2,2,0.09,1234,3,1,1
2026-04-20,MIDDAY,533,1,3,0.04,0234,1,1,0
2026-04-20,EVENING,189,5,1,0.05,1234,1,1,0
2026-04-21,MIDDAY,049,8,2,0.09,1234,1,1,0
2026-04-21,EVENING,627,1,2,0.09,2349,1,1,0
2026-04-22,MIDDAY,119,4,0,0.02,1234,2,1,1
2026-04-22,EVENING,060,5,1,0.05,1249,0,0,0
2026-04-23,MIDDAY,910,8,0,0.02,1249,2,1,1
2026-04-23,EVENING,618,9,1,0.05,1249,2,1,1
2026-04-24,MIDDAY,139,8,3,0.04,1249,2,1,1
2026-04-24,EVENING,183,4,3,0.04,1489,3,1,1
2026-04-25,MIDDAY,344,8,3,0.04,1389,2,1,1
2026-04-25,EVENING,064,4,3,0.04,1489,1,1,0
2026-04-26,MIDDAY,974,7,1,0.05,1489,2,1,1
2026-04-26,EVENING,661,6,1,0.05,1489,1,1,0
2026-04-27,MIDDAY,473,5,0,0.02,1489,1,1,0
2026-04-27,EVENING,893,8,0,0.02,1349,2,1,1
2026-04-28,MIDDAY,136,9,1,0.05,1349,3,1,1
2026-04-28,EVENING,148,6,2,0.09,1349,2,1,1
2026-04-29,MIDDAY,250,9,2,0.09,1349,1,1,0
2026-04-29,EVENING,335,4,0,0.02,1349,2,1,1
2026-04-30,MIDDAY,341,5,1,0.05,1349,3,1,1
2026-04-30,EVENING,556,4,3,0.04,1349,1,1,0
2026-05-01,MIDDAY,542,6,2,0.09,1349,1,1,0
2026-05-01,EVENING,556,0,3,0.04,1349,0,0,0
2026-05-02,MIDDAY,469,5,2,0.09,1349,2,1,1
2026-05-02,EVENING,089,7,2,0.09,1469,1,1,0
2026-05-03,MIDDAY,164,6,1,0.05,1469,3,1,1
2026-05-03,EVENING,741,7,0,0.02,1469,2,1,1
2026-05-04,MIDDAY,963,9,2,0.09,1469,2,1,1
2026-05-04,EVENING,007,1,0,0.02,1469,1,1,0
2026-05-05,MIDDAY,840,7,0,0.02,1469,1,1,0
2026-05-05,EVENING,212,8,2,0.09,1469,1,1,0
2026-05-06,MIDDAY,202,5,1,0.05,1469,0,0,0
2026-05-06,EVENING,189,1,1,0.05,1469,2,1,1
2026-05-07,MIDDAY,616,9,0,0.02,1469,3,1,1
2026-05-07,EVENING,536,4,2,0.09,1469,2,1,1
2026-05-08,MIDDAY,894,3,1,0.05,1469,2,1,1
2026-05-08,EVENING,287,3,2,0.09,1469,0,0,0
2026-05-09,MIDDAY,804,0,2,0.09,1469,1,1,0
2026-05-09,EVENING,681,6,1,0.05,1489,2,1,1
2026-05-10,MIDDAY,458,3,1,0.05,1468,2,1,1
2026-05-10,EVENING,186,1,1,0.05,1468,3,1,1
2026-05-11,MIDDAY,484,1,1,0.05,1468,3,1,1
2026-05-11,EVENING,937,1,2,0.09,1468,1,1,0
2026-05-12,MIDDAY,162,0,1,0.05,1468,2,1,1
2026-05-12,EVENING,736,2,1,0.05,1468,1,1,0
2026-05-13,MIDDAY,958,0,2,0.09,1468,1,1,0
2026-05-13,EVENING,566,6,0,0.02,1468,1,1,0
2026-05-14,MIDDAY,113,0,1,0.05,1468,1,1,0
2026-05-14,EVENING,211,0,0,0.02,1468,1,1,0
2026-05-15,MIDDAY,220,2,2,0.09,0168,1,1,0
2026-05-15,EVENING,137,3,2,0.09,0168,1,1,0
2026-05-16,MIDDAY,451,2,0,0.02,0138,1,1,0
2026-05-16,EVENING,028,9,1,0.05,0138,2,1,1
2026-05-17,MIDDAY,280,5,1,0.05,0128,3,1,1
2026-05-17,EVENING,932,4,3,0.04,0128,1,1,0
2026-05-18,MIDDAY,707,1,1,0.05,0128,2,1,1
2026-05-18,EVENING,848,3,0,0.02,0128,1,1,0
2026-05-19,MIDDAY,917,8,0,0.02,1348,2,1,1
2026-05-19,EVENING,321,0,1,0.05,1348,2,1,1
2026-05-20,MIDDAY,597,5,1,0.05,0138,0,0,0
2026-05-20,EVENING,626,3,0,0.02,0138,1,1,0
2026-05-21,MIDDAY,050,8,0,0.02,1238,1,1,0
2026-05-21,EVENING,438,1,0,0.02,0138,3,1,1
2026-05-22,MIDDAY,223,2,1,0.05,0138,1,1,0
2026-05-22,EVENING,595,6,1,0.05,1238,0,0,0
2026-05-23,MIDDAY,453,8,0,0.02,1238,2,1,1
2026-05-23,EVENING,807,9,1,0.05,1238,1,1,0
2026-05-24,MIDDAY,529,7,1,0.05,0138,0,0,0
2026-05-24,EVENING,665,8,2,0.09,2358,2,1,1
2026-05-25,MIDDAY,844,9,1,0.05,2358,1,1,0
2026-05-25,EVENING,364,4,1,0.05,0258,0,0,0
2026-05-26,MIDDAY,097,8,1,0.05,2358,1,1,0
2026-05-26,EVENING,800,0,0,0.02,0389,2,1,1
2026-05-27,MIDDAY,134,1,2,0.09,0389,1,1,0
2026-05-27,EVENING,726,5,0,0.02,0389,0,0,0
2026-05-28,MIDDAY,633,3,0,0.02,3589,1,1,0
2026-05-28,EVENING,811,1,1,0.05,2389,1,1,0
2026-05-29,MIDDAY,104,9,0,0.02,0389,2,1,1
2026-05-29,EVENING,457,4,1,0.05,0389,0,0,0
2026-05-30,MIDDAY,398,5,1,0.05,3489,3,1,1
2026-05-30,EVENING,971,0,1,0.05,3589,1,1,0
2026-05-31,MIDDAY,076,1,1,0.05,1389,1,1,0
2026-05-31,EVENING,024,3,3,0.04,1389,1,1,0
2026-06-01,MIDDAY,773,1,1,0.05,0389,1,1,0
2026-06-01,EVENING,050,1,1,0.05,0378,1,1,0
2026-06-02,MIDDAY,757,3,1,0.05,0138,1,1,0
2026-06-02,EVENING,713,9,1,0.05,0138,2,1,1
2026-06-03,MIDDAY,354,1,2,0.09,0137,2,1,1
2026-06-03,EVENING,156,0,2,0.09,1357,2,1,1
2026-06-04,MIDDAY,747,0,2,0.09,0135,1,1,0
2026-06-04,EVENING,551,6,1,0.05,0137,1,1,0
2026-06-05,MIDDAY,178,3,0,0.02,0157,2,1,1
2026-06-05,EVENING,571,4,1,0.05,1357,3,1,1
2026-06-06,MIDDAY,563,8,2,0.09,1357,2,1,1
2026-06-06,EVENING,580,4,1,0.05,1357,1,1,0
2026-06-07,MIDDAY,771,9,2,0.09,1357,2,1,1
2026-06-07,EVENING,127,1,0,0.02,1357,2,1,1
2026-06-08,MIDDAY,187,6,2,0.09,1357,2,1,1
2026-06-08,EVENING,439,5,2,0.09,1357,2,1,1
2026-06-09,MIDDAY,828,8,0,0.02,1357,0,0,0
2026-06-09,EVENING,481,0,0,0.02,1357,1,1,0
2026-06-10,MIDDAY,570,4,1,0.05,1578,2,1,1
2026-06-10,EVENING,412,9,2,0.09,1457,2,1,1
2026-06-11,MIDDAY,005,2,1,0.05,1457,1,1,0
2026-06-11,EVENING,595,2,1,0.05,1457,1,1,0
2026-06-12,MIDDAY,190,0,2,0.09,0157,2,1,1
2026-06-12,EVENING,991,5,1,0.05,0157,2,1,1
2026-06-13,MIDDAY,274,0,2,0.09,0157,2,1,1
2026-06-13,EVENING,640,9,0,0.02,0157,1,1,0
2026-06-14,MIDDAY,775,9,2,0.09,0145,1,1,0
2026-06-14,EVENING,737,3,1,0.05,1457,1,1,0
2026-06-15,MIDDAY,828,6,1,0.05,1457,0,0,0
2026-06-15,EVENING,455,8,0,0.02,1457,2,1,1
2026-06-16,MIDDAY,258,3,1,0.05,1457,1,1,0
2026-06-16,EVENING,643,6,2,0.09,1457,1,1,0
2026-06-17,MIDDAY,492,6,1,0.05,1457,1,1,0
2026-06-17,EVENING,369,0,2,0.09,4579,1,1,0
2026-06-18,MIDDAY,875,1,2,0.09,4579,2,1,1
2026-06-18,EVENING,705,3,0,0.02,4589,1,1,0
2026-06-19,MIDDAY,876,5,2,0.09,4579,2,1,1
2026-06-19,EVENING,943,8,2,0.09,4579,2,1,1
2026-06-20,MIDDAY,436,6,1,0.05,4578,1,1,0
2026-06-20,EVENING,703,9,2,0.09,3459,2,1,1
2026-06-21,MIDDAY,871,6,1,0.05,3459,0,0,0
2026-06-21,EVENING,075,8,1,0.05,4579,2,1,1
2026-06-22,MIDDAY,795,1,2,0.09,0457,2,1,1
2026-06-22,EVENING,781,2,2,0.09,0579,1,1,0
2026-06-23,MIDDAY,604,7,2,0.09,5789,1,1,0
2026-06-23,EVENING,306,2,1,0.05,0579,1,1,0
